id,line_position
119633,001
42756,1.0
113694,4.0
39005,1.0
113696,20
56986,13
52039,Pos 1.0
49645,5.0
48150,1.0
51496,200.0
62488,1.0
60035,Pos. 1.0
115010,30.0
61959,7.0
71961,10.1
34407,Pos.7.0
34408,Pos.8.0
34752,Pos.1.0
54413,1.0
43824,15.0
47887,0.2t
115011,30.1
47909,4.0
49267,5.0
48480,1.0
47161,1
66095,Pos. 1.0
76850,270
71295,4.0
77885,Pos. 3.0
38963,1.0
57618,2.0 + 3.0
63251,5.0
68943,Pos. 2.0
47163,2
43685,Pos 50.0
62868,7.1
65828,1.0
58874,8.2
78537,2
74716,5.1
74326,20.0
71753,51
71715,2.0
39257,6.0
37740,1.0
69037,1.1
69621,4.0
47428,1.0
45055,8.0
38241,1.0
35124,2.0
71538,1.0
66649,22.0
47878,0.4a
42586,3
41520,4.0
117327,2.0
55127,6.0
59342,2.0
65915,Pos 2.0
43812,9.0
78824,Pos. 1
117326,1.0
48889,Pos.2.0
48305,1.0
51153,1.0
58875,9.0
56057,2.1
69617,2.0 + 3.0
52360,6.0
76510,17.03
74806,Pos. 3.0 + 10.0
40283,2.2.1
40163,6.0
47324,5.0
65389,3
48769,1.0
41163,3.0
72986,3.0
52355,1.0
65161,40
69655,2.0
60727,1.0
71744,42
78705,5.0
40150,3.0
48119,1.0
69350,7.0
63249,2.0
63233,1.0
52680,3.0
54188,10.0
54926,Pos 4.0
52424,Pos. 6.0
68783,Pos. 2.0
59866,12.5
56296,1
59863,13
52683,4.3
41422,Pos. 2.0
38953,020.1
66269,12.0
52687,6.2
56284,1
42972,1
46841,5.0
41915,Pos. 3.0
74311,3.0
74693,1.0
79969,Pos 2
70120,5.1
63255,11
68644,2.0
65486,1.0
61961,9.0
67170,Pos. 1.0
47250,1.3
58137,2.0
71725,30
69379,1.0
58558,1.2
43008,2.4
52772,1.0
69516,3.5 & 10.5
65911,Pos 1.0
66616,10.0
73984,Pos. 7.0
78355,Pos. 3
73342,Pos. 5.0
79100,1.0
49286,3.0
47322,3.0 & 7.0
56851,6.0
55287,1
58161,2
77536,3.0
77211,17.0
74315,7.0
76366,Pos. 9.0
75783,Pos. 3.0
77535,1.0
57632,2.0
54738,2
66404,3.0
69391,1.0
48484,11.0
42736,3.0
57382,8.0
51086,1.0
71680,20.0
33600,Pos.1.0
39302,4.0
39101,2.0
68714,1.0
54924,Pos 3.0
72654,Pos.1
71550,Pos. 3.0
73344,Pos. 7.0
72660,6.1
68209,140
66266,9.00
66648,21.0
45592,1.0
78088,1.0
78701,"2.0, 3.0 & 4.0"
56631,1
66643,2.0
76763,1.2
74002,5.0
76457,3
74324,15.0
42585,2
39147,2.0
77679,1.0
75710,2.0
52675,1.0
72873,2
57473,9.0
70067,1.0 - 1.1
74316,8.0
78133,4.0
70861,5.0
41644,1.0
69943,3.0
115012,30.2
71454,Pos. 1.0 + 1.5
40281,1.0
70413,Pos. 6.0
76851,280
52869,1
41913,Pos. 1.0
78895,3.0
65162,50
66096,Pos. 2.0
69951,12.0
66273,16.0
45594,2.0
75709,1.0
51628,3.0
42739,10.0
43684,Pos 40.0
66307,6.0
54925,Pos 3.5
59102,7.0
46014,110.0
49352,Pos 3.0
63250,2.1
32411,1.0
38964,2.0
79053,Pos. 3
77678,1.0
46586,1.0
47907,2.0
71743,42
68776,5.0
60883,6.0
57352,9.0
42749,9.9
44625,020.7
44303,1
56980,8b
33267,5.0
52040,Pos 5.0
46763,4.0
71731,30
78499,2.1 + 3.1
111865,2.0
40153,6.0
41537,1.0
57356,90.0
64842,7.0
69661,1.2
48482,2.0
59853,1.2
56979,8a
56983,11a
52684,5.0
54949,2.1
69522,19.0
63241,7.0
35390,Pos. 1.0
48176,1.0
45593,1.0
46795,1.1
53211,3.0
59098,3.0
57136,1.0
71727,30
68038,200
67234,Pos. 1.0
61955,3.0
58872,7.0
71684,100.0
75469,1.0
69709,3.0
78554,4.0
73842,1.1
31882,Pos.1.0
51611,6.0
70250,1.0
74322,13.0
76319,36.0
43258,5.0
46813,1
39970,1.1
65166,120
71739,40
71485,1.0
47087,1.0
55566,320
69512,4.0 & 6.0
69344,1.0
102123,35.1 -35.2
78405,1.0 + 2.0
74312,4.0
57138,3.0
55123,3.0
51633,6.0
43900,1.0
49660,2.0
68036,9.1
63244,10
68772,1.0+2.0
63351,2
78704,2.5 + 4.5
75472,10.0
63029,1
68334,2.0
34412,Pos.10.0
56625,5.3
71773,4.0
78131,2.0
65165,110
69968,3.0
43823,14.0
59867,12.5
33598,Façade Ouest
54245,8.0
54948,1.1
56981,9a
69897,70.0
69461,1.0 + 2.0
33597,Façade Nord
75437,1.0
43796,1.0
41421,Pos. 1.0
53207,1.0
52313,1.0
52677,1.4
71751,42
60036,Pos. 2.0
65509,2.0
62763,8.8
52679,2.2
57636,2.0
52041,Pos 10.0
77904,6.0
76453,1
49270,51.0
69592,Pos. 2.0
64162,Pos.1.0
53906,3.0
58871,5.0
31869,1.0
39093,2.1.2
46837,3.0
49257,2.0
58986,7.0
51615,9.0
74695,2.1
75504,Pos. 3.0
42997,15.0
47319,1.3
67743,Pos 9.0
69900,210 - 216
65953,Pos. 2.0
38239,1.0
39032,1
58879,13.0
72985,2.0
71357,Pos. 2.0
60359,5.3
68044,14
41441,1.0
56122,1.0 / 2.0
50770,2.0
57635,1.0
65973,Pos. 3.0
65921,Pos 7.0
65167,130
46839,4.0
42741,12.0
43811,8.0
31772,Pos.1.0
69810,5.1
57886,1.1
46797,1.2
42738,5.0
54179,5.0
56632,2
53492,2
59864,14
66556,1.1
70860,3.0
55986,30.0-38.0
33264,2.0
33599,Façade sud-est
62866,2.1
68220,150-152
65918,Pos 5.0
69738,2.0
65505,1.0
61706,1.0
67811,2.0
69520,17.0 & 22.0
38828,2.0
34403,Pos.2.0
72655,Pos. 2
73872,6.0
40282,2.0
61605,1.0
71747,42
70822,6.0
38154,1.0
33603,Pos.4.0
69581,1.0
45814,3.0
52678,2.0
59097,2.0
33606,Pos.6.0
49274,30.0-38.0
47429,2.0
69941,1.0
72136,Pos. 30.0
35874,1.0
37745,7.0
114500,30.0
40113,2.1.3
46010,1.0
40284,2.2.2
47164,3
72722,2.0
70069,3.1
71741,40
65187,3.0
56330,1
50117,1.0
71742,42
40159,2.0
47318,1.0
66288,31
60882,5.2
74245,1.1 & 2.1
55406,1.0
50382,10+11+12
53845,Pos 1.0
47883,0.5b
52422,Pos. 4.0
51909,Pos. 76
54715,2.0
54790,1.0
78353,2.1
66265,8.0
47321,2.1
56876,Pos 1.0
57831,5.5
46788,1.0
43876,7.0
79825,Pos.6.0
33271,9.0
39311,8.0
65056,1.0 / 2.0
42061,1.0 - 4.0
75919,30.0-30.4
51612,6.3
50713,1.0
36451,2.0
69301,2
46758,4.0
75732,Pos. 1
54814,1.0
58834,2
34727,Pos.1.0
71852,4.0
77889,Pos. 4.0
42994,7.0
41518,2.0
41914,Pos. 2.0
54486,Pos.1.0
62490,14.0
114501,30.4
37741,2.0
46011,2.0
78360,Pos.1
52379,2.0
121828,1.0
38240,1.0
38965,3.0
72300,2.0
72987,3.0
56969,2b
45712,1
64840,2.0
72302,4.0
56975,6a
40929,1.0
41093,Pos. 2.0
38156,4.1
65164,90
67742,Pos 8.0
52335,1.0
56857,5
55408,3.0
58138,3.0
42974,3
47075,Pos.2.0
41423,Pos. 3.0
32149,1.0
69723,6.0
59865,11
58876,9.2
56978,7b
37897,1.0
79415,1.0 + 2.0
56957,1.0
53905,2.0
74595,1.0
71683,30.0 - 30.12
42868,2.0
40313,2.0
45992,1.0
59855,2.1
54033,Pos 40 & 50
56292,1
66268,11.0
64165,Pos.4.0
42108,1.0
48414,2.0
74317,9.0
53846,Pos 2.0
51154,2.0
47208,1.0
58877,11.0
57631,1.0
63269,1.2
69518,7.5
78384,Pos. 4.0
73967,1.0
45710,2.0
74309,1.0
41906,Pos.2.0
57885,1.0
57016,3.0
71758,80 - 82
71677,10.0
79711,Pos. 11.0
63032,11
52686,6.0
49894,2
78702,"2.0, 3.0 & 4.0"
78134,5.0
78366,Pos. 3.1
52378,1.0
53181,Pos 20.0
64163,Pos.3.0
75199,20_02
79472,3.0
58873,8.0
52027,Pos 1.0
58912,3.0
51631,4.1
55124,4.0
49272,52.0
43293,Pos.1.0
49688,4.0
75470,3.0
56947,3.0
51849,2.0
33568,1.0
52423,Pos. 5.0
58827,3.0
77903,4.1
63293,1.0
62378,1.2
73021,2
72096,1
78696,1.0
51037,2
33571,5.0
49662,5.0
48102,Façade Nord
74313,5.0
62684,2.1
60044,4.0
68213,100-103
69408,1.2
79968,Pos 1
69742,1.2
66270,13.0
49513,2
55122,1.0 + 2.0
51609,4.0
68211,142
64121,1.0
48391,4.0
47101,Pos.1.0
54201,2
57895,1.0
74530,130.1
66103,1.0
60729,2.0
71541,4.0
78700,1.0
63247,11.5
43820,12.0
54739,1
32286,1.0
71954,10.1
78536,1
59070,5.0
56972,4b
62489,13.0
66665,position 9.0
69304,5
69532,18.0
67756,Pos 2.0
70068,2.1 - 2.2
38155,4.0
57353,10.0
77201,65
72709,12.0
65825,3.0
46012,3.0
45562,1.0
47323,4.0
31856,2.0
76807,Pos. 1.0
51728,5.0
42869,2.1
49275,16.0
72304,6.0
70074,2.0
64868,1.0
61962,10.0
38794,080.0
40670,1.0
72823,Pos. 30.0
79433,3.0
78352,Pos. 2
55649,1.0
58140,5.0
65972,Pos. 2.0
39297,1.0
35663,Pos.1.0
58145,10.0
75210,2.0
34402,Pos.1.0
42987,Pos. 3.0
63253,8.0
67744,Pos 10
76347,1.0
79056,Pos. 5
55414,2
72832,Pos. 1.0
52314,2.0
54176,3.0
78269,1
78361,Pos. 1.1
46013,4.0
38827,1.1
77873,1.0 / 1.1
71069,Pos. 2.0
52688,6.4
49353,Pos 4.0
40161,4.0
32150,2.0
112703,1.0
45811,7.0
69579,2.0
68321,2.0
39007,2.0
39307,6.0
37873,2.0
72235,1.0
70249,1.0
58139,4.0
112704,20.0
46016,110.1
33591,Pos.1.0
59854,2.0
71733,40
40405,1.0 + 2.0 + 3.0
60523,Pos 2.5
57680,2.0
73721,15.2
71706,1.1
78720,Pos. 3.0
77883,Pos. 3.0
50868,4
55401,4.1
59361,1.0
56636,1
66303,2.0
63352,3
35582,4.0
52357,3.0
54950,2.2
56967,1c
42075,1
67004,2.0
69724,7.0
71735,40
74973,Pos. 2.0
45583,2.0
48104,Enseigne intérieur
74320,11.0
79976,1
49256,1.0
45582,1.0
47879,0.6a
42740,11.0
76455,2 a & b
54740,5.1
57040,5
56943,1.0 & 2.0
66272,15.0
62794,1.0
77708,2.1
57630,1.0
54786,4.0 + 5.0
56971,4a
48685,2
47910,5.0
42748,9.6
45994,2.0
64838,1.0
41517,1.0
40389,Pos.6.0
52538,1.0
51630,4.0
50772,4.0
31963,Pos. 1.5
38242,2.0
78703,"2.0,3.0 & 4.0"
69981,6.0
76409,1
43825,16.0
60037,2.5
56123,3.0
59857,2-9
31870,2.0
74974,Pos. 2.0
72984,1.0
65168,230
39305,5.0
48888,Pos.1.0
40547,1
76348,2.0
64122,2.0
69710,3.1
56619,3.1
41551,2.1
44034,1.0
76849,160
78368,Pos. 5
74314,6.0
35062,1.0
43233,1.0
48797,1.0
67734,Pos 1.0
78726,Pos. 1.0 + 1.5
93672,3.0
121288,6.0
58439,1.0
56621,4.0
56620,3.2
59093,Pos. 1.0
71293,1.0
61841,1.0
75395,Pos. 20
49661,4.0
34404,Pos.3.0
51038,3
40915,Pos. 3.0
42995,13.0
46805,2.0
52061,2.0
50273,Pos 1.0
78364,Pos. 2.1
69471,4.0
68313,2.1
52028,Pos 2.0
56617,2.0
54671,1.5 (Variante)
37746,8.0
41903,Pos.1.0
46836,1.0
45563,1.0
67684,13.1
66560,5.0
76167,300 / 301
77872,1.0 / 1.1
71610,3.1
48153,2.0
58985,6.0
54184,8.0
52775,4.0
113659,20
71679,15.0-15.3
52694,9.3
49942,61.0
36089,Pos.4.0
40148,1.0
78813,160
69470,2.0
69645,1.0 + 3.0
57684,2.0
52356,2.0
75903,15.0
68422,1.1
68218,110.0
38237,1.0
37588,Pos 2.0
31930,1.0
60730,3.0
69910,3.0
42870,2.2
78354,2.2
74319,10.0
52691,8.0
56852,1
53904,1.0
69662,2.1
46863,10.1
45564,2.0
43059,1
39844,Pos.14.1
51724,3.0
58684,1.0
79355,1.0
45709,1.0
40160,3.0
43816,10.0
66555,1.0
66275,18.0
76773,3.0
49947,12.0
47744,1.0
68096,24.0
69302,3
73720,15.1
72989,4.0
73843,1.4
57686,1.0
35334,3.0
70833,1.0 & 2.0
74603,90
41771,8
65356,5.0
47884,0.6b
49258,3.0
43052,2.0
71746,42
76886,1.0
72968,2.0
39010,6.0
39300,3.0
121963,POS. 1
68831,3.0
60885,7.0
67814,5.0
33604,Pos.5.0
34410,Pos.9.0
71738,41
40149,2.0
43874,3.0
58143,8.0
56970,3a
64640,1.0
39092,2.1.1
37590,Pos 3.0
76345,2.0
54200,1
75609,1.0
71294,3.0
121964,POS. 2
56984,6
57634,2.0
49288,5.0
38829,3.0
56634,4
50274,Pos 2.0
72455,1.0
121954,1
39146,1.0
56562,3.0
54235,8.0
63918,1.1
69346,2.0
66561,10.0
78820,1.0
40776,30
58141,6.0
58160,1
72301,3.0
71051,16-20
36065,50_06
63291,3.0
50381,13
37743,4.0
47881,0.1b
68208,5.1
64113,6.0
85543,2.0
51157,3.0
75385,10.1
39298,2.0
35583,5.0
40123,Pos 1.0
63350,1
52682,4.0
79051,Pos. 2
77887,Pos. 4.0
55650,2.0
51626,2.0
44353,2
68942,Pos. 1.0
62736,1.0
74321,12.0
47848,165
63235,2.3
69901,220 - 222
69909,1.0
78135,6.0
71724,30
71752,50
32289,2.0
31962,Pos. 1.0
47922,2
46015,5.0
78356,3.2
77394,1.0
53338,1.0
60745,3.0
33489,4
76349,3.0
44477,01
47552,1.0
50771,3.0
69463,4.0
49944,66.0
78389,Pos. 1.0 + 1.5
71771,2.0
74323,14.0
46793,1.0
43993,1.0
48108,1.0
36198,210.0
54171,1.0
68629,17.1
71690,30.0 - 30.12
72311,Pos 1.0
51620,23.0
54922,Pos 1.0
42232,2.0
79432,2.0
71850,1.0
40859,1.0
35400,2.0
58853,20.0
78357,3.3
79054,Pos. 4
78390,Pos. 1.0 + 1.5
31925,Pos.2.0
49046,1.0
48400,1.0
49287,4.0
53914,1.0
53444,1.0
121905,3
76458,4
71057,Pos. 3.0
37586,Pos 1.0
61954,2.0
65355,4.0
41819,P1 - P8
66260,3.0
66262,5.0
49641,2.0
49262,9.0
43712,1.0
42737,4.0
114998,20.0
74155,2.4
52697,1.0
62739,3.1
62740,4.1
75394,Pos. 8.0
74789,1
58144,9.0
59856,1
50865,2
67745,Pos 11
66666,position 12
66558,3.0
60825,3.0
52676,1.2
50383,14
32648,Pos.6.0
69949,11.0
69656,4.0
67275,1.0
45711,3.0
48891,Pos.4.0
63031,2+5+11
69043,1.0
47385,4
46899,Pos.1.0
52773,2.0
71060,Pos. 5.0
35184,Pos.2.0 Façade
69591,Pos. 1.0
56946,2.0
59099,4.0
40914,Pos. 1.0
75514,Pos. 2.0
77588,9.0
33601,Pos.2.0
54716,2.0
64166,Pos.10.0
67741,Pos 7.0
79049,Pos.1
76257,1.0
56877,Pos 2.0
33268,6.0
33570,4.0
61960,8.0
69626,1.0
77200,10.1
71732,40 / 41
71542,10
71540,3.0
41907,Pos.3.0
43294,Pos. 2.0
43821,13.0
54178,4.0
58590,Pos.1
55942,1.0
34361,2
49648,8.0
78504,1.0
77404,4.0
37099,1.0
59858,2-9
40152,5.0
52724,1.0
60244,30
61834,4
60245,31
69707,1.0
57792,Pos.2.0
71539,2.0
76318,35.0
73710,4.0
31855,1.0
56855,4
59341,1.0
65163,70
69741,1.1
49647,7.0
51629,3.1
72721,1.0
74347,12.1
71750,42
39314,10.1
50373,1.0
50215,1.0
48415,2.1
75386,65.0
66994,8.0
66618,11.0
62619,1
56973,5a
57934,2
40404,2.0
57310,1.0
62738,2.1
64110,4.0
121906,4
40464,1.0
56982,10a
52774,3.0
52337,2.0
57139,3.1
64112,5.0
77901,2.1
72312,Pos 2.0
54365,Pos.7.0
58508,1.0
37283,090.0
71737,40 / 41
48483,11.0
42973,2
65794,40
69740,1.0
57347,20_00
121907,5
68217,110.0
39565,2.0
49659,1.0
63268,1.0
66280,23
64116,8.0
68216,110.0
76419,2.1
78497,1.0
37748,10
54180,6.0
51851,3.0
50773,5.0
60280,2.0
66644,2.1
61953,1.0
52060,1.0
58984,4.0
55409,4.0
72408,Pos. 11.0
76771,1.3
77402,3.0
78906,Pos. 4.0
31617,Pos.2.0
120369,1.0
66287,30
43818,11.0
61963,10.0
45053,1.0 / 2.0
70859,3.0
50301,Pos 2.0
32287,1.0
60743,1.0
66264,7.0
64841,3.0
70412,Pos. 4.0
75200,20_05
36450,1.0
45713,2
49263,9.0
49265,10.0
60281,3.0
51613,7.0
39256,4.0
35263,1.0
89854,1.0
67815,6.0
57916,2.0
49284,1.0
67740,Pos 6.0
76358,1.0
49259,4.0
32410,2
33266,4.0
62510,1.1
71678,11.0 / 11.1
70862,10.0
79827,Pos. 7.0
121908,6
49953,14.0
35580,1.1
44657,Pos. 151
75923,24.0
71681,21.0 / 23.0
78182,1.0
71356,Pos. 1.0
61707,2.0
58026,4
48890,Pos.3.0
47885,0.0c
78078,1.0
71748,42
68830,2.0
39564,1.0
56853,2
48152,2.1
35232,1
39258,7.0
34406,Pos.6.0
63234,1.1
65159,22.1
40916,Pos. 4.0
49268,50.0
58870,3.0
36199,210.1
42584,1
71729,30
78716,Pos 1
63272,3.2
63242,7.1
57953,1.0
49512,1
56976,6b
71726,30
71058,Pos. 4.0
69040,2.0
35491,2.0
36152,200.0
56088,1.0 / 2.0
55320,2.1
78406,3.0
66306,5.0
34362,3
73886,Pos 5.2
75921,23.0
40124,Pos 2.0
55379,4.0
45584,2.0
36384,Pos. 3.0
52685,5.3
55125,5.0
51608,3.1
54784,3.0
61957,5.0
65158,22
65954,Pos. 3.0
48695,Pos.1.0
49273,52.0
72967,1.0
53143,1
59068,3.1
56076,1.0
66013,Pos. 1
61965,16.0
77902,4.1
77589,10.0
63236,2.5
69953,13.0
42747,8.0
49285,2.0
34095,Pos.4.0
69529,23.0
78132,3.0
78374,1
76418,1.1
71745,42
121909,7
50723,2.1
59859,2-9
69381,3.0
52180,1.0
75438,2.0
76075,20_00
77032,2.0
49027,19
42468,50
121910,8
58556,1.0
69708,2.0
64839,1.1
50769,1.0
57915,1.0
58142,7.0
51607,2.0
63243,7.3
48151,1.2
41290,Pos. 1.0
45054,6.0 / 7.0
51848,1.3
51847,1.0
31871,3.0
41291,Pos. 1.5
121911,9
48485,11.0
69462,3.0
66281,24
63271,3.0
69660,1.1
71053,Pos. 1.0 & 2.0
54787,6.0
60246,50
66267,10.0
78183,1.1
77213,17.0
71682,22.0 / 24.0
43062,1.0
48115,1.0
57888,3.0
59067,3.0
67261,7.0
63033,4
37742,3.0
33602,Pos.3.0
70073,2.0
72988,4.0
70403,4.1
69303,4
63245,10.1
66557,2.0
50722,2.0
40984,1.0
57633,2.0
76015,3.1
76456,2.1 a & b
77663,68.0
69946,4.0
66279,22
68773,3.0
65745,2.0
120775,1
71716,3.0
76040,1.0
57791,Pos.1.0
52639,Pos 2.0
60991,2.0
77878,2.0
73709,1.0/2.0/3.0
42076,2
47249,1.2
49260,7.0
69493,6300
57793,Pos.4.0
52696,10.3
42734,1.0
43804,4.0
46230,Pos.2.0
72303,5.0
78894,1.0+2.0
39006,1.1
120776,2
35399,1.0
57355,17.0
120777,3
66663,position 3.0
58027,5
120778,4
76725,1.0
45813,1.0
53213,4.0
73955,1.5
66263,6.0
120779,5
63105,1.1
120780,6
120781,7
47184,1
49261,8.0
42986,Pos. 2.0
38952,020.0
76344,1.0
43875,3.1
47880,0.7a
54923,Pos 2.0
78500,2.2 + 3.2
78738,Pos. 3.0
31773,Pos.2.0
56563,4.0
54181,7.0
56977,7a
42979,210.0
41791,Pos.3.1
69593,1.0
69570,1.0 - 4.0
67806,5.0
73844,2.1
71736,40
73790,3.1
45585,2.0
62777,Pos 2.5
60744,2.0
50046,101
56987,16
40671,2.0
71486,1.1
70416,39.0
77900,2.0
69313,2.4
69983,6.0
63270,2.0
40822,7
56965,1a
40823,8
47882,0.3b
47906,1.0
33593,Pos. 3.0
75473,11.0
71730,30
120782,8
56858,6
51722,1.0
52421,Pos. 3.0
51624,1.0
66305,4.0
40824,9
66278,21
68844,2.0
50867,3
58591,Pos. 1.1
51632,5.0
31547,1.0
76892,Pos. 6.0
56958,2.0
78365,Pos.3
74325,15.1
75733,Pos. 4
77664,69
79038,70.1
56831,3.0
69380,2.0
65530,100.0
79453,1.0
63246,11.3
66938,8.0
58727,10.0
37749,11.0
59274,div.
51627,2.1
113654,4.0 + 5.0
53344,Pos.1.0
66097,Pos. 3.0
69517,4.5 & 6.5
40825,10
83922,2.0
49943,65.0
70252,2.0
77876,1.0
120783,9
50009,1.0
39845,Pos.15.0
47911,109
61636,3.1
40826,11
120784,10
45986,1.0
35401,3.0
54783,1.0
59064,1.0
66285,28
66284,27
40827,12
67809,1.0
65920,Pos 6.0
43901,2.0
40829,14
121770,1
54173,2.0
49893,1
120785,11
43805,5.0
40830,15
76317,31.0
68322,3.0
68212,143
63254,8.1
68210,141
54670,1.0
57933,1
44972,3.2
69519,9.5
69531,8.5
65997,1.0
71728,30
72822,Pos. 20.0
78362,Pos 1.2
40831,16
66277,20
69954,14.0
42263,2.0
41770,1 & 1.1
47248,1.1
120786,12
57647,1.0
52359,5.0
78270,2
73343,Pos. 6.0 + 8.0
71770,1.0
74694,2.0 / 3.0
120787,13
69898,71.0
66271,14.0
68214,120-121
47320,2.0
120788,14
71749,42
49266,5.0
46806,2.1
47908,3.0
120789,15
57687,1.1
51139,1
73020,1
67810,109
42735,2.0
57678,1.0
50604,9.0
33607,Pos.7.0
120790,16
56974,5b
55104,3.0
53166,5
74057,100
74310,2.0
120113,1.0
120114,2.0
40832,17
60173,1.0
66464,1.2
64106,1.0
66286,29
76511,17.03
73954,1.0
40833,18
56019,Pos.1.0
51726,4.0
52693,9.0
67687,16.1
71722,20 / 21
32692,Pos. 1.0
51625,1.1
121771,1
76502,Pos. 1.0 + 1.5
42985,Pos. 1.0
40151,4.0
45591,1.0
49264,10.0
67738,Pos 4.0
69622,5.0
120791,17
31872,4.0
54788,2.0 + 3.0
59276,03
40777,40
42262,1.0
70171,Pos. 1.0
62776,Pos 2.5
121772,2
72723,3.0
46030,9.0
41519,3.0
33573,6.0
35581,3.0
71755,54 / 57
78363,Pos. 2
69345,1.1
66282,25
52358,4.0
59100,4.0
71772,3.0
78825,Pos. 2
35054,1
47656,1.0
47349,2.0
65388,2
99876,8.0
120792,18
61662,3.1
67813,4.0
49941,60.0
44352,1
34658,2.0
121773,3
99604,Pos. 2
38380,1.0
37747,9.0
57696,2.0
54414,2.0
53491,1
121774,4
69899,200 - 207
66667,position 14
91209,1
40834,19
32412,2.0
68774,4.0
51147,Pos.1.0
57833,7.5
58854,21.0
56830,1.0
56637,2
59066,2.1
48686,6
47652,1.0
33272,10.0
41772,10
52692,8.3
59101,6.0
40836,21
47921,1
66304,3.0
36090,Pos.5.0
52361,109
59096,1.0
58855,22.0
51614,8.0
120793,19
47325,6.0
40896,1.0
62737,1.1
58878,12.0
52681,3.3
56635,1
40775,10 / 20
69969,4.0
69737,1.0
47886,0.0d
54785,2.0
54826,2.0
121775,5
40356,Pos 1.0
68816,1.1
39312,9.0
55407,2.0
49271,51.0
42996,14.0
46228,Pos.1.0
47185,2
120705,1.2
58162,"3 , 4, 5"
66650,23.0
53142,1.0
51634,7.0
66993,1.0 - 3.0
106095,2.0
56966,1b
33269,7.0
31822,Pos.1.0
67739,Pos 5.0
66647,20.0
69947,5.0
64107,2.0
58168,3.1 + 5.1
63273,4.0
35064,2.0
52102,2
56616,1.0
58559,1.3
53209,2.0
69616,1.0
120706,3.2
33569,2.0 / 3.0
120794,20
120795,21
50857,Pos.1.0
109675,11
84198,4.0
87438,9.0
80814,Pos. 111
65916,POs 3.0
68320,1.0
56622,5.0
69704,1.0 + 2.0
120796,22
52695,10.0
52380,3.0
83646,1.0
83629,1.0
85957,1.0 + 3.0
35185,Pos.8.0
55103,2.0
56944,3.0
120797,23
88820,Pos. 5.0
86304,5.0
34659,3.0
99049,1.0
63252,5.1
69942,2.0
60990,1.0
82427,1.0
90378,12.0
99387,1.0
56633,3
86382,2.0
86743,3.1
86643,2.1
82131,4.0
69580,1.1
61958,6.0
56833,7.0
54789,1.0
88548,Pos. 4.0
83806,1.1
68775,4.1
80051,4.0
83103,4.0
81328,5.0
34103,Pos.5.0
59275,09
59861,2-9
51791,Pos.1.0
52961,Pos 11.0
59065,2.0
99003,4.0
69348,5.0
69444,Pos. 12.0
82146,2.0
64536,1.0
97304,4.0
91503,8.0
86409,6.0
83119,10.0
57725,1.0
85636,5.0
68782,Pos. 1.0
111892,10.4
99313,5.0
31932,2.0
33608,Pos.8.0
38955,020.7
91569,1.0
53339,5.0
34728,Pos.4.0
51610,5.0
80904,Pos. 100.1
82320,1.0 + 2.0
57777,1.0
52656,6.0
56854,3
99365,4.0
99148,1.0
99356,5.0
52654,6.0
58869,1.0
99002,3.0
99297,1.0
81320,1.0
83637,1.0
35345,Pos.7.0
31725,Pos. 1.0
60728,1.0
68829,1.0
86590,Pos. 6.0
98970,4.0
90327,330
90382,20.0
98968,2.0
31733,1.0
69931,10
69311,1.1
31923,1.0
85581,1.0
98983,6.0
105432,Pos. 1.0 + 1.5
50866,3
98980,3.0
90371,5.0
101541,Pos. 1.2
107397,6.0/7.0
81182,Pos. 1.0 + 1.5
80817,Pos.112.1
89080,1
69819,130.0
69970,5.0
69528,2.5
55128,7.0
98978,1.0
92470,7.0
99404,4.0
56561,2.0
104101,Pos 4
67812,3.0
52689,7.0
96437,340
98984,6.7
91768,4
107376,5.0
107155,20
107611,1.0
88262,1.0
35187,Pos.10.0
67736,Pos. 3.0
69967,1.0
67798,2.0
57137,2.0
56089,3.0
81357,1
82039,1.1
83114,2.0
66559,4.0
37750,12.0
113650,1.0
107240,1.0
108858,2.1
99050,2.0
99060,3.0
99141,4.0
97789,1.0
86383,3.0
51723,2.0
104367,Pos. 2.0
113651,2.0
96014,Pos. 1.0
96017,Pos. 3.0
55722,7.5
50716,1.0
85570,3.0
86855,Pos 6
81157,Pos. 1.0 + 1.5
107729,2.1
107488,1.0
64641,2.0
94985,1.0
92290,1
99111,1.0
57629,1.0
113652,"3.0, 4.0, 5.0 6.0"
107514,5.0
83929,3.1
90379,13.0
99402,2.0
81608,6.0
85638,1.0
88266,2.0
104099,Pos 2
102227,1.1
108955,2.0
65829,2.0
99267,3.0
97301,1.0
98934,1.0
56056,2.0
50852,1.0
99424,2.0
35891,1.0
104350,2.0
113655,5.5
90376,10.0
93968,1.8
90079,1.0
65917,Pos 4.0
107701,3.0
81333,11.0
85651,251
81212,2
107652,3.0
109228,7.0
105118,1.0
63030,1
57311,Pos. 4.0
59862,2.5
89478,2.0
83933,3.1
49029,21
90211,3.0
99007,7.0
99265,1.0
98929,2.0
94289,1.0
107363,Pos. 1
109573,3
39254,1.0
58833,1
51140,2
56850,7.0
56968,2a
99373,1.0
85047,Pos. 4.0
87841,2.0
100231,5
102234,6.0
104387,5.0 / 7.0
39843,Pos.13.0
65188,4.0
69932,30
85644,5.0
82127,2.0
99382,4.0
99343,3.0
96674,Pos. 2.0
93705,110
107396,5.0
85593,2.0
85642,3.1
85529,1.0
87060,1.0
63797,3.1
69312,2.1
99416,7.0
99435,3.0
49031,23
89495,Pos. 4.0
81324,4.0
83825,1.0
82322,POS.1
105173,Pos. 1.0
103142,4.0
106582,1.1
98562,6.1
95113,Pos. 3.0
65952,Pos. 1.0
107560,3.0
86640,2.0
87371,1.0
34657,1.0
94715,1.0
87683,1
80788,11.1
86721,1.1
107717,1.0/2.0
107373,2.0
64117,9.0 / 10.0
64109,3.0
84015,3.1
88629,2.0
99393,3.0
94149,3.0
41385,1
103808,4.0
31616,Pos.1.0
88088,1.0
84006,2.1
107609,1.0
91391,Pos. 1
87125,2.0
82049,1.0
100181,3.0
103086,4.0
67816,Pos. 1.0
63256,11.1
90208,1.0
99413,5.0
85221,4.0
115410,1.0
102071,1.0
107406,2.0
107709,11.0
101312,8.0
86386,6.0
81185,1.0
83300,1
93704,5.0
96436,310
61964,15.0
69722,2.0
65157,20.2
99363,2.0
99041,6.0
107589,2.0
101051,10_13
102427,28
87139,6.0
85834,5.0
39009,3.1
31857,2.1
60279,1.0
120869,1
91424,10
99426,4.0
86641,2.0
88937,20
36382,Pos. 1.0
39151,3.0
33263,1.0
120870,2
107571,3.0
88816,Pos. 1.0
98709,5.0
94986,2.0
123241,1.0
104879,1.2
85767,Pos 2.0
84876,1.0
84116,1.1
104355,1.0
107465,1/2/3
35969,1.0
109678,1.2/2.2
110053,10
86373,1.1
83648,1.0
81254,6.0
96501,1.1
98415,Pos. 30.1
107239,2.0
105119,2.0
31934,3.0
33746,Pos.1.0
108056,4.0
107694,4.0
99000,1.0
92764,Pos. 1.0
85586,4.1
107757,2.0
107562,5.0
31924,1.2
82055,7.0
83115,4.0
85055,Pos. 11.0
90807,8.0
99099,3.0
99873,5.0
107676,1.0
120871,3
85220,2.0
99058,1.0
99268,4.0
99053,1.0 + 2.0
33270,8.0
37470,Pos.3.0
107719,4.0
102412,13
105365,5.0
90800,1.1
120872,4
35579,1.0
107688,3.0
98918,Pos. 3.0 + 4.0
94365,1.1
99140,3.0
105105,30-30.1
107590,3.0
106092,1.0
106016,3.0
98935,2.0
94118,Pos. 35.1
104461,4.0
105075,1.0
105583,35.5
99113,3.0
93768,3.0
112871,1
107378,2.0
102135,1.0
107978,1.0
108954,1.0
83624,2.0
115411,2.0
103326,1.0
101540,Pos. 1.0
120873,5
98913,2.0
96055,7.0
82111,1.0
86703,3.8
102232,5.0
107235,2.0
107599,1.0
107686,1.0
106145,2.0
96619,1.4
97144,1.4 / 2.4
99132,6.0
92775,110
103183,Pos. 5.1
106097,4.0
101307,4.0
103410,6.0
110503,5.0
114617,2.0 /3.0
111890,10.0
98989,11.0
108055,3.0
81286,100
87490,4.1
101313,9.0
102223,20.0 - 20.3
107578,1.1
80892,Pos. 2.0
82134,3.0
86188,17.1
101128,5.1
107641,1.0
102431,32
98986,8.0
99403,3.0
107489,2.0
107365,Pos. 4
107650,2.0
85341,2.0
92472,8.0 + 8.1
99066,9.0
93369,3.1
98413,Pos. 3.0 + 8.0
106135,210
106048,1.0
102428,29
93767,2.0
93707,2.0+3.0+4.0+5.0
91761,1
83807,1.1
107569,1.0
104974,Pos. 1.0 + 1.5
111882,5.4
86401,0.5
85650,250
83638,2.0
81327,4.0
90326,260
99006,6.0
91021,2.0
108488,1
107722,2.0
103363,7.0
87053,2.0
99097,1.0
98919,5.0
120874,6
83643,1.0
107246,1.0
113634,5.0
97769,3.0
110546,1.0
110342,1.0
107377,1.0
107730,3.0
81326,4.0
80903,Pos. 100
110683,1.0
99793,Pos. 5.5
91256,2.1
104942,1.0
103820,1.0
88276,Pos. 1.0 Seite Fassade
83991,5.1
107712,2.0
107584,2.0
83782,5.0
85216,1.0 / 3.0
115368,30.5
99098,2.0
92514,1.0
102406,7
80293,1.0
85340,1.0
108769,1.0
100526,Pos. 1.0 + 1.5
112882,5.0
111884,6.2
113701,1.0 I 2.0
110688,1.0
98971,5.0
99280,4.0
102430,31
99364,3.0
85590,3.0
104352,4.0
107761,7.0
91409,2.1
119297,1.0
117944,1
113636,7.0
111872,8.2
110540,1.0
112047,6.0
120875,7
99311,3.0
92966,2.0
99874,6.0
88136,1
102418,19
107460,3.0
81329,5.0
90363,Pos. 2.0
98922,8.0
114315,2.2
113637,10.0
103137,4
107721,1.0
104368,Pos. 3.0 + 4.0
111267,2
99437,5.0
99038,3.0
120876,8
84196,2.0
89222,3.0 + 7.0 + 10.0
110895,Pos. 1.0
107657,8.0
104119,3.0
86284,7.0
86701,1.5
107605,1.0
109860,7.0
110897,Pos. 1.2
90706,4.0
117128,Pos. 1-2-3
107856,8.0 / 9.0
107404,3.0
107680,5.0
99309,1.0
88106,3
107152,20
101649,20.1
84802,2.0
81251,1.0-3.0
88104,1
112949,Pos. 1.0
118301,1.0
90361,Pos. 1.0
85977,5 + 6
82323,POS.2
105254,1.0
112917,5.1
90383,15.0
92751,1.0.
102897,1.0
111068,3.0
94334,5.0
87436,1.0
86849,Pos 4
85768,Pos. 3.0
88628,1.0
107601,4.0
107505,1.0
113631,3.0
111894,11.0
111948,10.0
104459,2.0
83667,3.0
85809,5.0
111883,6.0
100126,Professional
102433,34
107511,2.0
84803,3.0
86746,Pos. 1.0
86404,2.0 + 3.0
101542,Pos. 1.1
108005,6.0
108699,Pos 8.0
99062,5.0
99434,2.0
93702,3.0
91501,1.0
36362,8.0
107594,3.0
81319,1.0
89968,1.0
89179,1
117410,3.0
107244,1.0
104385,4.0 / 6.0
103939,3.0
95439,Pos. 1.0
99061,4.0
92398,1
81613,1.0
86407,2.5 + 3.5
107616,1.1
107678,3.0
99086,7.7
90210,2.0
99603,Pos. 1
95813,1.0
98412,Pos. 2.0 + 7.0
84124,1.0
86249,1
102437,38
107457,3.0
106093,1.1
102136,2.0+3.0+4.0
102405,6
108815,Pos. 1.0
107475,9.0
112707,2.5
111888,9.4
97302,2.0
90793,1.0
81252,4.0
82112,2.0
110772,1.2
112116,2.2
90373,7.0
99064,7.0
80893,Pos. 10
107723,3.0
86280,1.0
89651,1b / 1c
107459,2.0
80812,Pos. 110
99392,2.0
91764,3
87185,Pos 5
82140,4.0
107644,3.0
91763,2
99870,1.0
86230,5.0
111886,9.0
115837,10
114451,2.0
102414,15
107234,1.0
107513,4.0
114835,20
112716,2.5
120877,9
107718,3.0
90806,7.0
99036,1.0
117321,1.0
112874,4
87236,Pos: 2.0 - 4.0
81188,2.0
83786,2.0
107579,2.0
107241,2.0
107779,2.0
98917,Pos. 1.0 +2.0
103136,2
80390,1.0
87840,1.1
80982,17.1
86400,3
112421,5.2
110058,25
120878,10
117530,5.0
106018,1.0
107512,3.0
99433,1.0
98708,3.0 + 4.0
99130,4.0
83934,3.1
110874,POS. 2
110690,3.0
105861,3.0
90801,2.1
83019,2.0
81609,6.0
85959,2.0 + 4.0
82857,Pos. 4.0
102441,42
102141,1.0
80902,Pos. 35.1
91000,1.0
98967,1.0
84005,2.1
83117,8.0
83677,4.0
85635,2.1
120879,11
104869,6.0
91019,1.0
112043,1.0
112067,6.0
86381,1.0
109679,3.0
91896,3.0
99302,2.0
99005,5.1
101019,1.0
110322,10.1 - 10.20
96715,10.0
99149,2.0
99284,8.0
107707,9.0
107468,3.0/4.0
85967,100.6
85223,5.0
80809,Pos. 1.3
112712,1.0
114836,10
102235,7.0
107456,2.0
83967,2.0
88156,3.0
85796,4.0
94298,Pos. 9.0
90689,2.0
99423,1.0
85825,1.0
80813,Pos.110.1
103135,1
90370,4.0
109832,1.0
104918,1.0
104991,5.0
83113,1.0
89653,1d
99310,2.0
86845,Pos 2
81601,4.0
110056,17
110057,20
114175,1.1
117524,1.0
108856,1.0
100182,4.0
105266,9.1
99816,2
86307,9.0
88058,2.0
86300,2.0
82050,2.0
102711,204.1
107249,4.0
99436,4.0
99121,2.0
105078,3.0
91504,8.1
86697,1.1
111899,23.3
110689,2.0
107811,1.0
106017,4.0
91799,LED für LT (gross) hängend
43384,12
120880,12
101304,1.0
102224,20.0 - 20.3
110040,30
111949,20.0
84010,3.1
80790,11.3
86003,5.0
120881,13
104393,8.0 / 9.0
87121,2.0
112872,2
112070,9.0
112071,9.1
106098,5.0
107830,1.0
106423,4.0 / 6.0
105255,4.0
99330,4.0
98041,4.0
83785,5.0
113703,5.0
105080,4.0
99059,2.0
82165,5.0
99037,2.0
101646,10.2
107702,4.0
114313,1.0
112074,14.0
110771,1.1
111867,3.0
85584,3.0/4.0
82057,9.0-12.0
99081,3.0
106134,1.1
119502,30
103408,2.5 + 4.5
107247,2.0
114618,4.0
114373,12.0
117525,1.3
107466,1.0
107714,3.0
83925,2.1
112049,9.0
114369,10.0
85588,1.0
99374,3.0
91756,3.0
104117,1.0
116254,5.0
111895,11.1
104880,2.2
100366,Pos. 1.0 / 2.0
107580,3.0
86399,2
86375,2.1
84130,1.0
120882,14
92752,2.0
104990,4.0
101305,2.0
120883,15
112117,3.0
82102,3.0
109346,1.0
113078,3.1
113633,4.0
96503,2.0
83928,3.1
89999,5 + 11F
113677,20
111893,10.6
115366,20.0
116251,2.0
111898,23.0
118073,1
97793,3
98943,3.0
120884,16
86406,2.0 + 3.0
80898,Pos. 17
81147,Pos. 3.0 + 5.0
88061,3.0
106407,4.0 / 6.0
43385,13
95902,1.0
82044,2.0
83869,1.1
107679,4.0
107491,2.0
95114,Pos. 4.0
84129,1.1
109225,4.0
120885,17
114368,1.0+2.0
104575,1.0
108006,11.0
113966,10
112697,30.5
99040,5.0
123591,1
99354,3.0
87843,4.0
81148,Pos. 7.0
107655,6.0
106832,5.0 Leuchttransparent NEU
97770,4.0
114370,10.1
112875,5
88089,3.0
81287,110
88056,1.0
99301,1.0
110062,37
112376,1.0
113685,1.0 I 2.0 I 2.1
111266,1
107725,4.0
89958,1.0
87468,1.0
107689,4.0
90799,1.0/2.0
97305,5.0
88108,5
107405,1.0
119365,POS 2
120886,18
99128,2.0
111891,10.2
113712,2.0
106746,Pos. 1.1
105259,5.0
103070,17.0
119367,POS 4
83118,9.0
89768,6.0
107726,5.0
107507,4.0
99875,7.0
97179,2.0
82046,1.0
89258,2.0 + 4.0
80901,Pos. 35
81599,2.0
120887,19
87842,3.0
111953,40.0
120888,20
89843,2.0
80791,12.0
112066,5.0
114129,1
115579,10
112119,6.2
86853,Pos 5
80437,Pos. 32
81597,1.0
113616,4.05
113082,3.3
117411,3.2
119471,4.01
100127,4.0 Entrance
99293,1.0
99294,2.0
119368,POS 5
107392,1.0
88107,4
119369,POS 6
119370,POS 7
83636,1.0
93430,1.0
120889,21
89503,1.0
83631,1.0
104919,1.0
107728,2.0
101306,3.0
98988,10.0
107656,7.0
104977,Pos. 1.0 + 1.5
107724,3.1
119500,11
119511,30
112050,10.0
117570,1
82058,13.0
82135,3.0
98941,1.0
105069,4.0
100122,Showroom
112708,1.0
112883,5.1
110896,Po.1.1
102424,25
107588,1.0
90377,11.0
98417,Pos. 34.1
92093,Pos. 8.0
91703,1.0
83280,2.2
83990,4.1
86403,1.0
92548,3.0
107677,2.0
112722,20.0
89081,1
88017,Pos. 1.2
101052,10_14
112118,6.0
110336,1.0
91769,5
91508,5.0
120890,22
87235,Pos: 1.0
92765,Pos. 1.2
112113,1.0
112563,8.0
107502,1.0
85639,1.1
87170,20.0
82038,1.0
94078,4.0 / 5.0
90380,14.0
99425,3.0
104125,Pos. 2.0
105068,3.0
99312,4.0
91790,2.0
107600,2.0/3.0
81195,25.0
87137,1.0-4.0
80438,Pos. 104.0
80810,Pos. 13
90707,5.0
117409,1.0
87126,2.0
88275,1.0
107568,6.0
104389,7.0
106130,2.0
113617,4.06
112073,13.1
111070,5.0
81230,Pos. 3.0
82859,Pos. 5.0
97792,2
98707,2.0
80896,Pos. 15
86178,2.0
110338,2.0
113706,20
113635,6.0
107393,2.0
104890,2.0
107403,1.0 (2 Stk.) / 2.0 (1 Stk.)
99131,5.0
99102,6.0
96015,Pos. 5.0
107473,6.0
115343,2.0
110055,16
89972,3.0 + 4.0
85062,Pos. 8.0
85766,Pos 1
106902,10_12
85065,Pos. 3.0
84862,Pos. 1.0
110039,20
115353,7.0
100232,6
102439,40
99269,5.0
98936,3.0
80854,1.0
86308,10.0
99871,2.0
99085,7.0
117405,2.0
112700,2.5
110324,10.1 - 10.20
86603,Pos. 10 Fassade neben Spedition
102438,39
90690,3.0
86281,2.0
110059,30
90362,Pos. 1.0
96016,Pos. 2.0
108054,2.0
84863,Pos. 2.0
111067,2.0
102434,35
105999,1.0
102407,8
103406,2.0+3.0+5.0
112372,1
114502,30.6
107806,Pos.3
108962,5.0
102403,4
85568,1.0
88958,7.0 + 8.0
104983,30.1
102420,21
95474,Pos. 1
107703,1.0/2.0
102400,1
101373,3.0
107577,1.0
111889,9.6
112045,4.0
96116,Pos. 5.0
99328,2.0
111864,1.0
112758,1.0
117406,2.2
90803,4.0
99065,8.0
114377,1.0
112069,8.0
106747,Pos.1.1
102228,2.0
86699,1.3
87997,1.0
117412,3.3
116161,3.0
120068,1.1
114365,110a/b
112562,7.0
104876,6.0
102413,14
99279,3.0
98981,4.0
85572,4.0
99341,1.0
97462,1.0
107395,4.0
107470,1.0/2.0
102411,12
113618,6.0
113702,3.0
117319,1.0
86604,Pos. 80 Haupteingang
111900,32.0
89589,1.0
82428,1.1
113081,3.2.1
120807,1
113673,20
111874,12.0
120808,2
99283,7.0
92079,Pos. 1
106856,2.0
111710,1
43386,14
106144,1.0
108959,2.0
102404,5
107398,8.0/9.0
86237,1.0
99401,1.0
107592,1.0
112420,4.2
105507,1.0
107593,2.0
107814,4.2
80435,Pos. 12.0
121912,10
92770,1.0
99635,2.0
113080,3.2
109674,10
102417,18
95440,Pos. 2.0
87132,2.0
86384,4.0
82040,2.0
121913,11
43387,15
99266,2.0
90868,Pos. 13.1.1
107591,4.0
104988,1.0
101025,1.0
121914,12
80908,Pos. 102.1
103000,1.0
108857,2.0
107154,10
107759,4.0
120891,23
107813,2.0 / 3.0
99083,5.0
113629,1.0
117413,3.4
82051,2.0
95080,4.0
98930,3.0
92771,1.1
107467,2.0
107727,1.0
114616,1.0
112115,2.0
83645,1.0
86698,1.2
86001,3.0
97189,2.1
98721,210.0
107713,2.1
107704,3.0/4.0
107506,2.0/3.0
89477,1.0
112694,30.5
82100,1.0
118303,2.0
108219,1.0
100228,1
101309,5.0
86848,3.2
43389,17
101485,1.0 / 1.1 / 1.2
101047,10_06 / 10_08
107565,2.0/3.0
106062,1.0
107477,1.0
99335,1.0
83627,3.1
86302,3.0
99115,5.0
110054,15
113630,2.0
104917,1.0
86852,4.4
89482,3.0
82429,2.0
85046,Pos. 3.0
107455,1.0
107461,4.0
111878,4.2
88198,Pos. 2.0 + 3.0
121915,13
86372,1.0
81192,21.0
91020,1.0
107375,4.0
102138,2.5 + 4.5
80815,Pos.111.1
99634,1.0
99803,1.0 / 2.0
99122,3.0
112709,1.0
104388,5.0
103409,7.0
107236,3.0
105081,4.0
99366,5.0
111069,4.0
114314,2.0
90372,6.0
86283,6.0
87538,1
82151,1.0
111901,32.3
104927,3
98987,9.0
99337,3.0
92399,2
85641,3.0
85942,21.05
101310,6.0
102422,23
114372,11.1
115422,1.0
84720,1.0
84004,2.0
81598,1.0
80897,Pos. 15.1
89221,3.0
99094,1.1
114878,10.0
99282,6.0
107493,4.0
114481,2.1
111887,9.2
90368,2.0
107654,5.0
99277,1.0
113619,7.01
96941,2.0
93208,1.0
107570,2.0
83102,3.0
95475,Pos.2
99067,10.0
112873,3
81213,6.0
82139,3.0
81332,10.0
95329,1.0
90687,1.0
101643,2.0
88812,20.0
99306,2.0
117408,2.4
114492,5.0 / rep.
113721,23.0
98920,6.0
102415,16
105065,1
99415,6.0
87052,1.0
82129,2.0
81194,20.0
111879,4.4
108733,2.0
104098,Pos 1
104926,2
100129,Entrance
107610,2.0
112686,2.5
113720,22.0
118059,7.0
86797,1.0
86729,1.0
81322,2.0
87169,20.0
98982,5.0
90691,4.0
103187,Pos. 6.2
105066,1.0
83932,3.0
89176,1.0
80894,Pos. 11.0
81253,5.0
113672,6.0
113614,4.0
112921,8.1
99082,4.0
121267,4
81193,22.0
82048,3.0
104925,1
105079,4.0
96500,1.0
107458,1.0
114482,3.2
82088,2.0
96434,180
107708,10.0
86398,1
110041,1.0
81105,Pos. 3.0
90325,210
99427,5.0
113900,1.0
88482,3.0
107559,1.0/2.0
104118,2.0
96245,5
92809,VAR. B
99362,1.0
96430,30.1
86238,3.0
82087,1.0
107649,1.0
102419,20
86177,1.0
104576,1.1
85042,Pos. 1.0 + 1.5
109227,6.0
103937,1.0
86282,3.0
88063,4.0
111870,7.5
112114,1.2
98706,1.0
90366,1.0
102410,11
102425,26
100179,1.0
91570,1.1
43390,18
82152,2.0
81231,Pos. 4.0
81321,2.0
113627,4.01
111689,1.1
115342,1.0
112048,7.0
98942,2.0
91022,3.0
99327,1.0
80529,2.1
83666,3.0
83278,2.0
109571,1
92636,1.0
43393,21
82154,4.0
81257,8.0
112846,2.1
111950,21.0
99411,1.0
96502,1.2
99405,5.0
95835,1.0
82136,1.0/2.0
104353,5.0
116748,1.0
110060,35
111593,1.0
112886,20.0
83644,1.0
85054,Pos. 10.0
81323,3.0
86702,2.6
107572,4.0
107245,2.0
102127,21.0
101285,8
98306,210
111868,7.0
119501,20
107575,3.0
107480,4.0
83276,1.0
88936,10
81210,2.0
85769,Pos. 4.0
108088,2.0
108633,1.0/2.0
99001,2.0
99380,2.0
111896,13.0
113632,3.1
80905,Pos. 101
86582,7.0
107503,2.0
102142,2.0
121916,14
90369,3.0
99084,6.0
119499,10
112568,9.0
97394,2.1
119366,POS 3
84117,1.0
121917,15
101345,4.0
108004,4.0
112713,2.0
83630,2.0
88116,Pos. 2.0
89400,5.0
88057,1.3
85585,3.1
114316,3.0
119067,19
101020,4.0
99120,1.0
99298,2.0
112951,Pos. 7.0
92080,Pos. 2
115013,30.5
115367,30.0
108958,1.0
90804,5.0
99054,3.0
99127,1.0
83968,2.1
86700,1.4
111848,4.1
107693,3.0
107760,5.0
104366,Pos. 1.0
107516,2.0
93700,1.0
93765,1.5
107501,4.0
105084,6.0
105866,1.0
103038,2.5
81726,12.0
84016,3.0
85569,2.0
86303,4.0
82138,2.1
96940,1.0
99353,2.0
111951,22.0
113717,13.0
101045,20_01
107699,1.0
108003,3.0
102435,36
82153,3.0
88014,Pos. 1.0
83969,2.1
80811,Pos. 36
88015,Pos. 1.0
80910,Pos. 103.1
103251,3.0
109229,1.0+2.0
104351,3.0
99063,6.0
86843,Pos 1
107500,3.0
113083,3.3.1
110773,2.0
94058,"Convertisseur pour ""Pharmacie"""
90805,6.0
99080,2.0
104462,5.0
103252,4.0
80907,Pos. 102
99388,2.0
98914,3.0
98979,2.0
107613,3.0
108700,Pos. 9.0
120076,POS 2
85594,2.1
87469,1.1
98893,2.0
91075,10
99391,1.0
111885,6.4
89606,1.0
112950,Pos. 6.0
90374,8.0
105076,2.0
105795,1.0
103405,1.0
89770,6.3
89487,Krone
82085,2.0
120077,POS 3
120078,POS 4
111880,5.0
87129,2.0
86748,Pos. 1.0
118302,2.0
104587,02.02
98143,Pos. 5.0
107478,2.0
107242,3.0
104354,6.0
104989,2.0+ 3.0
98937,4.0
120079,POS 5
82145,1.0
100395,4.0/5.0
105082,4.0
88449,1
86854,5.1
90572,1
89971,2.0
83632,130
86299,1.1
89649,1a
119503,31
110774,2.1
99305,1.0
106099,5.3
44003,1
96933,1.0
98039,1.0 / 2.0
98921,7.0
120080,POS 6
103138,4.1
107690,5.0
86298,1.0
113527,Pos. 1
112845,1.1
98928,1.0
99114,4.0
91791,3
81325,4.0
82855,Pos. 1.0
98969,3.0
90323,100
107687,2.0
107574,2.0
107462,5.0
85926,1.0
88956,2.0 - 4.0
92774,2.1
91755,2.0
99315,7.0
120081,POS 7
112072,13.0
110038,10
92971,4.0
99278,2.0
103639,Pos. 3.0
107778,1.0
107700,2.0
104929,5
107585,3.0
102408,9
87128,2.0
112884,14.0
83120,11.0
83626,3.0
86663,3.1
83279,2.1
104943,1.0
86387,1.0
99129,3.0
96019,Pos. 6.0
120082,POS 7 / 8
112774,2.0
111952,24.0
86850,4.2
81256,7.0
108493,2
103184,Pos. 5.2
111877,4.0
109226,5.0
102231,4.0
91754,1.0
111881,5.2
91210,2
83532,1.0
82142,6.0
88955,1.0
114371,11.0
92740,2.4
102401,2
86814,1.0
89591,1.1
82054,6.0
113719,21.0
91023,4.0
107576,4.0
108225,2.0
86844,1.2
81255,6.0
83927,3.0
99100,4.0
108058,6.0
107499,2.0
108960,3.0
87123,3.0
80793,12.2
96054,Pos. 6.0
97081,1.0
84543,Pos. 7.0
116252,3.0
88277,Pos. 2.0 Eingangsbereich
115778,3.0
82132,1.0
81330,5.0
89590,1.0
103254,6.0
105262,8.2
91255,2.0
91767,3+6
44004,2
110061,36
112714,2.5
113077,3.0
107364,Pos. 3
107564,1.0
103807,3.0
116656,1.0
113658,8.0
98144,Pos. 6.0
82056,8.0
113620,20
112466,3.1
115098,Pos. 1.2
114174,1.0
112912,2.1
95609,6.0
108872,1.1
107573,1.0
87138,5.0
91762,1
99079,1.0
92910,1.0
102126,21.0
107372,1.0
102432,33
113704,9.0
85571,3.1
109326,1.0
88420,5.0
89522,5.0
81164,Pos. 40.0
88060,2.0 + 2.1
108087,1.0
108358,1.0
85064,Pos. 2.0
88110,10
99412,2.0
94344,6.3
94419,1.0+2.0
101648,20
90381,19.0
117436,1
83623,1.1
86405,2.0 + 3.0
86301,2.1
80816,Pos.112
85814,5.0
107492,3.0
105257,4.3
107479,3.0
107758,3.0
114560,1.0
80899,Pos. 30
86741,2.1
85574,2.0
99352,1.0
103087,1.0
112064,3.0
99281,5.0
99862,3.0
83988,4.0/5.0
87437,4.0
107602,5.0
105545,1.0
93701,2.0
93933,1.0
99112,2.0
99846,1.0a
85582,1.1
83601,1.0+2.0
107510,1.0
99317,9.0
99316,8.0
93375,1.5
80617,5.0
87130,2.0
84123,1.1
89224,3.0 + 7.0 + 10.0
105547,1.0
98416,Pos. 30.2
96676,Pos. 6.0
96018,Pos. 4.0
85573,1.0
88950,17.1
108871,1.0
101050,10_12
80806,Pos. 1.0
88817,Pos. 2.0
87134,3.0
107615,1.0
104877,6.1
104458,1.0
81258,9.0
107561,4.0
105820,Pos 3
113671,1.0
80808,Pos. 1.2
82090,1.0
106094,1.2
82137,1.1
89769,6.1
99138,1.0
109542,1.2
91502,5.0
98038,1.0 / 2.0
95078,2.0
82084,1.0
85634,2.0
103938,2.0
93374,1.0
86750,Pos. 1.0
99355,4.0
80818,Pos. 113
87180,1
86385,5.0
80050,1.0
83108,8.0
98892,1.0
99847,1.0b
86408,4.0
95079,3.0
98912,1.0
82113,3.0
107238,1.0
95685,1.1
89702,3.0
97303,3.0
104380,1.0 / 2.0
89486,Punkt/Balken
85576,4.0
85036,Pos. 1.0 + 1.5
89521,1.0-4.0
98414,Pos. 9.0
109092,2.0 + 3.0
102809,5.0
107612,2.0
87539,2
86002,4.0
86520,Pos. 3.0 + 6.0
98214,1.3
90375,9.0
107706,6.0 (1 Stk) / 7.0 (2 Stk) / 8.0 (1 Stk.)
102125,20.0 - 20.3
101371,1.0
102226,1.0
97888,Pos. 2
101804,1.0
43560,8
43556,4
82130,3.0
80789,11.2
99375,4.0
86309,11.0
58920,3.0
102423,24
81163,Pos. 3.0
107643,2.0
86305,6.1 / 6.2
85045,Pos. 2.0
107581,4.0
102134,31.0
94117,Pos. 15.1
86664,4.0
89015,3.1
107692,2.0
101311,7.0
83116,7.0
83989,4.1
86846,2.2
91202,1.0
99314,6.0
81844,Pos. 2.0
88062,3.0
87615,Pos. 5.0
109833,2.0
99336,2.0
98985,7.0
93770,4.0
93703,4.0
85960,2.1 + 4.1
80436,Pos. 16
84804,4.0
104349,1.0
90073,1.0 + 3.0
99872,3.0
107248,3.0
80792,12.1
84009,3.0
86306,7.0 / 8.0
95081,5.0
80906,Pos. 101.1
102124,20.0 - 20.3
107808,1.0
104357,3.1
103320,24.0
88105,2
92773,2.0
99329,3.0
95610,6.1
101329,3.1
107490,1.0
89607,2.0
93729,1.0
101314,10.0
105366,5.0
100233,7
107583,1.0
102429,30
99414,5.5
90367,1.01
107243,4.0
107691,1.0
99817,3
107566,4.0
82043,1.0
107515,1.0
104277,1.0 & 2.0
107711,1.0
99004,5.0
92754,3.0
83625,2.1
83805,1.0
103249,1.0
102230,3.1
99055,4.0
99381,3.0
84011,3.1
80909,Pos. 103
81730,13.0
88059,2.1
80787,11.0
89708,3.1
109677,1.2/2.2
107508,5.0
87489,4.0
80900,Pos. 31
83907,4
81331,10.0
94800,30.0 - 30.22
96620,2.0
96505,2.2
103321,24.0
107474,7.0/8.0
86847,Pos 3
102449,28
107681,6.0
99394,4.0
99342,2.0
85961,2.2 + 4.2
87054,3.0
83622,1.0
99039,4.0
98713,5.1
101308,4.1
107606,2.0
107374,3.0
103364,10_08
107567,5.0
101236,3
105070,4.1
81600,3.0
97729,Pos. 2
104586,02
86851,4.3
109676,1.0/2.0
105067,2.0
104874,1.0
109572,2
103315,2
107472,5.0
104892,3.0
105077,2.0
88934,50.0
107857,10.0
107498,1.0
102426,27
107476,1.0
104460,3.0
88418,4.0
82128,1.0
89481,1.0 + 2.0
104982,22.0
101644,2.1
104383,3.0
87857,1.4
107471,3.0/4.0
100987,2
100230,3
106096,3.0
101918,2
87140,6.1
86521,Pos. 4.0
84197,3.0
83635,1.0
107855,6.0
84109,1.1
80434,Pos. 2.0
102416,17
105256,4.2
102421,22
107153,30
88481,1.0
88109,1.1 + 5.1
107237,4.0
108057,5.0
107653,4.0
107642,1.1
56560,1.0
107705,5.0
106129,1.0
103186,Pos. 6.1
101048,20_03 / 20_04
104928,4
117526,2.0
104376,Pos. 5.0
102120,31.2 / 31.3
102233,5.1
107651,2.1
107831,2.0
100229,2
104889,1.0
102229,3.0
108053,1.0
100180,2.0
107394,3.0
57054,4
57055,5
123592,2
123593,3
50155,1
54825,1.0
50156,2
50157,3
50158,4
49030,22
73551,8
45477,19
45478,20
45479,21
45480,22
45481,23
45482,24
45483,25
45484,26
45485,27
45486,28
45487,29
45488,30
45489,31
45499,41
45490,32
45491,33
45492,34
45493,35
45494,36
45495,37
45496,38
45497,39
45498,40
55933,8.0
54763,16-20
76808,Pos. 1.0
39313,10.0
49269,50.0
69714,6.0
82674,POS. 2
86374,2.0
90324,170
73552,9
101961,Pos. 1à7
96986,Pos. 1à3
89611,Pos.30/30.1
101511,Pos. 30.5
89610,Pos. 2
105261,8.0
109097,Pos. 6
107151,10
115831,1
104102,Pos 5
110323,10.2 & 10.5
99139,2.0
112710,2.0
108481,Pos 1.0
112564,9.0
106133,1.0
108734,11.2
104778,H
110898,Pos. 2.0
114317,3.2
113664,20
116731,POS.1
112065,4.0
97152,POS. 5
106739,Pos. 1.1
115840,30
115838,11
111692,1.0
112885,14.1
54416,1
73553,10
33265,3.0
33350,Pos.1.0
33351,Pos.2.0
54417,2
31726,Pos. 2.0
32099,1
32056,Pos.1.1
32058,Pos.1.2
32059,Pos.2.0
32061,Pos.6.0
33352,Pos.3.0
32383,1.0
33353,Pos.4.0
36506,38
54427,12
59848,2.0
33354,Pos.5.0
33356,Pos.6.0
33357,Pos.7.0
33358,Pos.8.0
33572,5.1
33727,Façade Ouest
33729,Façade Nord
33731,Enseigne intérieur
34093,Pos.3.0
34113,Pos.9.0
34115,Pos.10.0
34117,Pos.7.0
59845,1.0
59846,1.1
35063,1.1
35490,2.0
121630,Pos. 6.0
36049,020.0
36050,020.1
36127,1
36128,2
36129,3
36130,4
36131,5
36132,6
36133,7
36134,8
36356,1.0
36357,2.0
36358,3.0
36359,4.0
36360,5.0
36361,7.0
36363,9.0
36364,10
36365,11.0
59847,1.2
36366,12.0
36383,Pos. 2.0
36478,10
36469,1
36470,2
36471,3
36472,4
36473,5
36474,6
36475,7
36476,8
36477,9
36479,11
36480,12
36481,13
36482,14
36483,15
36484,16
36485,17
36486,18
36487,19
36488,20
36489,21
36490,22
36491,23
36492,24
36493,25
36494,26
36495,27
36496,28
36497,29
36498,30
36499,31
36500,32
36501,33
36502,34
36503,35
36504,36
36505,37
37284,100.0
37709,Pos.8.0
37826,1
37827,2
37828,3
37829,4
37830,5
37831,6
37744,5.0
37872,1.0
37867,Pos 40.0
37866,Pos 30.0
59849,2.1
37969,1.0
38092,1.0
120521,1.0
38620,9
38621,10
38622,11
38623,12
38624,13
38625,14
38626,15
38627,16
38628,17
38629,18
38939,020.0
38940,020.1
38942,020.7
39008,2.3
66070,2d
38830,5.0
39100,1.0
44022,2
39255,2.0 + 5.0
39310,7.0
40107,1.0
40108,2.0
40109,3.0
40110,4.0
40111,5.0
40112,6.0
40146,5.0
40142,1.0
40143,2.0
40144,3.0
40145,4.0
40147,6.0
40157,1.0
40121,1.1
40162,5.0
40158,1.0
40719,1
40720,2
40721,3
40722,4
40723,5
40724,6
40725,7
41041,Pos 1.0
41042,Pos 5.0
41043,Pos 10.0
41860,1
41779,Pos.3.1
42077,3
42269,Pos 1.0 & 2.0
42270,Pos 3.0
42271,Pos 4.0
99379,1.0
42975,5
43058,1
42993,6.0
120627,1
44017,1
43689,3.0
44018,2
43710,1.0
43711,3.0
44020,1
44021,1a
43800,2.0
43802,3.0
43807,6.0
43808,7.0
43871,1.0
43872,2.0
43902,3.0
44023,2a
44428,1
44429,2
44430,3
44431,4
44432,5
44433,6
44434,7
44476,100.0
44620,210.0
44621,210.1
44622,4.1
44941,Pos.1.0
45413,7
45414,8
45407,1
45408,2
45409,3
45410,4
45411,5
45412,6
45415,9
45416,10
45417,11
45418,12
45419,13
45420,14
45421,15
45422,16
45423,17
45424,18
45425,19
45426,20
45427,21
45428,22
45429,23
45430,24
45431,25
45432,26
45433,27
45434,28
45435,29
45436,30
45437,31
45438,32
45439,33
45440,34
45441,35
45442,36
45443,37
45444,38
45445,39
45446,40
45447,41
45620,1
45621,2
45622,3
45623,4
46000,Pos. 1.0
46001,Pos. 2.0
46037,1
46038,2
46039,3
46040,4
46042,1
46043,2
46044,3
46045,4
46050,5
46052,1
46053,2
46054,3
46055,4
46056,5
46224,Pos.1.0
46226,Pos.2.0
46029,6.0
46245,1
46278,12
46279,13
46667,1.0
46786,Pos 1.0
47384,3
120628,2
47923,3
48285,1.0
48087,1.0
58922,4.0
48423,1
48424,2
50212,2.0
48892,Pos.7.0
49640,1.0
49644,4.0
49654,1.1
49646,6.0
49946,11.0
49934,1
49935,2
49936,3
49937,4
49938,5
49939,6
49940,7
49945,68.0
49949,1
49950,2
49951,4
49952,5
49955,1
49956,2
49957,3
49958,4
49973,1
49974,2
49975,3
49976,4
49977,5
49978,6
49979,7
49980,7A
49981,8
49982,8A
49983,9
49984,10
49991,1
49992,2
49993,3
49994,5
49995,8
49996,9
49997,8
49998,9
50000,8
50010,1
50011,2
50012,3
50013,4
50014,5
50015,6
50016,7
50017,8
50018,9
50019,10
50020,11
50021,12
50022,13
50023,14
49954,15.0
50118,1.0
50231,11.0
50275,Pos 3.0
50384,14
50211,1.0
54418,3
54419,4
54420,5
52066,1
52067,2
54421,6
52317,1
52318,2
52319,3
52320,4
52321,5
52322,6
52323,7
52324,8
54422,7
52362,110
52419,Pos. 1.0
52420,Pos. 1.1
52789,1
52790,2
52791,3
52792,4
52793,5
52794,6
52795,7
52796,8
52797,9
52798,10
52799,11
52800,12
52801,13
52802,14
52803,15
52804,16
52805,17
52806,18
52807,19
52808,20
52809,21
52810,22
52811,23
52812,24
52813,25
52814,26
52815,27
52816,28
52817,29
52833,1
52834,2
52835,3
52836,4
52837,5
52838,6
52839,7
52840,8
52841,9
52842,10
60030,1.0
52843,11
52844,12
52845,13
52846,14
52847,15
52848,16
52849,17
52850,18
52851,19
52852,20
52853,21
52854,22
52855,23
52856,24
52857,25
52858,26
52859,27
52860,28
52861,29
53115,15
54423,8
54424,9
54425,10
54426,11
53101,1
53102,2
53103,3
53104,4
53105,5
53106,6
53107,7
53108,8
53109,9
53110,10
53111,11
53112,12
53113,13
53114,14
53116,16
53117,17
53118,18
53119,19
53120,20
53121,21
53122,22
53123,23
53124,24
53125,25
53126,26
53127,27
53128,28
53129,29
53165,2
53144,2
53347,Pos.1.0
53740,1.0
53751,1
53752,2
53753,3
53754,4
53755,5
53756,6
53757,7
53758,8
53759,9
53771,Pos.1.0
54428,13
53779,1.0
54429,14
54431,1
54219,Pos.1.0
54905,3.1
54906,4
54907,5
54908,6
54938,1
54939,2
54940,3
54941,5
54942,6
54943,7
55126,5.5
55276,4
55277,4a
55278,5
55279,5a
55280,6
55281,6a
55282,7
55283,7a
55284,7b
55845,1
56039,1
106283,1
55927,2.0
55928,3.0
55929,4.0
55930,5.0
55931,6.0
55932,7.0
55934,9.0
55935,12.0
55936,13.00
56040,2
56041,3
56042,4
56043,5
56044,7
56045,8
56046,9
56047,10
56098,1.0
56099,3.0
62110,Pos. 4.2 + 3.2
56354,6.0
56356,6.1
56358,7.1
56590,1a
56591,1b
56592,1c
56593,2a
56594,2b
56595,3a
56596,4a
56597,4b
56598,5a
56599,5b
56600,6a
56601,6b
56602,7a
56603,7b
56604,8a
56605,8b
56606,9a
56607,10a
56608,11a
56610,6
56611,6b
56618,3.0
56638,3
56623,5.1
56624,5.2
56838,13
56839,16
56840,14
56841,17
57041,5
56985,6b
57312,1
57313,2
57314,3
57315,4
57316,5
57317,6
57318,7
57319,8
57320,9
57321,10
57322,11
57323,12
57324,13
57341,Pos 1.0
57342,Pos 2.0
57379,5.5
57380,6.5
57381,7.5
57418,1.1
57545,1
57602,1
57603,2
57604,3
57679,1.1
57681,2.1
57685,2.1
57714,1.0
57715,2.0
57716,3.0
58014,2.0
96999,Pos. 5
58015,3.0
58016,4.0
58017,5.0
58018,6.0
58019,7.0
58020,8.0
58021,9.0
58022,10.0
57896,2.0
58236,1
58237,1a
58238,2
58239,2a
58240,3
58241,4
58242,4a
58243,5
58244,6
58245,7
58246,8
58247,9
58248,10
58252,Pos 5.0
58203,1.0
58557,1.1
58728,4.0
58729,6.0
58730,7.0
58857,24.0
66023,1.0
58856,23.0
59036,Pos. 1.0
59069,4.0
59807,POS 1
59785,7.0
59808,POS 2.2
59809,POS 3
59810,POS 6.1/6.2
59811,POS 5
60031,1.1
97000,Pos. 6
59860,2-9
60247,70
106284,2
92782,3
60425,Pos 2.5
60754,1
60755,1a
60772,Page 25
60773,Page 26
60774,Page 28
60775,Page 27-28
60776,Page 30
60777,Page 20-21
60778,Page 18
60779,Page 29
60780,Page19/30
60782,Page 36-38
60783,Page 39
60784,Page 41-42
60785,Page 43-44
60786,Page 43-45
60787,Page 46-47
60788,Page 26
60789,Page 22-26
60790,Page 25
60791,Page 26-30
60792,Page 22
60793,Page 22
60794,Page 56
60795,Page 56
60796,Page 56
60797,Page 56
112691,1.0
61596,1.0
61758,1
61759,2
61760,3
61761,4
106411,4.0 / 6.0
61868,1
61869,2
61870,3
61871,4
61872,5
61873,6
61874,7
61875,8
61876,9
61924,1.0
61925,2.0
61926,3.0
61927,4.0
61928,5.0
61929,6.0
61930,7.0
61931,8.0
61932,9.0
61933,10.0
61934,10.0
61935,15.0
61936,16.0
61948,1
61949,2
61950,3
61951,4
61896,40 + 41
61956,4.0
112692,20.0
62106,Pos. 1
62107,Pos. 4.1
62108,Pos. 3.1
62109,Pos. 2
62131,1.3
62663,3a
62787,2-9
62786,2-9
62799,10.0
112693,30.0
106413,4.0 / 6.0
63005,1
62899,Pos 1.0
106424,1
63237,2.6
63238,4.0
63239,4.1
63240,4.4
63248,11.6
63274,70
63289,2.0
63658,1.0
63659,2.0
63661,3.0
63662,4.0
63664,5.0
63665,6.0
63666,7.0
63668,8.0
63669,9.0 / 10.0
63689,1
63690,2
63691,3
63692,4
63693,5
106425,2
64079,3
64080,3a
64081,4
64082,4a
64083,4b
64084,5
64085,5a
64091,1.0
64092,2.0
64094,3.0
64095,4.0
64097,5.0
64098,6.0
64099,7.0
64101,8.0
64102,9.0 / 10.0
64114,7.0
64478,11
64479,12
65142,90
65135,20.2
65136,22
65137,22.1
65139,40
65140,50
65141,70
65143,110
65144,120
65145,130
65146,230
65231,19
65217,5.0
65214,2.0
65215,3.0
65216,4.0
65218,6.0
65219,7.0
65220,8.0
65221,9.0
65222,10.0
65223,11
65224,12
65225,13
65226,14
65227,15
65228,16
65229,17
65230,18
65232,20
65233,21
65234,22
65235,23
65236,24
65237,25
65238,26
65239,27
65240,28
65241,29
65242,30
65243,31
65357,10.0
65358,11.0
65481,1.0
65499,1
65500,2
65537,POS 2
65686,2
65648,1.1
65685,1
65687,3
66301,1.0
66302,1.1
66283,26
66261,4.0
66259,2.0
66274,17.0
66276,19.0
66606,10.0
66614,10.0
66615,11.0
66677,1
66678,3
66679,4
66680,5
66681,6
66682,7
66683,8
66684,9
66685,10
66686,11
66687,12
66688,13
66689,13a
66690,13b
66691,13c
66664,position 6.0
66954,Pos.1
66957,Pos. 2 + 3
66958,Pos. 4
66959,Pos. 5
66960,Pos. 6
66999,16.0
67259,1.0
67424,2.0
67426,3.0
67428,7.0
67446,Pos 9.0
67437,Pos 1.0
67438,Pos 2.0
67439,Pos. 3.0
67441,Pos 4.0
67442,Pos 5.0
67443,Pos 6.0
67444,Pos 7.0
67445,Pos 8.0
67447,Pos 10
67448,Pos 11
67459,1.0
67460,1.1
67461,1.2
67462,1.3
67735,Pos 2.0
67796,1.0
68001,1.1
68205,5.1
68219,130.0
106426,3
68215,120-121
68350,2
68349,1
106427,4
68559,2.0
116035,9.0
68937,1.0
69089,2.5
69130,3
69314,2.5
69315,2.6
69318,1.00
69347,4.0
69349,6.0
69363,2.0
69364,4.0
69374,1.1
69375,1.2
69376,2.1
69442,Pos. 12.0
69577,8.0 - 8.3
69585,70.0
121128,41
69586,71.0
69587,200 - 207
69588,210 - 216
69589,220 - 222
69590,230 / 231
69705,4.0
69711,3.2
69712,4.0
69713,5.0
69425,1.00
72965,1.0
72966,2.0
69948,6.0
120216,4
69982,6.0
69902,230 / 231
70251,1.0
70094,1
70095,2
70096,3
70097,4
70098,5
70099,6
70100,7
70101,8
70182,3.0
70219,4.1
70402,4.1
70863,1.0
70867,4.0
106482,1
118571,1.0
73550,7
70926,1
70927,2
70928,3
70929,4
71048,16-202
106483,2
71195,1.0
71196,2.0
71279,1.0
71281,3.0
71283,1.0
71284,3.0
71286,2.0
71288,1.0
71289,3.0
71290,4.0
71291,2.0
76338,2 a & b
71400,5.a
71396,1.a
71397,2.a
71398,3.a
71399,4.a
71413,21
71401,6.
71420,26.3
71402,7.
71403,8.
71404,9
71405,10.
71414,22
71406,13.b
71407,14.b
76339,2.1 a & b
71408,15.b
71421,26.4
71409,16.b
71410,18.b
71411,19.
71412,20
71415,23
76340,3
71416,24
71417,25
71418,26.1
71419,26.2
71448,Pos. 3.0 + 3.5
71296,2.0
76341,4
71734,41
71756,54 / 57
71723,20 / 21
71759,85 - 87
71740,40
71714,1.0
71926,Pos.2
71927,Pos.3
74246,5.1
71968,1.0
71938,1.0
72135,Pos. 9.0
97017,Pos. 1à5
72098,4
72097,2
72342,1
74318,9.1
97018,Pos. 1à5
72343,2
72453,1.0
72410,Pos. 11.1
72577,6.0 - 6.2
72753,1.0
72754,2.0
72755,3.0
72756,3.0
72757,4.0
72758,4.0
73340,1
73373,1
73374,2
73375,3
73376,4
73377,5
73378,6
73379,7
73380,8
74346,12.1
73633,Pos. 1.0+2.0
73753,2
73754,3
73755,4
73756,5
73757,6
73777,1
73778,2
73779,3
73780,4
74531,150
74534,Pos. 1
74535,Pos. 2
74548,1
74549,2
74550,3
74551,4
74552,5
74807,1
74808,2
74809,3
74810,4
74870,1
74871,2
74904,1
74905,2
74906,3
74907,4
74908,4a
74909,4b
75219,1
75220,2
75221,3
75222,4
75433,POS 1 / a
75434,POS 2
75471,3.5
84324,5.0
75912,2.0
75953,2
75954,3
75955,4
75956,8
75957,9
75958,14
75959,15
75960,17
75961,10
75962,11-12
75963,13
76163,200
76165,201 - 204
76162,101-110
76336,1
76337,1.1
76454,1.1
76646,1
76667,1
76770,1.0
76835,17.0
76871,10 + 11
76772,2.0
76691,3.0
76897,2.6
76898,4.0
76899,4.1
76900,4.4
76901,11.6
76944,POS 1
121129,42
76945,POS 2
76947,POS 3
82290,2.1
77088,Pos.1
77235,Pos. 1
97019,Pos. 1à5
77236,Pos. 2
77237,Pos. 3
77238,Pos. 4 & 5
77239,Pos. 6 & 7
77317,1
77318,2
77319,3
77320,4
77321,5
77322,6
77323,7
77324,8
123242,2.0
77202,70.1
77548,8.0 - 8.3
121130,43
77668,5
77669,6
77471,3.1
77707,1.1
78023,11a
77953,Pos. 1
77962,2.0
78020,8
78021,8a
78022,11
78103,4.1
78104,5.1
78105,Pos 1
78123,Pos 1
78407,3.1
78292,Pos. 2
78295,Pos. 3
78298,Pos. 2
78301,Pos. 3
78309,Pos. 1.0
78345,Pos. 2
78346,2.1
78347,2.2
78348,Pos. 3
78349,3.2
78350,3.3
78367,Pos. 3.2
78501,4.0
78538,3
78498,2.0 + 3.0
78620,1.0
78621,2.0
78695,2.0
78677,500
78678,500.1
78690,1.0
78691,2.0
78694,1.0
78809,18
78810,19
78697,2.0
79214,5.0
79374,1
79375,1a
79376,1b
79480,2.1
79574,POS.2
120203,1.3
79656,2
79471,5.0
79431,1.0
80499,POS.1
84754,Pos. 1.0
79829,Pos. 8.0
80101,11.0
80102,11.1
80103,11.2
80104,11.3
80105,12.0
80106,12.1
80107,12.2
80030,1
80500,POS.2
80501,POS.3
80819,Pos. 113.1
80807,Pos. 1.1
80895,Pos. 14
80855,2.0
81146,Pos. 1.0 + 1.5
81106,Pos. 15.0
96982,Pos. 1à4
81202,position 14
81214,position 14
81277,position 9.0
81284,position 14
81427,1
81685,POS.1
81686,POS. 2
81687,POS.3
81695,3
81843,Pos. 2.0
81862,5.0
81891,1.0
121131,44
81892,2.0
81893,3.0
81894,4.0
81922,5.0
81942,1
81943,1
81946,1
121132,45
82019,5.0
82020,5.0
82029,1.0
82030,1.1
82031,2.0
82032,3.0
121133,46
82041,3.0
82045,3.0
82047,2.0
82052,3.0
82053,4.0+5.0
82086,3.0
82089,3.0
82096,1.0
82097,2.0
82098,3.0
82101,2.0
82126,1.0
82133,2.0
82141,5.0
82147,3.0
82148,4.0
82194,2.0
82380,1
82554,5.0
82673,POS.1
82675,POS.3
83110,4.0
83141,10.0
83142,1.0
83153,A.
83093,Pos.1
83012,1.0
83101,2.0
83140,1.1
83649,1.0
83650,1.1
83702,POS. 11
83949,POS. 5
83950,POS. 6
83701,POS. 8 & 9
83703,POS.10
83952,POS. 5
83951,POS. 1
83953,POS. 6
83923,2.1
83943,POS.1
83944,POS.2
83945,POS. 3
83946,POS.5
83947,POS. 1
83948,POS. 4
83954,POS. 1
83955,POS. 5
83956,POS. 6
83957,POS. 1
83958,POS. 5
83959,POS. 6
83960,POS. 1
83961,POS. 5
83962,POS. 6
83964,2.0
84013,3.0
84014,3.1
122080,3
84530,POS 1
84531,POS 2
84755,Pos. 2.0
106546,6
121134,47
84877,1.1
85039,Pos. 1.0 + 1.5
85404,17.1
85575,3.0
85583,2.0
85591,4.0
85592,1.0
88199,Pos. 4.0
95156,1
85640,2.0
85643,4.0
85705,10.0
85589,2.0
85545,1.0 / 3.0
85652,230 / 231
85804,17.1
85945,1.0
85946,2.0 + 3.0
85947,2.0 + 3.0
85948,2.0 + 3.0
85949,2.5 + 3.5
85950,4.0
85951,6.0
85996,1.0
85858,Pos. 4.0
85832,1.1
85833,3.1
86273,1.0
86274,2.0
86275,3.0
86276,6.0
86277,7.0
86376,2.2
86460,5.0
106547,7
86580,1.0
86581,6.0
86583,14.0
86665,30.0 - 30.24
86666,10.1 - 10.20
106600,1
86668,31.2 / 31.3
86669,31.1
86670,40.0 - 40.3
86671,35.1 -35.2
86672,20.0 - 20.3
86673,20.0 - 20.3
86674,21.0
86675,21.0
106601,2
86875,10.0 / 10.1
86798,2.0
86747,Pos. 1.0
86730,2.0
87080,1.0
87081,1.1
87082,2.0
87083,3.0
87084,4.0
87141,6.2
87117,2.0
100605,Variante 1
87366,POS 2
87470,1.2
87491,4.2
87519,1.0
87521,1.0
87839,1.0
87794,MOD. 5
87780,MOD.1
87781,MOD. 2
87782,MOD. 7
87783,MOD. 3
87784,MOD. 5
87785,MOD. 9
87788,MOD. 1
87789,MOD. 4
87790,MOD. 5
87791,MOD. 6
87792,MOD. 5
87793,MOD. 6
87795,MOD. 6
87796,MOD. 5
87797,MOD. 6
87798,MOD. 5
87799,MOD. 6
121135,1
87861,POS 1
87926,1.0
87955,3.0
88016,Pos. 1.1
88097,1
88098,2
88099,3
88100,4
88101,5
88102,1.1 + 5.1
88103,10
88364,38.0
88549,Pos. 4.0
100506,2.0
103035,7
100505,1.0
100359,26.3
92787,13
88803,POS 1
88804,POS 2
88818,Pos. 3.0
88819,Pos. 4.0
89114,1.1
88957,5.0
89024,2
89113,1.0
92780,1
89146,1.1
88953,1.0 - 4.0
89018,4.0
89410,Pos. 1.0 + 1.5
89259,2.1 + 4.1
89177,2.0
89185,1.0
89186,2.0
89187,1.0
89193,2.0
100355,24
89254,1.0
89255,1.0
89256,1.0
89628,7
89608,Pos. 1/2/3/4
89609,Pos. 1/3/4
89612,Pos. 30
89613,Pos. 23
89614,Pos. 23
89615,Pos. 23
89629,8
89622,1
89623,2
89624,3
89625,4
89626,5
89627,6
89630,9
89631,10
89632,11
89633,12
89634,13
89635,14
89636,15
89637,16
89638,17
89639,18
89640,19
89641,20
89642,21
89703,3.1
89705,3.1
89701,1.0 + 2.0
89765,Pos. 4.0
100360,26.4
90248,10a
92781,2
95140,1
90075,2.0
90076,2.1
95141,2
97001,Pos. 7
90246,9
90247,10
90238,1
90239,2
90240,3
90241,4
90242,5
90243,6
90244,7
90245,8
90249,11
90250,11a
90423,2.2
90688,1.1
90692,4.1
90802,3.0
90875,1.0
90999,1.0
91069,1
91800,Konverter für LT (gross) hängend
91789,1.0
91694,1.0
91695,2.0
91696,3.0
91786,1.0
91787,2.0
91788,3
92073,1.1
92074,4.1
92095,Pos. 1.0
92096,Pos. 5.0
92097,Pos. 2.0
92098,Pos. 3.0
92099,Pos. 4.0
92006,2.1
95142,3
95143,4
92688,1
92689,2
92690,3
92691,4
92692,5
92693,6
92694,7
92695,8
92696,9
92697,10
92698,11
92699,12
92700,13
92701,14
92702,15
92703,16
92704,17
92705,18
92706,19
92707,20
92708,21
92709,22
92710,23
92772,1.5
92766,Pos. 1.3
92783,4
92784,5
92785,6
92786,12
92788,14
92789,15
92790,16
92791,17
92792,18
92793,19
92794,20
92795,21
92796,22
92797,23
92846,POS. 3
92909,1.0
92968,3.0
92978,POS 1
92979,POS 2
121136,2
93158,"Convertisseur pour ""croix Amavita"""
93273,4.1
93570,1
93571,2
93572,3
93573,4
93574,5
93575,6
93576,7
93577,8
93578,9
93579,10
93639,1
93640,2
93641,3
93642,4
93643,5
93840,9a
93706,110
93716,1
93841,10
93764,1.0
93766,1.8
93842,10a
93827,1
93828,2
93829,3
93830,4
93831,11
93832,5
93833,6
93834,6a
93835,7
93836,7a
93837,8
93838,8a
93839,9
100356,25
103036,8
93965,1
94301,POS 1
94302,POS 2
94303,POS 3
94304,POS 5
94305,POS 6
94346,11
94784,30.0 - 30.22
94876,1.0
94877,2.0
94899,1
94900,2
95031,1
95032,6
95033,7
95034,8
95035,9
95036,10
95725,Pos. 1à17
95148,1
95149,2
95150,3
95151,4
95157,2
95158,3
95159,4
95164,1
95165,2
95166,3
95167,4
95172,1
95173,2
95174,3
95175,4
95180,1
95181,2
95182,3
95183,4
96913,POS. 10.2
95188,1
95189,2
95190,3
95191,4
95205,1
95206,2
95207,3
95208,4
95213,1
95214,2
95215,3
95216,4
95221,1
95222,2
95223,3
95224,4
95231,1
95233,2
95234,3
95235,4
95240,1
95242,2
95243,3
95244,4
95328,1.0
122378,1
95487,Pos. 1
95488,Pos. 2
95489,Pos. 1
74422,3
95490,Pos. 2
122410,2.0
95644,POS. 1 / 2
95645,POS. 5
95646,POS. 6
95722,Pos.                                                                       1A & 2A
95723,Pos. 1à17
95724,Pos. 1à17
95726,Pos. 1à17
95727,Pos. 3
95728,Pos. 5A
95729,Pos. 6
95730,Pos. 7
95731,Pos. 8
95732,Pos. 10
112062,1.0
95733,Pos. 11&12
95734,Pos. 13
95735,Pos. 14
95736,Pos. 17
95843,Pos. 6.0
95904,2.0
96238,1
96249,10.0/10.1
96429,30
96431,50
96446,2.1
96912,POS.1
96504,2.1
96673,1
96883,POS. 10.2
96884,POS. 10.1/44/64/78/104/124/144/162/178
96885,POS. 21 à 24
96829,1
96830,2
96831,3
96832,4
96833,5
96834,6
96835,7
96675,Pos. 3.0
96618,1.0
96836,8
96837,9
96838,10
96839,11
96840,12
96841,13
96842,14
96843,15
96844,16
96845,17
96846,18
96847,19
96848,20
96849,21
96864,1.0
96865,2.0
96866,1.0
96886,POS. 11 à 20
96882,POS.1
96887,POS. 10.4/44.2/64.2/78.2/104.2/124.2/144.2/162.2/178.2
96888,TOT. 1
96889,POS. 26/46
96890,POS.32 à 43 / 52 à 63
96891,POS.27 à 30 /  47 à 50
96892,POS.31/ 51
96893,POS.66 à 71/74 à 81/84.2
96894,POS. 72/73/82/83
96895,POS.80 à 99.2
96896,POS.100 à 103
96897,POS.107 à 121.2/127 à143.2
96898,POS.122 à 123/141/142
96899,POS.147à161.2/165à175.2
96900,POS.159/160/176/177
96914,POS. 10.1/44/64/78/104/124/144/162/178
96915,POS. 21 à 24
96916,POS. 11 à 20
96917,POS. 10.4/44.2/64.2/78.2/104.2/124.2/144.2/162.2/178.2
96918,TOT. 1
96919,POS. 26/46
96920,POS.32 à 43 / 52 à 63
96921,POS.27 à 30 /  47 à 50
96922,POS.31/ 51
96923,POS.66 à 71/74 à 81/84.2
96924,POS. 72/73/82/83
96925,POS.80 à 99.2
96926,POS.100 à 103
96927,POS.107 à 121.2/127 à143.2
96928,POS.122 à 123/141/142
96929,POS.147à161.2/165à175.2
96930,POS.159/160/176/177
96976,Pos. 1
96977,Pos. 2
96978,Pos. 3
96979,Pos. 4
96980,Pos. 1à4
96981,Pos. 1à4
97009,Pos. 4
96983,Pos. 1
96984,Pos. 1à3
96985,Pos. 1à3
96987,Pos. 3
96988,Pos. 4
96989,Pos. 0
96990,Pos. 1
96991,Pos. 2
96992,Pos.  1à7
96993,Pos. 1à7
96994,Pos. 1à7
96995,Pos. 1à7
96996,Pos. 1à7
97011,Pos. 6
96997,Pos. 3
96998,Pos. 4
106614,1.0
97002,Pos. 1
97012,Pos. 7
97003,Pos. 2
97004,Pos. 3
97005,Pos. 1 à 8
97006,Pos. 1 à 8
97007,Pos. 1 à 8
97008,Pos. 1 à 8
97010,Pos. 5
97030,Pos. 1à4
97013,Pos. 8
97014,Pos. 1
97015,Pos. 2
97016,Pos. 1à5
97020,Pos. 3
97021,Pos. 4
97022,Pos. 5
97023,Pos. 1
97024,Pos. 2
97025,Pos. 3
97026,Pos. 4
97027,Pos. 1à4
97028,Pos. 1à4
97029,Pos. 1à4
97031,Pos. 1
97032,Pos. 2
97033,Pos. 1à6
97034,Pos. 1à6
97035,Pos. 1à6
97036,Pos. 1à6
97037,Pos. 3
97038,Pos. 4
97039,Pos. 5
97040,Pos. 6
97148,POS. 1
97149,POS. 2.1 A
97150,POS. 2.2
97151,POS. 3 /4
113779,2.0
97153,POS. 6
97208,Pos. 1
97209,Pos. 2
97210,Pos. 1à5
97211,Pos. 1à5
97212,Pos. 1à5
97213,Pos. 1à5
97214,Pos. 3
97215,Pos. 4
97216,Pos. 5
97217,Pos. 6
97225,Pos. 1
97226,Pos. 2
97227,Pos. 3
97228,Pos. 1à7
97229,Pos. 1à7
97230,Pos. 1à7
97231,Pos. 1à7
97232,Pos. 4
97233,Pos. 5
97234,Pos. 6
97235,Pos. 7
97236,Pos. 1à7
97388,2..0
97387,1.0
97727,Pos. 2
97728,Pos. 1
97726,Pos. 1
98040,3.0
98875,POS. 3
98944,4.0
98972,6.0
99270,6.0
99491,Showroom
99492,Professional
99493,4.0 Entrance
99494,4.0 Entrance
99495,Entrance
112717,10.0
99653,3.1
99700,1
99701,2
99702,3
100357,26.1
100358,26.2
100183,1.0
100184,2.0
100186,3.0
100128,4.0 Entrance
100252,1.0
100250,1.0
100316,1
100325,1.a
100326,1.a (PV)
100327,2.b
100328,2.b (PV)
100329,3.b
100330,3.b (PV)
100331,4.b
100332,4.b (PV)
100333,5.a
100334,5.a (PV)
100335,6.
100336,6. (PV)
100337,7.
100338,7. (PV)
100339,8.
100340,8. (PV)
100349,18.b
100341,9
100342,9.(PV)
100343,10.
100344,10.(PV)
100345,13.b
100346,14.a
100347,15.b
100348,16.b
100350,19.
100351,20
100352,21
100353,22
100354,23
100362,(PV)
101163,9
100234,8
100968,1.0
105310,1
105311,2
101162,3
100981,2
101049,20_03 / 20_04
101183,Pos. 1.0
101184,Pos. 2.0
101185,Pos. 3.0
101186,Pos. 4.0
101187,Pos.5.0
101188,Pos. 6.0
101189,Pos. 7.0
101191,1
101192,2
101193,3
101194,4
101195,5
101053,30_01
101418,31.0
101521,POS. 1
101522,POS. 2
101523,POS. 3
101524,POS. 4
105312,3
101647,12.2
101645,3.0
101642,1.1
101865,8
101866,9
101858,1
101859,2
101860,3
101861,4
101862,5
101863,6
101864,7
101948,2.1/2.2
101867,1a
101868,2a
101869,3a
101870,4a
101871,5a
101872,6a
101873,7a
101874,8a
101875,9a
101958,Pos. 1
101959,Pos. 1à7
101960,Pos. 1à7
101962,Pos. 1à7
113780,3.0
101963,Pos. 2
101964,Pos. 3
101965,Pos. 4
101966,Pos. 5
101967,Pos. 6
101968,Pos. 7
101900,10_12
102775,Pos. B
102117,30.0 - 30.24
102118,10.1 - 10.20
102121,31.1
102122,40.0 - 40.3
102133,38.0
112718,20
102496,3.0
102409,10
102402,3
102436,37
102440,41
102773,Pos. A
102774,Pos. A
102776,Pos. A-B
102777,Pos. A-B
102778,Pos. A-B
102779,Pos. A-B
102780,Pos. A
102781,Pos. A
112721,20.0
102782,Pos. A-B
102783,Pos. A-B
102784,Pos. A-B
102785,Pos. A-B
102807,20_03 / 20_04
103105,4.1
103102,1
103103,2
103104,4
103155,1
103085,2.0 + 3.0
103088,1.0
103250,2.0
103345,1
103346,2
103347,3
103348,4
103349,5
103350,6
103470,1
103471,2
103472,3
103473,4
103474,5
103475,6
103476,7
103477,8
103478,9
103479,10
103480,11
103481,12
103482,13
103483,14
103484,15
103215,1.0
103253,5.0
103614,7
103847,Pos3.1
103848,Pos4.1
122379,2
103906,1.0
104100,Pos 3
104055,Pos 30.5
104103,5.1
104104,Pos 6
104105,Pos 7
104178,1
104179,2
104565,2
104335,1.0
104356,3.0
104442,1
104443,2
104444,3
104445,4
104446,5
104564,1
104566,3
104570,7
104571,8
104377,Pos. 6.0
104572,9
104567,4
104568,5
104569,6
104654,1
104655,2
104656,3
104657,4
104658,5
104659,6
104660,7
104661,8
104662,9
104663,10
104664,11
104665,12
104666,13
105021,20_03 / 20_04
104868,5.6
105265,9.0
105267,10.0
105260,6.0
105313,4
105314,5
105315,6
105316,7
105317,8
105318,9
74423,4
105263,8.3
105409,Façade Nord
105410,Façades Sud et Ouest
105511,Pos. 1 - VAR-A
105746,Showroom
105749,Professional
105750,4.0 Entrance
105751,4.0 Entrance
105752,Entrance
105871,1
105872,2
105873,3
105874,4
105875,5
105876,8
105877,9
105878,10
105879,11
106100,6.0
106925,Pos. 4
74424,5
106923,Pos. 1
106924,Pos. 3
106941,1
106943,1
107002,1
107710,2.0
107756,1.0
108062,1
108063,2
108082,POS 1.
108385,VAR . A
108520,Pos. 1
108530,1
108531,2
108532,3
108533,4
108534,5
108535,6
108536,7
108544,1
123247,5.0
108881,2.0
123249,6.1
112685,2.0
108961,4.0
109005,1.0
109093,Pos. 1&2
109094,Pos. 3
109095,Pos. 4
109096,Pos. 5
109102,Pos. 5
109103,Pos. 6
117104,10.0
109416,POS 1
109418,POS 2
109419,POS 3
109420,POS 4
109421,POS 5
109422,POS 7
109423,POS 8
109424,POS 9
109425,POS 11
109426,POS 12
109427,POS 14
109554,1
109555,2
112688,20.0
109830,1.0
109831,2.0
109880,1
109935,1
109936,2
110565,1.0
110566,2.0
110567,3.0
110758,POS 8
110832,1
110833,2
110834,3
110846,3.3
110770,1.0
111090,1
111091,2
111139,1
111140,2
111141,3
111142,4
111143,5
111556,1
111557,2
111558,3
111559,4
111560,5
111561,6
111562,7
111563,8
112633,3
120972,11.0
122411,3.0
111696,Pos. 4
111869,7.2
111873,8.5
112044,2.0/3.0
112046,5.0
112063,1.6
112631,1
112632,2
112634,4
112635,5
112636,6
112637,7
112638,8
112639,9
112640,10
112641,11
112642,12
120684,3.0
120821,1
120822,2
120823,3
112711,2.5
113249,7
113250,8
113255,13
113256,14
113705,11.0
113686,20
113815,GW
113722,20
118572,1.0
123927,1
113778,1.0
113718,20.0
120054,1.0
114282,POS. 7
114431,Pos. 1
114432,Pos. 2
114433,Pos. 3
114434,Pos. 4
114364,GW
114505,30.5
114471,Pos. 1
114472,Pos. 1_a
114474,Pos. 2
114475,Pos. 1 et 2
120056,2.0
114603,Pos. 1
114544,1
114545,2
114546,3
114604,Pos. 2
114605,Pos. 3
114606,Pos. 4
114778,Pos. 4.0
114788,4
114785,1
114789,5
115068,1
115146,Pos. 5.0
115199,1
115200,2
115201,3
115202,4
115203,5
115204,6
115395,1
115396,2
117528,4.0
113781,4.0
113782,5.0
118581,1.0
113615,4.01
121264,1
121265,2
115830,1.0
120057,2.1
117529,4.1
116013,1
116014,2
116015,3
116016,4
116017,5
116018,6
116019,7
116020,8
115841,31
115839,20
116156,Pos. 1.0 + 1.5
116259,Reserve
116253,4.0 / 6.0
116377,1
116378,2
116379,3
116411,Pos. 2.0
116733,POS. 3
116732,POS. 2
116738,POS. 2
116739,POS. 3
116784,POS. 2
116785,POS. 3
116921,Pos. 1
116922,Pos. 2
116923,Pos. 3
116924,Pos. 4
120058,3.0
117124,Pos. 1-2-3
117303,Pos. 5
120055,1.3
117380,1.0
117381,2.0
117382,3.0
117407,2.3
109680,3.1
109681,4.0
122287,1.0
117580,1.0
117737,1.0 + 1.1
117738,2.0
117739,3.0
117765,1.0
117766,2.0
117767,3.
121465,1
117817,1
117956,1.0
118116,Pos. 4.0
118117,Pos. 5.0
118197,1
118198,2
118199,3
118200,4
118201,5
118202,6
118203,7
118204,8
118266,5
118262,1
118263,2
118264,3
118265,4
118267,6
118268,7
118269,8
118270,9
118271,10
118272,11
118273,12
118274,13
118275,14
118276,15
118564,5
118848,1
118872,1
118906,1
118844,4
119099,20.1
119170,1
119199,1
119200,2
119201,3
119202,4
119203,5
119204,6
122570,3
119205,7
119206,8
119207,9
119208,10
119209,11
119210,12
119211,13
119212,14
119213,15
119214,16
119215,17
119216,18
119217,19
119066,18
119388,220
120838,1
120839,2
120840,3
120841,4
119611,20
73546,3
73547,4
32659,center-signaletik
32660,center-signaletik
32661,center-signaletik
33673,15
32662,center-signaletik
32663,center-signaletik
31968,1
31969,2
31970,3
31971,4
31972,5
32100,1
32101,2
32102,3
32103,4
32104,5
32105,6
32106,7
32107,8
32108,9
32109,10
32110,11
32111,12
32112,13
32113,14
32114,15
32115,16
32116,17
32127,1
32129,1
32132,1
32303,1
32304,2
32305,3
32306,4
32309,7
32311,9
32312,9a
32313,10
32315,12
32317,14
32319,16
32322,19
32323,20
32653,Pos. 10
32654,Pos. 20
32655,Pos. 70
32656,Pos. 80
32657,Pos. 90
32658,center-signaletik
32779,1
32780,2
32783,2
32784,3
32785,4
32786,5
32800,1
32801,2
32802,3
32803,4
32804,5
32805,6
32806,7
32807,8
32808,9
32809,10
32810,11
32811,12
32812,13
32814,15
32815,16
32816,17
32817,18
32818,19
32819,20
32821,1
32822,2
32823,3
32824,4
32826,1
32827,2
32828,3
32829,4
32830,5
32831,6
32832,7
32833,8
32835,10
32837,1
32838,2
32839,3
32840,4
32841,5
32842,6
32843,7
32844,8
32845,9
32846,10
32847,11
32850,14
32851,15
32852,16
32853,17
32886,1
32887,2
32905,4
32906,16
32908,18
32909,18a
32910,19
32911,19a
32915,1
32916,2
32917,3
32918,4
32919,5
32920,6
32921,7
32922,8
32923,8a
32924,9
32929,1
32930,2
32931,3
32932,4
32934,6
32935,7
32936,1
32937,2
32938,3
32939,4
32940,5
32941,6
32942,7
32943,8
32944,9
32945,10
32946,11
32947,12
32948,13
32949,14
32950,15
32951,16
32953,1
32954,2
32955,3
32956,1
32957,2
32958,3
32959,4
32960,5
32961,6
32962,1
32963,2
33107,3
32987,1
32988,2
32989,3
32990,4
32993,40
32994,41
32995,42
32996,43
32997,44
32998,45
32999,46
33000,47
33001,48
33002,49
33003,50
33004,51
33006,53
33007,54
33008,55
32130,2
32307,5
32308,6
32310,8
32314,11
32316,13
32318,15
32320,17
32321,18
32782,1
32813,14
32825,5
32834,9
32848,12
32849,13
32907,17
32925,10
32933,5
33005,52
33010,77
33011,78
33012,79
33013,80
33016,83
33017,84
33018,85
33035,86
33036,87
33037,88
33038,89
33039,90
33040,91
33041,92
33042,93
33043,94
33044,95
33045,96
33046,97
33048,99
33049,100
33050,101
33051,102
33052,103
33053,104
33056,107
33057,108
33060,1
33061,1
33062,2
33064,4
33069,1
33070,2
33071,3
33072,4
33073,5
33074,6
33094,1
33095,2
33096,3
33097,4
33098,5
33099,6
33100,7
33101,8
33102,9
33103,10
33104,11
33105,12
33112,1
33115,1
33116,2
33161,1
33162,2
33165,1
33166,2
33167,3
33168,1
33169,2
33170,3
33171,4
33172,5
33176,1
33177,2
33179,2
33180,3
33182,56
33183,57
33184,58
33185,59
33186,60
33187,61
33188,62
33189,63
33190,64
33191,65
33192,66
33193,67
33194,68
33195,69
33196,70
33198,72
33199,73
33201,75
33202,76
33204,1
33205,2
33208,1
33209,2
33660,1
33661,3
33662,4
33663,5
33664,6
33665,7
33666,8
33667,9
33668,10
33669,11
33670,12
33671,13
33672,14
33769,1
33770,1
33771,2
33772,3
33773,4
33774,5
33775,6
33776,7
33778,1
33779,2
33780,3
33781,4
33782,5
33783,6
33784,1
33785,2
33787,4
33788,5
33789,6
33790,1
33791,2
33792,3
33793,4
33794,5
33795,6
33796,7
33797,8
33804,1
33805,2
33806,3
33807,4
33808,5
33809,6
33810,7
33811,8
33814,1
33815,2
33816,3
33817,4
33818,1
33819,2
33846,1
33847,2
33848,3
33849,4
33853,2
33854,3
33855,4
33856,5
33857,6
33858,7
33859,8
33860,1
33861,2
36103,2
33867,1
33868,2
33874,1
33948,2
33949,3
33950,4
33951,5
33952,6
33953,7
34104,1
34105,2
34106,3
34107,4
34108,5
34109,6
34110,7
34111,8
34112,9
34127,1
34128,2
34129,3
34130,4
34131,5
34132,6
34133,7
34134,8
34135,9
34136,10
34137,11
34138,12
34139,13
34140,14
34141,15
34142,16
34143,17
34144,18
34152,1
34159,1
34167,1
34168,2
34169,1
34170,2
34171,3
34173,1
34174,2
34351,15
34387,1
34388,2
34389,3
34390,4
34391,5
34392,6
34393,7
34394,8
34395,9
34396,1
34461,6
34462,8
34463,44
34464,45
34465,46
34466,1
34467,2
34470,5
34475,2
34476,3
34477,4
34483,2
34484,3
34485,4
34486,5
34497,1
34498,2
34500,4
34501,5
34502,6
34503,7
34504,8
34507,1
34509,3
34517,16
34631,1
34634,1
34635,2
34637,4
34638,5
34639,6
34640,7
34641,8
34642,9
34643,10
34644,11
34645,12
34646,13
34647,14
34832,1
34833,2
34834,3
34835,4
34836,5
34837,6
34838,7
34839,8
34840,9
34841,10
34842,11
34843,12
34853,1
34854,2
34855,3
34856,4
34860,1
34861,1
34862,4
34863,1
34864,2
34865,3
34866,4
34867,5
34868,6
34878,1
34879,2
34880,3
34881,4
34882,5
34883,6
34884,7
34885,8
34886,9
34887,10
34891,14
34892,15
34893,16
34894,17
34895,18
34896,19
34897,20
34898,21
34899,22
34900,23
34901,24
34902,25
34903,26
34904,27
34906,29
34907,30
34927,1
34928,2
34929,3
34930,4
34931,5
34932,6
34933,7
34934,8
34935,9
34936,10
34937,11
34938,12
34939,13
34941,15
34942,16
34943,17
34944,18
34945,19
34946,20
34947,21
34948,22
34951,1
34952,2
34953,3
34954,4
34955,5
34956,6
34957,7
34958,8
34959,9
34960,10
34961,11
34962,12
34963,13
34964,14
34965,15
34994,1
34995,2
34999,2
35000,3
35003,1
35004,2
35005,3
35006,4
35007,5
35008,6
35010,8
35011,9
35012,10
35013,11
35376,4
35373,1
35374,2
35375,3
35378,2
35379,3
35380,4
35381,5
35393,3
35395,5
35410,1
35411,2
35412,3
35413,3a
35414,4
35415,4a
35416,5
35418,2
35427,1
35428,2
35429,3
35430,4
35431,5
35432,6
35433,7
35435,2
35436,3
35438,5
35439,5a
35440,6
35441,6a
35447,1
35448,2
35449,3
35450,4
35451,5
35589,1
35590,2
35592,1
35593,2
35594,3
35595,4
35596,5
35597,6
35598,7
35600,9
35601,10
35602,11
35603,12
35605,14
35606,15
35607,16
35608,17
35609,18
35610,19
35611,20
35612,21
35613,22
35615,1
35616,2
35617,3
35618,1
35625,5
35626,6
35627,7
35628,8
35629,9
35630,10
35631,11
35632,12
35633,13
35634,14
35635,15
35636,16
35637,17
35638,18
35639,19
35640,20
35714,1
35715,2
35716,3
35718,5
35719,6
35720,7
35721,8
35722,9
35723,10
35724,11
35725,12
35730,2
35731,3
35732,4
35733,5
35734,6
35736,2
35737,3
35738,4
35739,5
35740,6
68797,A2
68798,A3
33014,81
33015,82
33047,98
33054,105
33055,106
33063,3
33113,2
33178,1
33197,71
33200,74
33206,3
33210,3
33679,1
33680,2
33681,3
33682,4
33786,3
33852,1
33875,2
33947,1
34145,1
34146,2
34147,3
34148,4
34149,5
34150,6
34468,3
34469,4
34474,1
34478,5
34482,1
34487,6
34499,3
34508,2
34632,1
34636,3
34888,11
34889,12
34890,13
34905,28
34908,31
34940,14
34998,1
35001,4
35009,7
35377,1
35391,1
35392,2
35394,4
35417,1
35434,1
35437,4
35599,8
35604,13
35621,1
35622,2
35623,3
35624,4
35717,4
35729,1
35735,1
35741,7
37708,Pos.3.0
36102,1
36104,3
36105,3a
36106,4
36107,4a
36114,1
36115,2
36116,3
36118,5
36119,6
36120,7
36122,9
36123,10
36124,11
36135,1
36136,2
36137,3
36138,4
36139,5
36140,6
36141,7
36142,8
36204,2
36205,3
36206,4
36207,5
36208,6
36211,9
36212,10
36213,11
36214,12
36216,1
36217,2
36218,3
36219,4
37123,2
36220,5
36221,6
36222,6a
36223,7
36238,5
36239,1
36240,1
36241,1
36242,2
36243,3
36244,4
36246,1
36247,2
36248,3
36249,1
36251,2
36253,1
36254,2
41263,70
36282,1
36288,1
36289,2
36290,3
36291,4
36292,5
36293,6
36308,1
36309,2
36310,3
36311,4
36349,2
36350,3
36351,4
36352,19
36353,20
36354,21
36369,1
36370,2
36371,3
36372,4
36373,5
36374,6
36375,7
36376,8
36409,9
36401,1
36402,2
36403,3
36404,4
36405,5
36406,6
36407,7
36408,8
36412,12
36413,13
36414,14
36415,15
36416,16
36417,17
36418,18
36419,19
36421,21
36422,22
36423,23
36424,24
36425,25
36426,26
36427,27
36428,28
36429,29
36430,30
36431,31
36432,32
36433,33
36434,34
36435,35
36436,36
36455,2
36457,4
36458,5
36459,6
36461,8
36462,9
36463,10
36509,3
36511,5
36513,7
36514,8
36515,9
36516,10
36518,12
36519,13
36520,14
36521,15
36522,16
36523,17
36524,18
36525,19
36526,20
36527,21
36528,22
36529,23
36530,24
36531,25
36532,26
36533,27
36534,28
36535,29
36538,32
36539,33
36540,34
36541,35
36542,36
36543,37
36544,38
36555,1
36557,1
36558,2
36559,3
37239,25
36774,1
36775,2
36887,1
36888,2
36889,3
36890,4
36891,5
36892,6
36894,8
36895,9
36896,10
36904,2
36905,3
36906,4
36907,4a
36908,5
36909,5a
36910,6
36911,6a
36918,1
36919,2
36920,3
36921,4
36922,5
36928,1
36975,1
36978,5
36979,27
36980,28
37104,5
37094,1
37095,2
37100,1
37101,2
37102,3
37103,4
37105,6
37106,7
37107,8
37109,10
37110,11
37111,12
37112,13
37113,14
37114,15
37122,1
37134,25
37135,26
37136,27
37137,28
37138,29
37139,30
37140,31
37141,32
37142,33
37143,34
37144,35
37145,36
37146,37
37148,39
37149,40
37150,41
37151,42
37152,43
37153,44
37154,45
37155,46
37156,47
37157,48
37158,49
37159,50
37193,1
37194,2
37195,3
37196,4
37197,5
37198,6
37199,7
37200,8
37215,1
37216,2
37217,3
37218,4
37219,5
37221,7
37222,8
37224,10
37225,11
37226,12
37227,13
37229,15
37230,16
37232,18
37234,20
37235,21
37236,22
37237,23
37238,24
37240,26
37241,27
37242,28
37243,29
37244,30
37245,31
37246,32
37247,33
37248,34
37249,35
37250,36
37251,37
37253,39
37254,40
37256,42
37257,43
37258,44
37259,45
37260,46
37261,47
37262,48
37263,49
37264,50
37311,1
37313,3
37314,4
37315,5
37317,7
37318,8
37319,9
37320,10
37321,11
37322,12
37323,13
37324,14
37325,15
37326,16
37327,17
37328,18
37329,19
37330,20
37331,21
37332,22
37333,23
37335,25
37336,26
37337,27
37338,28
37339,29
37340,30
37341,31
37342,32
37343,33
37344,34
37345,35
37347,37
37364,1
37365,1a
37366,1b
37367,2
37368,2a
37369,2b
37370,3
37371,3a
37372,3b
37373,4
37374,4a
37375,4b
37376,5
37377,5a
37378,5b
37482,1
37495,1
37496,2
37497,3
37498,4
37499,5
37652,7
37645,1
37646,2
37647,1
37648,2
37649,4
37650,5
37653,8
37654,9
37840,1
37841,2
37843,4
37844,5
37846,7
37849,1
37851,3
37852,4
37853,5
37854,1
37858,1
37859,2
37860,3
37861,4
37862,5
37863,6
38119,1
38120,2
38124,1
38125,2
38126,3
38127,1
38262,1
38263,1
38264,2
38265,1
38266,2
38267,3
38268,4
38269,1
38270,2
38271,3
38272,4
38274,6
38275,7
38277,1
38278,2
38279,3
38280,4
38281,5
38282,6
38283,7
38284,8
38285,9
38286,10
38287,11
38288,12
38289,13
38290,1
38291,2
38292,3
38293,4
38294,5
38295,6
38296,7
38298,1
38301,1
38302,2
38325,2
38326,3
38337,2
38338,3
38339,4
38341,1
38342,2
38343,3
38344,4
38348,1
38349,2
38350,3
38352,1
38353,2
38354,3
38355,4
38356,5
38357,6
38358,7
38359,8
38360,9
38363,1
38364,1
38366,1
38367,2
38368,3
38369,4
38372,7
38373,8
38530,1
38554,1
38555,1
38556,2
38557,3
38559,5
38560,1
38572,4
38573,5
38575,7
38576,8
38588,1
38589,2
38590,3
38591,4
38592,5
38593,6
38594,7
38595,8
38596,9
38597,10
38598,11
38599,12
38600,13
38601,14
38602,15
38603,16
38691,9
38694,12
38696,14
38697,15
38698,16
38699,18
38709,1
38710,2
38711,3
38719,1
38730,1
38731,2
38732,3
38736,7
38737,8
38738,9
38739,10
38748,1
38749,2
38750,3
36108,5
36117,4
36121,8
36203,1
36209,7
36210,8
36250,1
36410,10
36411,11
36420,20
36454,1
36456,3
36460,7
36507,1
36508,2
36510,4
36512,6
36517,11
36536,30
36537,31
36893,7
36897,11
36903,1
36972,1
36973,2
37108,9
37147,38
37220,6
37223,9
37228,14
37231,17
37233,19
37252,38
37255,41
38843,20
37312,2
37316,6
37334,24
37346,36
37348,38
37500,6
37651,6
37834,1
37842,3
37845,6
37850,2
38121,3
38122,4
38273,5
38299,1
38324,1
38336,1
38370,5
38371,6
38374,9
38558,4
38569,1
38570,2
38571,3
38574,6
38604,17
38692,10
38693,11
38695,13
38733,4
38734,5
38735,6
38751,4
38762,4
38763,5
38764,6
38765,7
38795,1
38796,2
38797,3
38798,4
38799,5
38800,6
38801,7
38802,8
38803,9
38804,10
38807,11
38808,12
38809,13
38810,14
38811,1
38812,2
38813,3
38814,4
38816,1
38817,2
38824,1
38825,11
38838,15
38839,16
38840,17
38841,18
38842,19
38844,21
39385,1
39387,3
39388,4
39389,5
39390,6
39391,7
39400,2
39402,4
39403,5
39404,6
39409,1
39410,1
39411,2
39412,3
39414,5
39415,6
39416,7
39417,8
39418,9
39419,10
39423,1
39425,3
39426,4
39427,5
39433,1
39434,2
39435,3
39439,7
39443,11
39446,14
39447,15
39448,16
39449,17
39450,18
39451,19
39462,3
39463,4
39464,5
39466,7
39467,8
39468,9
39469,10
39471,12
39472,13
39473,14
39474,15
39475,16
39476,17
39477,18
39478,19
39479,20
39480,21
39481,22
39482,23
39483,24
39484,25
39485,26
39486,27
39488,29
39489,30
39490,31
39491,32
39492,33
39493,34
39494,35
39495,36
39496,37
39497,38
39806,1
39808,3
50160,6
39809,4
39811,6
39812,7
39813,8
39820,1
39821,2
39822,3
39823,4
39824,5
39825,6
39826,7
39827,8
39828,9
40204,1
40205,2
40206,3
40212,1
40218,4
40219,4a
40220,5
40221,5a
40222,1
40223,2
40225,4
40226,5
40234,1
40236,3
40237,4
40238,5
40239,6
40240,7
40241,8
40243,10
40244,11
40245,12
40246,13
40247,14
40248,15
40249,16
40482,3
40483,4
40484,5
40486,7
40487,8
40488,8a
40490,2
40819,4
40491,3
40492,4
40493,5
40495,7
40496,8
40497,8a
40499,1
40500,2
40501,1
40503,3
40504,4
40506,1
40508,3
40509,4
40512,1
40521,1
40522,2
40523,3
40524,4
40525,5
40526,6
40527,7
40528,8
40529,9
40530,10
40531,11
40532,12
40687,8
40821,6
40707,1
40715,1
40716,2
40718,1
40727,6
40728,8
40731,1
40732,2
40733,1
40734,4
40818,3
40758,1
40759,2
40762,1
40763,2
40764,1
40765,2
40766,3
40767,4
40768,5
40769,6
40770,7
40771,8
40772,9
40773,10
40784,1
40785,2
40786,3
40787,1
40790,4
40791,5
40792,6
40793,7
40794,8
40795,9
40796,10
40797,11
40799,1
40800,2
40801,1
40802,2
40803,3
40804,4
40805,5
40806,6
40808,8
40809,9
40810,10
40812,12
40885,2
40884,1
40886,3
40887,4
40888,5
40889,6
40890,7
40891,8
40898,1
40899,2
40900,3
40901,4
40902,5
40903,6
40904,7
40905,8
40906,9
40907,10
40908,11
40909,12
40910,13
40911,14
40912,15
40913,16
41066,1
41067,2
41068,3
41069,4
41070,5
41071,1
41072,2
41073,1
41074,1
41075,14
41189,1
41191,3
41192,4
41193,5
41195,7
41197,1
41198,2
41228,35
41229,36
41231,38
41232,39
41233,40
41235,42
41237,44
41241,48
41242,49
41244,51
41245,52
41246,53
41247,54
41248,55
41249,56
41250,57
41251,58
41252,59
41254,61
41255,62
41256,63
41257,64
41258,65
41259,66
41260,67
41261,68
41262,69
41264,71
41267,74
41268,75
41277,1
41278,2
41279,3
41280,4
41281,5
41282,6
41283,7
41285,9
41286,10
41293,1
41294,2
41295,3
41296,4
41297,5
41298,6
41299,17
41306,1
41307,2
41308,3
41309,4
41310,5
41311,6
41312,7
41324,1
41328,1
41329,1
41341,1
41342,2
41343,3
41344,4
41345,5
41346,6
41347,7
41348,8
41349,9
41350,10
41351,11
41352,12
41353,13
41354,14
41356,16
41358,18
41359,19
41360,20
41361,21
41362,22
41363,23
41364,24
41367,27
41372,1
41373,1
41374,2
41375,3
41376,4
41379,7
41389,1
41390,2
41391,3
41392,4
41393,5
41394,6
41397,9
41398,10
41399,11
41400,21
41401,22
41402,23
41487,6
41488,7
41481,1
41482,1
41483,2
41484,3
41485,4
41486,5
41489,8
41490,9
41491,10
41492,11
41493,12
41494,13
41496,15
41497,16
41498,17
41499,18
41500,19
41501,20
41502,21
41503,22
41504,23
41505,24
41516,1
41530,1
41531,2
41532,3
41613,2
41614,3
41615,4
41619,1
41624,1
41626,3
41627,4
41628,5
41631,1
41632,12
41633,13
41634,14
41635,1
41636,2
41637,3
41665,1
41666,2
41667,3
41668,4
41669,5
41671,7
41672,8
41673,9
41674,10
41676,12
41678,14
41679,15
41680,16
41682,18
41683,19
41684,20
41685,21
41686,23
41688,25
41689,26
41690,27
41692,29
41695,32
41696,33
39399,1
41823,1
41824,1a
41825,2
41826,2a
41827,3
41828,3a
41829,4
41837,1
41838,2
41839,3
41841,3
41842,4
41843,5
41844,6
41845,7
41847,1
41849,3
41850,4
41851,5
41852,6
41853,7
41854,8
38759,1
38760,2
38761,3
38818,3
38819,4
39386,2
39401,3
39413,4
39424,2
39436,4
39437,5
39438,6
39440,8
39441,9
39442,10
39444,12
39445,13
39460,1
39461,2
39465,6
39470,11
39487,28
39807,2
39810,5
40213,2
40224,3
40227,6
40235,2
40242,9
40485,6
40494,6
40502,2
40505,5
40507,2
40717,3
40751,1
40788,2
40789,3
40807,7
40811,11
40816,1
40817,2
40820,5
40828,13
40835,20
41160,3
41190,2
41194,6
41227,34
41230,37
41234,41
41236,43
41238,45
41239,46
41240,47
41243,50
41253,60
41265,72
41266,73
41272,1
41284,8
41355,15
41357,17
41365,25
41366,26
41377,5
41378,6
41380,8
41381,9
41382,10
41383,11
41384,12
41395,7
41396,8
41495,14
41506,25
41533,4
41612,1
41616,5
41625,2
41670,6
41675,11
41677,13
41681,17
41687,24
41691,28
41693,30
41694,31
41840,2
41848,2
41855,9
41856,10
41857,11
41859,1
42114,2
42049,1
42054,1
42055,2
42057,4
42058,5
42059,6
42060,7
42140,11
42141,12
42142,13
42143,14
42144,15
42145,16
42146,17
42147,18
42148,19
42149,20
42150,21
42151,22
42152,23
42153,24
42154,25
42155,26
42156,27
42157,28
42158,29
42159,30
42160,31
42161,32
42165,36
42166,37
42167,38
42168,39
42169,40
42170,41
42171,42
42172,43
42173,44
42174,45
42175,46
42176,47
42177,48
42183,3
42184,4
42185,5
42186,6
42189,9
42190,10
42191,11
42192,12
42193,13
42194,14
42195,15
42197,17
42198,18
42199,19
42202,22
42203,23
42204,24
42205,25
42207,27
42208,28
42209,29
42210,30
42211,31
42212,32
42214,34
42215,35
42217,37
42218,38
42219,39
42220,40
42221,41
42358,1
42438,3
42440,5
42441,1
42443,3
42444,4
42445,5
42446,6
42531,1
42558,2
42559,1
42560,2
42561,3
42564,6
42565,7
42566,8
42567,9
42568,1
42569,2
42570,3
42571,4
42572,1
42573,2
42574,3
42576,5
42577,6
42581,2
42582,3
42619,2
42621,4
42622,5
42623,6
42627,1
42628,2
42629,3
42630,4
42631,5
42632,6
42634,1
42635,2
42636,16
42637,35
42659,1
42660,2
42661,3
42662,4
42664,6
42665,7
42666,8
42667,9
42668,10
42669,11
42670,12
42671,13
42672,14
42673,15
42674,16
42675,17
42676,18
42678,20
42679,21
42698,1
42699,2
42700,3
42702,5
42703,6
42704,1
42705,2
42706,3
42707,4
42821,1
42823,1
42824,2
42825,3
42826,4
42829,1
42830,2
42831,3
42832,4
42833,5
42834,6
42835,7
42836,8
42837,8a
43020,1
43021,2
43024,1
43129,1
43130,2
43131,3
43132,4
43133,5
43134,5a
43135,6
43137,8
43138,8a
43139,9
43141,1
43142,2
43143,3
43144,4
43145,5
43146,6
43147,7
43148,8
43149,9
43150,10
43151,11
43155,2
43160,1
43161,2
43162,1
43163,2
43164,1
43165,1
43166,1
43167,2
43168,3
43169,4
43170,5
43171,6
43172,7
43173,8
43176,1
43177,2
43178,3
43179,4
43180,5
43181,6
43182,7
43183,8
43185,1
43186,2
43187,3
43188,4
43189,5
43190,6
43192,8
43193,1
43194,2
43195,3
43197,1
43198,2
43199,3
43200,4
43201,5
43202,6
43204,2
43206,4
43209,2
43211,4
43244,1
43245,2
43249,6
43250,7
43251,8
123917,2.0
43252,9
43253,10
43254,11
43255,12
43256,13
43261,1
43262,2
43263,3
43295,1
43296,2
43297,3
43298,4
43299,5
43300,1
73548,5
43301,2
43302,3
43306,1
43307,2
43308,3
43309,4
43312,2
43313,3
43314,4
43318,3
43319,4
43350,1
43351,2
43352,3
43355,6
43356,7
43357,8
43358,9
43359,10
43360,11
43361,12
43362,13
43363,14
43364,15
43373,1
43374,2
43375,3
43380,8
43381,9
43382,10
43383,11
43395,23
43396,24
43472,2
43473,3
43562,1
43557,5
43558,6
43559,7
43563,2
43564,3
43565,4
43566,5
43567,6
43568,6a
43569,7
43570,8
43571,9
43579,2
43580,3
43581,4
43582,5
43749,23
43733,7
43718,5
43727,1
43728,2
43729,3
43732,6
43734,8
43735,9
43738,12
43741,15
43742,16
43743,17
43744,18
43745,19
43746,20
43747,21
43748,22
43774,1
43775,2
43777,4
43778,5
43779,6
43780,7
43781,8
43783,1
44010,2
44011,3
44012,4
44016,3
44037,1
44038,2
44039,1
44040,2
44041,3
44042,4
44043,5
44044,6
44048,1
44049,1
44051,1
44052,2
44053,3
44054,4
44055,5
44056,6
44057,7
44058,8
44059,9
44061,11
44062,12
44063,13
44064,14
44065,15
44066,16
44074,1
44076,3
44077,4
44078,5
44079,6
44080,7
44081,8
44082,9
44083,10
44084,11
44085,12
44087,1
44088,1
44089,1
44090,2
44091,3
44094,1
44095,2
44096,3
44098,5
44101,6
44102,1
44103,2
44104,3
44105,4
44106,5
44107,6
44116,18
44180,177
44181,178
44183,180
44184,181
44185,182
44186,183
44187,184
44188,185
44189,186
44190,187
44191,188
44192,189
44193,190
44194,191
44195,192
44196,193
44199,196
44200,197
44201,198
44202,199
44203,200
44204,201
44205,202
44206,203
42056,3
44207,204
44212,31
44213,32
44214,33
44215,34
44216,35
44217,36
44218,37
44219,38
44220,39
44221,40
44222,41
44223,42
44225,1
44226,2
44227,3
41858,12
42113,1
42162,33
42163,34
42164,35
42187,7
42188,8
42196,16
42200,20
42201,21
42206,26
42213,33
42216,36
42436,1
42437,2
42439,4
42442,2
42557,1
42562,4
42563,5
42575,4
42578,7
43554,2
42580,1
42618,1
42620,3
42663,5
42677,19
42701,4
43022,1
43136,7
43154,1
43156,1
43555,3
43191,7
43203,1
43205,3
43208,1
43210,3
43246,3
43247,4
43248,5
43303,4
43311,1
43316,1
43317,2
43353,4
43354,5
43376,4
43377,5
43378,6
43379,7
43388,16
43391,19
43392,20
43394,22
43471,1
43553,1
43578,1
43730,4
43731,5
43736,10
43737,11
43739,13
43740,14
43776,3
44060,10
44075,2
44097,4
44099,6
44182,179
44197,194
44198,195
44228,4
44229,5
44230,6
44231,7
44232,8
44262,1
44263,2
44264,3
44265,4
44266,5
44267,6
44269,8
44270,9
44271,10
44272,11
44273,12
44274,13
44275,14
44276,15
44277,16
44278,17
44279,18
44280,19
44281,20
44282,21
44283,22
44284,22.2
44285,23
44286,24
44287,25
44288,26
44289,27
44290,28
44291,29
44292,30
44293,31
44294,32
44295,33
44296,34
44297,35
44299,37
45472,14
44422,1
44425,2a
44582,2
44583,3
44581,1
44585,5
44587,7
44589,1
44590,2
44661,1
44664,4
44665,5
44666,6
44667,7
44668,8
44669,9
44671,11
44672,12
44673,13
44674,14
44675,15
44676,16
44677,17
44680,1
44681,2
44683,4
44684,5
44696,7
44697,8
44698,1
44699,2
44700,3
44701,4
44702,5
44703,6
44705,8
44706,9
44708,1
44711,4
44715,1
44716,2
44717,1
44718,2
44719,1
44720,2
44724,2
44725,3
44726,4
44727,5
44728,6
44729,7
44730,8
44734,2
44736,5
44738,7
44742,162
44743,172
44744,174
44883,1
44884,2
44885,1
44886,2
45473,15
44887,3
44888,4
44889,5
44890,6
44892,8
44955,1
45474,16
44956,2
44957,3
44958,4
44959,5
44960,6
44961,7
44962,8
44963,9
44964,10
44965,11
44966,12
44967,13
44968,14
44969,15
45031,2
45032,1
45033,2
45036,5
45037,6
45074,1
45075,2
45475,17
45177,2
45178,3
45179,4
45180,5
45476,18
45388,1
45389,2
45390,3
45391,1
45471,13
45392,1
45394,3
45396,5
45397,6
45451,1
45452,2
45453,3
45454,4
45455,5
45456,6
45457,7
45459,1
45460,2
45461,3
45462,4
45463,5
45464,6
45465,7
45466,8
45467,9
45468,10
45469,11
45470,12
45646,13
45649,1
45618,1
45619,2
45645,1
45653,1
45654,2
45655,3
45656,4
45657,5
45658,6
45659,7
45661,9
45662,10
45663,11
45664,12
45665,13
45667,15
45668,16
45669,17
47970,8
45958,8
45951,1
45952,2
45954,4
45955,5
45956,6
45957,7
45959,1
45960,2
45961,3
45962,4
45964,6a
45965,6b
45966,7
46211,1
46287,6
46212,2
46213,3
46214,4
46215,5
46216,6
46232,1
46233,2
46234,3
46235,4
46236,5
46237,6
46239,1
46240,2
46254,1
46258,1
46270,1
46271,2
46274,1
46276,3
46277,4
46282,1
46286,5
46288,7
46289,8
46290,9
46291,10
46292,11
46293,12
46294,13
46295,14
46296,15
46297,16
46298,17
46300,19
46301,20
46302,21
46306,12
46307,13
46350,1
46351,2
46352,3
46353,4
46354,5
46356,7
46357,8
46358,9
46365,8
46366,21
46367,25
46368,31
46369,32
46370,33
46383,1
46384,2
46385,3
46386,4
46387,5
46389,7
46390,8
46391,9
46392,10
46393,11
46394,12
46395,13
46396,14
46397,15
46398,16
46399,17
46400,18
46401,19
46402,20
46403,21
46405,23
46408,26
46754,7
46409,27
46410,28
46412,30
46414,32
46415,33
46416,34
46417,35
46419,37
46420,38
46452,1
46453,2
46454,3
46455,4
46755,8
46456,5
46502,47
46529,72
46495,40
46496,41
46497,42
46498,43
46499,44
46500,45
46501,46
46756,9
46503,48
46504,49
46506,51
46507,66
46508,67
46509,76
46510,77
46511,52
46513,54
46514,55
46515,56
46516,57
46517,58
46518,59
46519,60
46520,61
46521,62
46522,63
46523,64
46524,65
46525,68
46527,70
46528,71
46530,73
46531,74
46532,75
46533,76.1
46534,77.1
46589,2
46757,10
46697,POS 1
46704,POS 12 / 13 / 14
46698,POS 2
46699,POS 3 /15 / 18
46700,POS 4 / 5 / 11
46701,POS 6
46702,POS 7
46703,POS 8 / 9 / 10
46753,6
46705,POS 16 / 18
46748,1
46749,2
46750,3
46751,4
46752,5
44424,2
46907,1
46908,2
46909,3
46911,5
44268,7
44298,36
44423,1a
44584,4
44586,6
44591,3
44662,2
44663,3
44670,10
44682,3
44685,6
44704,7
44709,2
44710,3
44721,3
44722,7
44723,1
44733,1
44735,4
44737,6
44891,7
45030,1
45034,3
45035,4
45176,1
45393,2
45395,4
45398,7
45643,1
45647,14
45648,15
45660,8
45666,14
45953,3
45963,5
46247,1
46275,2
46283,2
46284,3
46285,4
46299,18
46355,6
46359,10
46360,11
46361,12
46388,6
46404,22
46406,24
46407,25
46411,29
46413,31
46418,36
46421,39
46505,50
46512,53
46526,69
46587,1
46588,1
46901,1
46910,4
46913,7
46915,9
46916,10
46917,11
46920,1
46921,2
46922,3
46923,4
46937,1
46938,2
46939,3
46940,4
46941,5
46942,6
46943,7
46944,8
46945,9
46946,10
46950,14
46951,15
46952,16
46953,17
46954,18
46955,19
46956,20
46957,21
46959,23
46960,24
46961,25
46962,26
46963,27
46964,28
46965,29
46966,30
46968,32
46969,33
46971,35
47055,1
47056,2
47057,3
47058,4
47060,2
47398,1
47405,1
47406,2
47407,3
47410,6
47411,7
47412,8
47419,15
47420,16
47925,4
47931,1
47933,3
47934,4
47935,5
47936,6
47937,7
47938,8
47939,9
47940,10
47941,11
47942,12
47953,1
47954,1
47955,2
47968,4
47969,6
47971,26
47977,1
47978,2
47979,3
47980,6
47982,8
47983,9
47998,4
47999,6
48000,8
48001,26
48005,1
48006,2
48008,4
48009,5
48011,7
48012,8
48013,9
48014,10
48016,12
48017,13
48075,1
48077,3
48078,4
48079,5
48080,6
48081,7
48082,8
48084,10
48316,1
48334,3
64338,13
48287,1
48333,2
48317,2
48318,3
48319,4
48320,5
48321,6
48322,7
48323,8
48324,9
48325,10
48326,11
48332,1
48335,4
48336,5
48337,6
48341,10
48342,11
48343,1
48344,2
48345,3
48346,4
48348,6
48349,7
48352,16
48353,29
48354,36
48440,1
48441,2
48450,1
48453,4
48454,5
48455,6
48456,7
48457,8
48458,9
48460,17
48461,18
48462,19
48463,20
48465,22
48466,23
48467,24
48468,25
48470,2
48471,3
48472,4
48473,5
48496,1
48499,4
48500,5
48501,6
48502,7
48503,8
48504,9
48505,10
48507,4
48510,1
48511,2
48512,3
48513,4
48515,1
48516,2
48517,3
48525,14
48527,16
48528,17
48532,21
48533,22
48534,23
48535,24
48536,25
48537,26
48538,27
48539,28
48540,29
48541,30
48542,31
48547,1
48555,2
48556,3
48557,4
48558,5
48559,6
48560,7
48561,8
48562,9
48563,10
48565,12
48566,13
48568,15
48569,16
48570,17
48571,18
48572,19
48573,20
48574,21
48575,22
48576,23
48598,1
48599,2
48600,3
48601,4
48602,5
48782,1
48783,2
48785,4
48788,5
48900,1
48902,1
48906,1
48977,1
48978,1
48979,2
49026,18
48981,4
48984,7
48987,2
48988,3
48989,4
48990,5
48991,6
48992,7
48993,8
48994,9
48995,10
48996,11
48997,12
48998,13
48999,14
49001,1
49002,2
49003,3
49004,4
49005,5
49006,6
49007,8
49008,9
49009,1
49011,3
49012,4
49013,5
49014,6
49016,8
49018,10
49019,11
49020,12
49021,13
49022,14
49023,15
49024,16
49025,17
49084,1
49085,2
49086,3
49087,4
49088,5
49540,1
49542,1
49544,3
49547,7
49549,1
49550,1a
49551,2
49552,2a
49671,4
49664,1
49665,2
49666,3
49667,4
49668,5
49669,1
49670,2
49672,5
49677,1
49678,2
49679,3
49680,4
49683,2
49684,3
49691,1
49692,2
49693,3
49694,4
49696,1
49697,2
49699,4
49700,1
49701,2
49702,3
49703,4
49710,2
49711,3
49714,6
49717,9
49718,10
49719,11
49720,12
49722,14
49723,1
49725,3
49726,4
49727,5
49730,1
49731,2
49732,1
49733,1
49737,1
49738,2
49742,1
49743,2
49746,5
49747,6
49748,7
49749,8
49751,10
49752,11
49753,12
49757,16
49758,17
49759,18
49760,19
49761,20
49762,21
49764,23
49765,24
49767,1
49768,2
49769,3
49770,4
49827,1
49828,2
49829,3
49830,4
49831,5
49832,6
49833,7
49834,8
49842,16
49843,17
49844,18
49845,19
49846,20
49847,21
50051,1
50052,2
50055,5
50056,6
50060,1
50061,2
50062,4
50063,5
50065,1
50066,2
50067,3
50068,4
50073,1
50075,3
50076,4
50077,5
50078,6
50079,7
50080,7A
50081,8
50082,8A
50083,9
50084,10
50085,1
50086,2
50087,3
50088,5
50089,8
50090,9
50098,8
50099,9
50103,1
50104,2
50105,3
50106,4
50108,6
50110,8
50111,9
50112,10
50113,11
50116,14
50126,1
50128,3
50129,4
50130,5
50131,6
50132,7
50134,9
50135,10
50136,11
50137,12
50138,13
50139,14
50141,16
50142,17
50143,18
50144,2
50145,3
50146,1
50147,2
50148,3
50149,4
50150,5
50151,6
50240,1
50241,2
50242,3
50243,4
50244,5
50245,6
46912,6
46914,8
46924,5
46947,11
46948,12
46949,13
46958,22
46967,31
46970,34
47059,1
47408,4
47409,5
47413,9
47414,10
47415,11
47416,12
47417,13
47418,14
47421,17
47932,2
47981,7
48007,3
48010,6
48015,11
48076,2
48083,9
48085,11
48288,2
48338,7
48339,8
48340,9
48347,5
48442,3
48451,2
48452,3
48459,16
48464,21
48469,1
48494,1
48497,2
48498,3
48518,4
48526,15
48529,18
48530,19
48531,20
48564,11
48567,14
48784,3
48786,4a
48787,4b
48901,1
48905,1
48980,3
48982,5
48983,6
48986,1
49000,15
49010,2
49015,7
49017,9
49028,20
49089,6
49543,2
49545,5
49546,6
49673,6
49681,5
49682,1
49698,3
49709,1
49712,4
49713,5
49715,7
49716,8
49721,13
49724,2
49744,3
49745,4
49750,9
49754,13
49755,14
49756,15
49763,22
49772,1
49835,9
49836,10
49837,11
49838,12
49839,13
49840,14
49841,15
50159,5
50053,3
50054,4
50057,7
50074,2
50101,8
50107,5
50109,7
50114,12
50115,13
50127,2
50133,8
50140,15
50246,7
50247,8
50248,9
50251,12
50252,13
50253,14
50255,16
50256,17
50257,18
50258,19
50259,20
50260,20a
50261,21
50262,21a
50263,22
50264,22a
50265,23
50266,23a
50303,2
50304,3
50305,4
50306,5
50307,6
50309,8
50310,9
50311,10
50312,11
50316,15
50317,16
50318,17
50319,18
50320,19
50321,20
50323,22
50324,23
50325,24
50326,25
50331,1
50636,1
50637,2
50638,3
50641,6
50642,7
50643,8
50644,9
50646,1
50647,2
50648,3
50649,4
50650,1
50651,1
50657,1
50658,2
50659,3
50660,4
50662,6
50663,7
50664,1
50668,1
50669,2
50670,1
50671,2
50672,3
50673,4
50674,5
50677,8
50678,9
50806,1
50809,4
50810,5
50811,6
50812,7
50813,8
50824,2
50825,2a
50827,4
50828,5
50829,6
51396,11
51001,1
51003,3
51006,6
51007,9
51008,10
51011,13
51012,14
51013,15
51014,16
51015,17
51016,18
51017,19
51018,20
51019,21
51020,31
51105,2
51108,2
51110,4
51111,5
51112,6
51280,1
51284,23
51285,24
51294,1
51295,2
51297,4
51299,6
51300,7
51302,1
51303,2
51306,5
51307,1
51308,2
51309,3
51310,1
51311,2
51312,3
51313,4
51314,5
51315,6
51316,7
51317,8
51318,9
51319,10
51320,11
51321,1
51342,1
51344,1
51345,2
51346,3
51349,2
51350,3
51352,1
51354,3
51355,5
51358,1
51369,1
51370,2
51386,1
51387,2
51388,3
51389,4
51390,5
51391,6
51392,7
51394,9
51395,10
51400,1
51403,1
51404,2
51405,3
51406,4
51407,5
51408,6
51409,7
51410,8
51411,9
51871,2
51960,19
51790,1
51864,1
51865,2
51869,1
51870,1
51872,3
51873,4
51874,5
51879,2
51880,3
51881,4
51882,5
51945,4
51925,1
51926,2
51939,1
51940,2
51942,1
51943,2
51944,3
51947,6
51949,8
51950,9
51951,10
51952,11
51953,12
51954,13
51955,14
51956,15
51957,16
51958,17
51959,18
51961,20
51962,31
51970,17
51971,18
51973,20
51974,21
51975,22
51976,23
51977,24
51978,25
51979,26
51980,27
51981,28
51982,29
51983,30
51984,31
51985,1
51986,2
51988,4
51989,5
51990,6
52207,1
52377,1
52208,2
52212,1
52213,2
52214,1
52215,2
52218,5
52219,6
52220,7
52221,8
52222,9
52223,10
52224,11
52226,13
52227,14
52228,15
52229,16
52230,17
52231,18
52242,1
52243,2
52304,1
52305,2
52306,3
52307,4
52308,5
52309,1
52310,2
52329,1
52330,2
52331,3
52332,4
52333,5
52339,1
52365,1
52367,3
52368,4
52369,5
52370,6
52372,1
52373,2 - 3
52374,4 - 5
52383,1
52384,2
52385,3
52386,4
52387,5
52388,6
52389,7
52390,8
52391,9
52392,10
52393,11
52394,12
52395,13
52396,14
52397,15
52398,16
52400,1
52403,2
52404,3
52405,4
52406,5
52407,1
52408,2
52409,3
52410,4
52411,5
52412,1
52413,2
52414,3
52416,5
52417,6
52418,7
52432,2
52434,4
52435,5
52436,6
52437,7
52440,10
52441,11
52442,12
52443,13
52473,1
52474,2
52475,3
52476,4
52477,5
52478,6
52479,7
52480,8
52481,9
52482,10
52483,11
52484,12
52485,13
52486,14
52487,15
52488,16
52489,17
52490,18
52491,19
52492,20
52493,21
52494,22
52495,23
52496,24
52497,25
52500,28
52501,29
52502,30
52517,POS 1
52518,POS 2.0
52519,POS 2.1
52521,POS 3
52522,POS 4
52523,POS 5
52524,POS 6
52525,POS 7
52526,POS 8
52769,1
52894,1
52898,1
52899,2
52901,1
52902,2
52903,3
52904,4
52905,5
52909,9
52915,1
52916,2
52917,3
52918,4
52919,5
52921,1
52926,1
52927,2
52929,4
52930,5
52931,6
52935,1
52950,46
52951,46+
52952,57
52953,73
53080,9
53081,10
53084,13
53089,1
53090,2
53456,1
53457,2
53458,3
53459,4
53697,1
53698,2
53685,2
53690,1
53691,2
53692,3
53693,4
53694,5
53695,6
53696,7
53704,1
53708,1
53709,2
53710,3
53711,4
53712,5
53713,6
53714,7
53715,8
53716,6
53719,9
53744,3
53746,5
53747,6
53749,8
53750,9
53762,3
53764,5
53765,6
53767,8
53768,9
53837,1
53838,2
53839,3
53844,1
50249,10
50250,11
50254,15
50302,1
50308,7
50313,12
50314,13
50315,14
50322,21
50639,4
50640,5
50661,5
50675,6
50676,7
50701,1
50702,2
50807,2
50808,3
50823,1
50826,3
50830,7
51002,2
51004,4
51005,5
51009,11
51010,12
51107,1
51109,3
51281,20
51282,21
51283,22
51286,1
51296,3
51298,5
51301,8
51304,3
51305,4
51348,1
51353,2
51371,3
51372,4
51393,8
51878,1
51946,5
51948,7
51972,19
51987,3
51991,7
52225,12
52232,19
52366,2
52402,1
52415,4
52431,1
52433,3
52438,8
52439,9
52498,26
52499,27
52906,6
52907,7
52908,8
52910,10
52911,1
52928,3
52932,7
53082,11
53083,12
53091,3
53093,1
53742,1
53743,2
53745,4
53748,7
53760,1
53761,2
53763,4
53766,7
54037,1
54038,2
54040,4
54041,5
54042,5a
54048,1
54050,1
54051,2
54052,3
54053,4
54054,5
54055,6
54059,2
54060,3
54061,4
54062,5
54071,1
54072,2
54073,3
54074,4
54075,5
54076,6
54077,7
54078,8
54288,1
54263,1
54266,4
54289,2
54272,1
54280,1
54281,2
54282,3
54287,1
54290,3
54291,4
54292,5
54293,6
54295,1
54296,2
54297,3
54298,4
54300,1
54302,3
54303,4
54304,5
54306,7
54309,2
54310,3
54311,4
54312,5
54313,6
54314,7
54315,8
54316,9
54319,12
54325,1
54326,2
54327,3
54328,4
54329,5
54330,6
54331,7
54332,8
54333,9
54334,10
54335,11
54336,12
54337,13
54338,14
54339,15
54340,16
54341,17
54342,18
54343,19
54344,20
54345,21
54346,22
54347,23
54348,24
54349,25
54350,26
54351,27
54358,7
54361,1
54362,1
54367,1
54368,2
54369,3
54370,4
54412,5
54447,1
54448,2
54449,3
54450,4
54451,5
54452,6
54453,7
54454,8
54455,9
54456,10
54457,11
54458,12
54459,13
54460,14
54619,19
54570,1
54571,2
54572,3
54573,4
54589,1
54590,2
54617,17
54618,18
54620,20
54621,21
54622,22
54623,23
54624,24
54625,25
54626,26
54627,27
54628,28
54629,29
54630,30
54631,31
54633,33
54931,1
54936,8
54980,5
54981,6
54982,7
54989,1
54990,2
54993,5
54994,6
54995,7
55090,1
55091,2
55121,1
55132,1
55133,2
55134,3
55135,4
55136,5
55137,6
55138,7
55139,8
55140,9
55141,10
55142,11
55144,13
55145,14
55146,15
55147,1
55148,2
55154,2
55155,3
55156,4
55157,5
55158,6
55159,7
55161,9
55162,10
55163,1
55164,2
55165,3
55166,4
55167,5
55173,1
55175,1
55180,1
55181,2
55182,3
55187,1
55189,3
55190,4
55192,6
55193,7
55194,8
55195,9
55196,10
55197,11
55198,12
55199,13
55225,1
55226,2
55227,3
55228,4
55229,5
55230,6
55231,7
55232,8
55233,1
55235,1
55237,3
55238,4
55239,5
55240,6
55241,7
55242,8
55244,10
55245,11
55246,12
55247,13
55248,14
55249,15
55251,17
55261,2
55262,3
55263,4
55264,5
55267,8
55268,9
55269,10
55270,11
55271,12
55272,13
55275,1
55352,2
55354,4
55355,4a
55356,5
55357,5a
55358,6
55359,6a
55360,7
55362,7b
55694,1
55695,2
55696,3
55697,4
55698,5
55699,6
55700,7
55702,9
55703,10
55847,1
55850,1
55851,2
55852,3
55854,A
55855,D
55862,1
55863,2
55864,3
55866,5
55868,7
55869,1
55946,2
55947,3
55950,9
55953,1
55954,2
55958,1
55991,1
55992,2
55993,3
55995,5
55996,6
55997,7
55998,8
55999,9
56000,10
56009,1
56010,2
56011,3
56012,4
56013,5
56014,6
56015,7
56061,2
56062,3
56063,4
56064,5
56065,7
56066,8
56067,9
56068,10
56230,1
56231,2
56232,3
56233,4
56234,5
56235,5a
56346,2
56347,2.1
56348,3
56439,1
56442,1
56444,3
56445,4
56446,5
56452,1
56454,3
56455,4
56456,5
56457,6
56458,7
56459,8
56460,9
56461,10
56462,11
56463,12
56464,13
56465,14
56467,16
56468,1
56469,2
56471,4
56472,5
56475,1
56476,2
56478,4
56479,5
56480,6
56481,7
56484,10
56486,12
56487,13
56488,14
56489,15
56490,16
56493,1
56494,2
56495,3
56496,4
56498,6
56499,7
56501,2
56502,3
56503,4
56504,5
56505,6
56506,7
56514,8
56515,31
56516,62
56517,65
56518,68
56520,69
56521,69+
56522,74
56523,78
56524,79
56525,80
56526,81
56527,82
56528,83
56538,3
56568,1
56569,2
56570,3
56571,4
56572,5
56573,1
56575,3
56576,4
56578,6
56579,7
56581,1
56582,2
56583,3
56584,4
56612,1
56613,2
56691,1
56692,2
56693,3
56694,4
56695,5
56696,7
56697,9
56698,10
56701,17
56702,18
56703,19
56704,20
56705,21
56708,24
56709,25
56710,26
56711,27
56712,28
56717,1
56719,3
56720,4
56721,5
56722,6
56723,9
56726,1
56728,1
56729,2
56730,3
56731,4
56732,5
56733,6
56734,1
56735,2
56736,3
56737,4
56738,5
56739,6
56740,7
56741,8
56742,9
56743,10
56750,27
56751,28
56883,6
56926,3
56924,1
56925,2
56927,4
56928,5
56929,6
56930,7
56931,8
56932,9
56933,10
56934,11
56936,13
56937,14
56938,15
56941,1
56942,2
57051,1
57052,2
57053,3
57058,1
57059,2
57060,3
57061,4
57062,5
57063,6
57064,7
57065,8
57066,9
57067,10
57068,11
57069,12
57070,13
57071,14
57074,17
57075,18
57076,19
57099,1
57100,1
57101,1
57103,1
57104,2
57105,3
57106,4
57108,6
57109,7
57112,1
57113,1
57114,2
57115,3
57116,4
57117,5
57118,6
57119,7
57120,8
57123,3
57124,4
57125,1
57126,2
57127,3
57128,4
57129,5
57133,2
57134,3
54039,3
54058,1
54264,2
54265,3
54301,2
54305,6
54308,1
54317,10
54318,11
54616,16
54632,32
54977,1
54978,2
54979,3
54991,3
54992,4
54996,8
55092,3
55143,12
55153,1
55160,8
55188,2
55191,5
55236,2
55243,9
55250,16
55260,1
55265,6
55266,7
55351,1
55353,3
55361,7a
55701,8
55853,4
55856,F
55857,J
55858,K
55859,M
55860,H
55865,4
55867,6
55945,1
55960,1
55994,4
56060,1
56236,6
56344,1
56345,1.1
56349,4
56443,2
56453,2
56466,15
56470,3
56477,3
56482,8
56483,9
56485,11
56497,5
56500,1
56519,68+
56536,1
56537,2
56574,2
56577,5
56706,22
56707,23
56713,29
56718,2
56724,1
56725,2
56727,2
56749,16
56935,12
56939,16
56940,17
57072,15
57073,16
57107,5
57110,8
57121,1
57122,2
57132,1
57141,1
57142,2
57143,3
57144,4
57145,5
57146,6
57147,7
57149,1
57150,2
57151,1
57152,2
57153,3
57198,1
57199,2
57200,3
57201,4
57202,5
57203,6
57206,9
57207,10
57208,11
57209,12
57210,13
57211,14
57212,15
57213,16
57214,17
57215,18
57216,19
57217,1
57220,1
57223,4
57227,1
57229,8
57248,1
57249,2
57250,3
57251,4
57253,1
57254,2
57256,4
57257,5
57390,10
57391,11
57392,12
57393,13
57325,1
57326,2
57327,3
57328,4
57329,5
57330,6
57331,7
57332,8
57333,9
57334,10
57335,11
57336,12
57337,13
57384,1
57385,2
57401,POS 1
57450,1
57453,1
57505,1
57506,2
57507,3
57508,1
57509,2
57511,1
57512,2
57513,1
57514,2
57515,3
57516,4
57517,5
57518,6
57519,7
57520,8
57521,9
57546,1
57560,1
57561,2
57562,3
57563,1
57564,2
57565,3
57566,4
57567,5
57568,6
57569,7
57570,8
57576,1
57578,1
57579,2
57580,1
57586,1
57587,2
57588,3
57589,4
57590,5
57591,6
57592,7
57593,8
57607,1
57608,2
57609,1
57610,1
57729,1
57730,2
57731,3
57795,1
57796,2
57797,3
57798,4
57799,5
57800,6
57801,7
57802,8
57803,9
57804,10
57805,11
57806,12
57807,13
57808,14
57809,15
57810,16
57811,6
57812,1
57813,2
57814,3
57815,4
57828,1
57946,7
57940,1
57942,3
57943,4
57944,5
57945,6
57947,8
57948,1
57949,2
57951,1
57954,1
57955,2
57957,4
57958,5
57959,6
57960,7
57961,8
57962,9
57971,1
57972,2
57974,4
57976,6
57978,8
57979,9
57988,1
57990,1
57991,5
58290,2
58222,1
58224,1
58225,2
58226,3
58227,4
58261,1
58262,1
58263,2
58264,3
58265,4
58266,5
58267,6
58268,7
58269,8
58270,9
58271,10
58272,11
58273,12
58274,13
58275,1
58277,1
58278,2
58279,3
58280,4
58281,5
58283,7
58284,8
58285,9
58287,11
58288,12
58289,1
58294,1
58295,2
58296,3
58297,4
58298,5
58299,6
58300,7
58301,8
58302,9
58303,10
58304,11
58305,12
58306,13
58307,14
58309,16
58312,1
58313,1a
58314,2
58315,2a
58316,3
58317,4
58318,4a
58320,6
58322,8
58323,9
58324,10
58330,1
58331,2
58332,3
58333,4
58348,1
58349,1
58350,2
58351,3
58352,4
58353,1
58355,1
58357,1
58358,2
58359,3
58360,4
58361,5
58362,6
58363,7
58364,8
58365,9
58366,10
58367,11
58368,12
58369,13
58371,15
58372,16
58373,17
58375,1
58376,2
58377,3
58378,4
58379,5
58381,7
58382,8
58383,9
58384,10
58385,11
58391,1
58392,2
58393,3
58394,4
58395,5
58414,1
58415,2
58417,4
58418,5
58419,5a
58420,6
58421,7
58422,7a
58425,10
58426,11
58427,12
58428,13
58429,14
58431,16
58432,16a
58436,1
58447,1
58448,2
58449,1
58460,1
58461,2
58466,1
58467,2
58469,1
58470,2
58471,3
58472,4
58473,5
58628,3
58629,4
58643,1
58644,2
58645,3
58646,4
58648,6
58649,7
58650,8
58797,1
58800,4
58806,1
58808,3
58810,5
58811,1
58974,7
58975,9
58976,1
58977,2
58978,3
58979,4
58980,5
59412,1
59413,2
59415,4
59416,4a
59473,1
59474,2
59515,1
59520,1
59522,3
59523,4
59525,6
59532,1
59533,2
59534,3
59535,4
59536,5
59537,6
59544,1
59571,1
59583,1
59584,2
59585,3
59586,4
59626,1
59629,4
59630,5
59631,6
59632,7
59637,1
59638,2
59653,32
59654,33
59657,1
59658,2
59659,3
59662,1
59663,2
59664,3
59665,4
59666,5
59667,6
59753,1
59754,2
59755,3
59756,4
59757,5
59758,6
59759,7
59760,8
59761,9
59762,10
59763,11
59764,12
59765,13
59766,14
59771,1
59772,2
59773,3
59787,2
59788,3
59789,4
59790,5
59791,6
59895,1
59896,2
59923,1
59897,3
59898,4
59899,5
59900,5a
59913,3
59920,1
59921,2
59922,3
59924,2
59925,3
59926,4
59927,5
59928,6
59933,1
59934,2
59935,3
59936,4
59937,5
61864,1
59938,6
59939,7
59940,8
59941,9
59942,10
59943,11
59944,12
59945,13
59946,14
60015,3
60013,1
60014,2
60016,4
60017,5
60018,6
60019,7
60020,8
60021,9
60022,10
60023,11
60024,12
60025,13
60026,14
60028,16
60029,17
60117,1
60118,2
60119,3
60120,4
60121,5
60122,6
60123,7
60125,9
60126,1
60127,2
60128,3
60129,4
60130,5
60133,8
60134,9
60135,1
60136,2
60260,1
60261,2
60262,3
60263,3.1
60264,4
60265,5
60266,6
60267,7
60268,8
60269,9
60271,1
60746,1
60747,3
60748,1
60749,2
60750,3
60751,4
60752,5
60753,6
57204,7
57205,8
57218,2
57219,3
57221,2
57222,3
57255,3
61865,2
57936,1
57941,2
57952,5
57956,3
57973,3
57975,5
57977,7
57995,1
57996,2
59786,1
58282,6
58286,10
58308,15
58319,5
58321,7
58370,14
58380,6
58416,3
58423,8
58424,9
58430,15
58452,3
58626,1
58627,2
58647,5
58798,2
58799,3
58801,5
58804,1
58807,2
58809,4
58812,2
58832,1
59414,3
59417,4b
59418,4c
59521,2
59524,5
59545,2
59572,2
59604,1
59627,2
59628,3
59792,7
59910,1
59911,2
59912,2a
60027,15
60109,1
60124,8
60131,6
60132,7
62798,3.0
60928,1
60929,1a
61151,5
61152,6
61154,8
61155,9
61156,10
61161,1
61347,1
61348,2
61349,1
61350,2
61353,1
61355,3
61356,4
61365,1
61366,2
61367,3
61368,4
61369,5
61375,1
61376,2
61378,4
61379,5
61380,6
61381,7
61391,1
61392,2
61393,3
61394,4
61395,5
61396,6
61397,7
61402,6
61403,14
61419,1
61420,2
61421,3
61422,4
61423,5
61424,6
61425,7
61427,9
61428,10
61429,11
61430,12
61431,13
61432,14
61442,1
61445,1
61446,2
61447,3
61449,1
61451,3
61455,1
61457,1
61458,2
61460,1
61461,2
61463,1
61512,1
61513,2
61514,3
61515,4
61516,5
61517,6
61518,7
61519,8
61524,1
61525,2
61526,3
61527,4
61529,6
61530,7
61537,1
61538,2
61539,3
61540,4
61548,2
61551,5
61552,6
61553,7
61554,8
61556,10
61557,11
61558,12
61559,13
61565,1
61566,2
61567,3
61568,4
61569,5
61570,6
61573,1
61574,2
61575,3
61576,4
61578,1
61579,2
61580,4
61581,5
61582,5a
61606,1
61608,1
61609,2
61610,3
61612,1
61613,2
61614,3
61615,4
61616,5
61748,2
61749,3
61750,4
61751,5
61754,2
61811,3
61812,1
61813,2
61848,5
61849,1
61850,1
61851,1
61852,2
61859,1
61860,2
61861,3
61862,4
61866,1
61867,2
61887,3a
61977,1
61978,1
61979,2
61980,3
61981,4
61984,1
61985,2
61986,3
61987,4
61988,5
61989,1
61990,2
61991,3
61993,5
61994,6
61995,7
61998,1
61999,2
62000,3
62001,4
62002,5
62003,6
62004,7
62005,8
62006,9
62008,12
62009,11
62136,1
62141,1
62142,2
62143,3
62147,1
62148,2
62149,3
62150,4
62151,5
62159,1
62160,2
62162,4
62163,5
62164,6
62165,7
62166,8
62167,9
62168,10
62387,1
62388,2
62390,4
62391,5
62392,6
62393,7
62394,8
62395,9
62396,10
62397,11
62398,12
62423,1
62425,3
62427,5
62431,1
62434,1
62435,2
62451,1
62452,2
62454,1
62455,2
62456,3
62457,4
62458,5
62459,6
62460,7
62461,8
62494,1
62495,2
62496,3
62497,4
62498,5
62500,1
62501,2
62502,3
62503,1
62504,2
62505,3
62506,4
62507,5
62508,6
62573,6
62575,1
62576,2
62577,1
62578,2
62580,1
62582,3
62583,4
62584,5
62585,6
62586,7
62587,8
62590,11
62591,12
62592,13
62606,1
62611,6
62612,7
62940,1
62941,2
62942,3
62943,4
62945,6
62946,7
62947,8
62948,9
62952,2
62953,3
62954,1
62955,2
62956,3
62960,2
62981,1
62982,2
62983,3
62984,4
62985,5
62986,6
62987,1
63006,1
63007,1
63059,1
63060,2
63061,3
63062,4
63064,6
63065,7
63066,8
63067,9
63068,10
63069,11
63070,12
63071,13
63072,14
63073,15
63074,16
63075,17
63076,18
63084,3
63085,3a
63086,4
63087,4a
63088,4b
63089,5
63090,5a
63091,6
63094,9
63095,10
63096,11
63097,12
63226,1
63227,2
63229,5
63230,6
63231,7
63298,Pos. 3
63299,Pos. 3.2
63300,Pos. 4
63301,Pos. 1
63302,Pos. 2.1 à 2.12
63303,Pos. 5
63366,1
63367,2
63368,3
63369,4
63372,7
63373,8
63374,9
63375,10
63417,1
63418,2
63419,3
63420,4
63422,6
63423,7
63424,8
63425,9
63426,10
63427,11
63429,1
63430,2
63431,3
63432,4
63433,5
63435,1
63436,1
63437,1
63438,2
63439,3
63441,5
63442,17
63443,22
63444,1
63445,2
63446,3
63447,4
63448,5
63451,8
63452,9
63453,10
63454,1
63455,2
63456,3
63460,3
63466,1
63467,2
63468,3
63469,4
63470,5
63471,6
63472,7
63473,8
63474,9
63475,10
63476,11
63477,12
63478,13
63479,14
63480,15
63482,17
63484,19
63487,1
63488,2
63489,3
63490,4
63491,5
63492,6
63493,7
63494,8
63495,9
63496,10
63497,11
63498,12
63511,1
63512,2
63513,3
63514,4
63524,1
63654,1
63656,3
63657,4
63676,1
63677,2
63678,3
63679,4
63680,5
63682,7
63683,8
63685,10
63686,11
63687,12
63688,13
63696,1
63697,2
63698,3
63699,4
63700,5
63704,POS 3
63705,POS 5
63706,POS 6
63777,1
63779,3
63780,4
63781,5
63819,1
63820,2
63821,3
63824,11
63829,1
63830,2
63831,3
63832,4
63833,5
63834,6
63835,7
63836,8
63839,11
63840,12
63841,13
63842,14
63847,1
63848,2
63849,3
63850,4
63851,5
63865,1
63866,2
63868,4
63869,5
63870,6
63875,1
63876,2
63898,1
63899,2
63903,3
63904,4
63905,5
61147,1
61148,2
61149,3
61150,4
61153,7
61159,1
61354,2
61377,3
61398,8
61426,8
61450,2
61454,1
61459,3
61520,9
61528,5
61547,1
61549,3
61550,4
61555,9
61611,4
61617,6
61747,1
61753,1
61755,3
61992,4
62007,10
62161,3
62389,3
62424,2
62426,4
62453,3
62499,6
62581,2
62588,9
62589,10
62607,2
62608,3
62609,4
62610,5
62944,5
62951,1
63063,5
63082,1
63083,2
63092,7
63093,8
63228,3
63370,5
63371,6
63421,5
63440,4
63449,6
63450,7
63481,16
63483,18
63499,13
63655,2
63681,6
63684,9
63778,2
63837,9
63838,10
63867,3
63901,1
63902,2
64078,1
64300,2
64301,3
64302,4
64304,6
64305,7
64306,8
64307,9
64308,10
64309,11
64310,12
64311,13
64312,14
64313,15
64314,16
64327,2
64328,3
64329,4
64330,5
64331,6
64332,7
64333,8
64334,9
64335,10
64336,11
64337,12
64339,14
64340,15
64341,16
64362,1
64363,2
64364,3
64365,4
64366,5
64367,6
64368,7
64369,8
64370,9
64371,10
64372,11
64373,12
64374,13
64375,14
64376,15
64377,16
64378,17
64379,18
64380,19
64381,20
64382,21
64383,22
64385,24
64386,25
64387,26
64388,27
64389,28
64390,29
64391,30
64392,31
64393,32
64395,34
64396,35
64428,12
64448,10
64454,1
64455,2
64456,3
64457,4
64459,6
64460,7
64464,12
64465,13
64466,14
64467,15
64468,16
64469,17
64470,18
64471,19
64472,1
64474,3
64476,5
64480,11
64481,12
64483,1
64484,2
64485,3
64486,4
64487,5
64489,7
64490,8
64491,1
64492,2
64493,3
64495,5
64496,1
64505,1
64506,2
64507,3
64508,4
64509,5
64510,6
64511,7
64513,9
64514,10
64515,11
64519,1
64520,2
64521,3
64522,4
64523,5
64524,6
64525,7
64526,8
64528,10
64529,11
64530,12
64531,13
64532,14
64584,5.0
66069,2c
64759,3
64760,3a
64761,4
64762,4a
64763,4b
64764,5
64765,5a
64783,1
64785,3
64869,1
64870,2
64872,4
64873,5
64874,6
64875,7
64876,8
64877,9
64878,10
64881,1
64882,2
64883,3
64884,4
64885,5
64887,7
64888,8
64889,12
64891,1
64892,20
64898,1
64899,2
64900,3
64901,4
64902,5
64903,6
64904,7
64905,8
64906,9
64907,10
64908,11
64909,12
64910,13
64944,1
64945,2
64946,3
64947,4
64949,6
64962,2
64950,7
64951,8
64952,9
64953,10
64958,1
64961,1
64963,3
64964,4
64965,1
64966,2
64967,3
64968,4
64969,5
64970,6
64972,8
64973,9
64974,10
64975,11
64978,1
64980,1
64991,1
64992,2
64993,3
64994,4
64995,5
64996,6
65259,7
64997,7
64998,8
64999,9
65000,10
65001,11
65002,12
65003,13
65004,14
65007,17
65008,18
65009,19
65010,20
65011,21
65012,22
65013,23
65014,24
65015,25
65016,26
65017,27
65018,28
65019,29
65020,30
65021,31
65022,32
65026,1
65027,2
65028,3
65029,4
65030,5
65031,6
65032,7
65247,19
65248,20
65250,1
65251,2
65252,3
65253,4
65255,3
65256,4
65260,8
65261,9
65262,10
65266,3
65268,5
65269,6
65270,7
65271,8
65281,1
65283,3
65285,5
65286,6
65288,8
65290,1
65292,3
65294,5
65295,6
65297,8
65300,1
65301,2
65302,3
65303,4
65304,5
65311,3
65312,4
65313,5
65314,6
65315,7
65318,1
65319,2
65320,3
65321,4
65322,5
65323,6
65324,7
65325,8
65327,10
65328,11
65329,12
65330,13
65331,14
65332,15
65336,1
65337,1
65339,1
65340,2
65341,3
65434,1
65435,2
65488,2
65489,3
65490,4
65491,5
65493,1
65494,2
65495,3
65496,4
65497,5
65501,1
65502,2
65538,POS 1
65539,POS 2
65540,POS 3
65541,POS 4
65568,2
65569,1
65570,2
65571,3
65572,4
65573,5
65574,6
65576,1
65577,2
65578,3
65579,4
65580,1
65581,2
65582,3
65585,6
65587,1
65588,2
65589,2a
65590,2b
65660,POS 1
65661,POS 2.2
65662,POS 3
65663,POS 6.1/6.2
65664,POS 5
65717,3
65842,3
65843,4
65848,1
65849,2
65850,3
65851,4
65852,5
65853,6
65854,7
65855,8
65856,9
65872,1a
65873,1b
65874,2
65875,3
65876,4
65877,5
65878,6
65891,1
65893,3
65894,4
65895,5
65896,1
65897,2
65898,3
65899,4
65900,5
65901,6
65904,1
65908,1
65909,2
65910,3
65926,1
65927,2
65928,3
65929,4
65930,5
65931,6
65932,7
65933,8
65934,9
65935,10
65936,11
65937,12
65938,13
65939,14
65940,15
65941,16
65942,17
65944,19
65947,22
65948,23
65949,24
65960,1
65967,1
65969,1
65974,1
65975,2
65976,3
66068,2b
65978,5
65979,6
65980,7
65982,1
65983,2
66064,1
66065,1a
66066,2
66067,2a
66071,2e
66076,1
66077,2
66078,2a
66081,14
66107,1
66108,2
66110,4
66112,6
66113,7
66325,20.0
66320,1.0
66321,2.0
66322,3.0
66323,4.0
66324,5.0
66360,1
66361,2
66362,3
66363,4
66364,5
66367,1
66368,2
66369,3
66370,4
66470,1
66471,2
66475,2
66476,3
66477,4
66478,5
66479,6
66480,7
66481,8
66482,1
66483,2
66484,3
66485,4
66486,5
66487,6
66488,7
66489,1
66490,2
66491,3
66492,4
66493,1
66494,2
66495,3
66496,4
66497,1
66498,2
66499,3
66500,4
66501,1
66669,1
66670,2
66671,3
66672,4
66673,5
66674,6
66675,1
66676,2
66696,1
66697,11
66698,1
64303,5
64384,23
64394,33
64429,13
64458,5
64473,2
64475,4
64488,6
64494,4
64497,2
64512,8
64527,9
64784,2
64871,3
64886,6
64948,5
64959,2
64971,7
65005,15
65006,16
65254,5
65257,5
65258,6
65264,1
65265,2
65267,4
65282,2
65284,4
65287,7
73549,6
65289,9
65291,2
65293,4
65296,7
65298,9
65309,1
65310,2
65326,9
65487,1
65492,6
65567,1
65575,7
65583,4
65584,5
65586,7
65591,2c
65840,1
65841,2
65857,10
65871,1
65892,2
65943,18
65945,20
65946,21
65968,2
65977,4
66109,3
66111,5
66474,1
66716,1
66717,2
66718,3
66719,4
66720,5
66721,6
66723,8
66724,9
66725,10
66726,11
66727,12
66728,13
66729,13a
66730,13b
66742,2
66758,1
66759,2
66760,1
66761,2
66768,1
66769,2
66770,1
66771,2
66772,3
66773,4
66774,5
66775,6
66776,7
66777,8
66778,9
66780,1
66781,2
66784,5
66785,6
66786,7
66787,11
66788,12
66789,13
66790,14
66791,15
66792,16
66793,17
66794,18
66795,19
66796,20
66797,21
66798,22
66799,23
66800,24
66801,25
66802,26
66803,27
66874,1a
66873,1
66875,2
66876,3
66877,4
66878,5
66879,6
66880,7
66881,8
66882,9
66883,10
66884,11
67105,12
66885,12
66886,13
66887,14
66910,1
66911,2
66912,3
66913,4
66914,5
66915,6
66916,7
66917,8
66918,9
66920,11
66921,12
66922,13
66923,14
66924,15
66925,16
66926,17
66927,18
66929,20
66930,21
66931,22
67103,10
67038,2
67046,1
67047,2
67048,3
67049,4
67050,5
67051,1
67065,5
67066,6
67080,1
67081,2
67082,3
67083,4
67084,5
67085,6
67087,3
67104,11
67088,4
67089,5
67091,1
67092,2
67094,1
67095,2
67096,3
67097,4
67098,5
67099,6
67100,7
67101,8
67102,9
67106,13
67107,14
67108,15
67109,16
67112,19
67113,1
67114,2
67115,3
67116,1
67118,1
67292,2
67293,3
67294,1
67298,1
67301,1
67302,2
67304,4
67305,5
67306,6
67307,7
67308,8
67309,9
67310,10
67311,10a
67312,10b
67313,11
67314,12
67315,13
67410,1
67411,2
67412,3
67413,4
67414,4a
67417,1
67418,2
67419,3
67420,4
67422,6
67497,1
67498,2
67499,3
67525,3
67500,1
67501,2
67502,3
67503,4
67523,1
67524,2
67528,1
67529,2
67530,3
67532,5
67533,6
67534,7
67535,8
67536,9
67578,2
67581,5
67582,6
67583,7
67829,1
67830,2
68050,1.1
67921,3
67939,1
67940,2
67941,3
67942,4
67943,5
67944,6
67945,7
67946,8
67947,8a
67948,1
67949,2
67950,1
68165,1
68166,2
68169,1
68170,1
68172,1
68173,2
68174,3
68175,4
68176,5
68177,6
68178,7
68179,8
68180,9
68181,10
68182,11
68183,12
68184,13
68185,14
68186,15
68188,1
68221,1
68222,2
68223,3
68230,1
68231,2
68232,3
68233,4
68235,6
68236,7
68237,7a
68238,7b
68358,4
68355,1
68356,2
68357,3
68363,3
68365,1
68366,2
68367,3
68368,4
68370,6
68371,7
68372,8
68373,1
68374,2
68375,3
68376,4
68377,5
68378,6
68379,7
68380,8
68381,9
68382,10
68383,11
68384,12
68385,13
68473,2
68475,2
68477,4
68479,6
68480,7
68482,9
68501,32
68504,1
68506,2
68571,1
68572,2
68543,1
68544,2
68545,3
68546,4
68573,3
68574,4
68575,5
68576,6
68577,7
68578,8
68579,9
68580,10
68581,11
68582,12
68583,13
68584,14
68585,15
68586,16
68587,17
68588,18
68589,19
68590,20
68591,21
68592,22
68593,23
68594,24
68595,25
68648,1.0
68649,1
68650,2
68653,2
68656,POS 1
68657,POS 2
68660,11
68663,1
68664,2
68665,3
68666,4
68667,5
68668,6
68669,7
68670,8
68671,9
68672,10
68673,11
68718,1
68719,2
68720,3
68721,4
68722,5
68723,6
68724,7
68726,1
68727,1a
68728,1b
68736,1
68737,2
68738,3
68796,A1
68740,5
68741,6
68742,7
68743,8
68744,9
68862,10
68853,1
68854,2
68855,3
68856,4
68857,5
68858,6
68859,7
68860,8
68861,9
68863,11
68866,1
68876,1
68877,2
68878,3
68879,4
68881,6
68882,7
68885,1
68886,2
68887,3
68888,4
68889,1
68890,2
68891,3
68893,5
68894,24
68895,26
68896,27
68897,29
68899,1
68900,2
68901,3
68902,4
68903,5
68905,1
68907,1
68908,2
68909,3
68910,4
68911,5
68912,6
68913,7
68940,1.0
68975,1
68976,2
68978,4
68979,5
69068,1.0
68980,6
69071,1.0
69072,2.0
69137,1
69138,2
69139,1
69140,2
69142,1
69143,2
69144,1
69147,1
69148,1
69149,2
69151,4
69152,5
69158,12
69239,1
69240,2
69241,3
69242,4
66722,7
66731,13c
66764,1
66765,2
66782,3
66783,4
66919,10
66928,19
67037,1
67064,4
67110,17
67111,18
67303,3
67316,13a
67421,5
67531,4
67579,3
67580,4
68162,1
68224,4
68225,5
68234,5
68351,1
68352,2
68359,5
68361,1
68362,2
68369,5
68472,1
68474,1
68476,3
68478,5
68481,8
68483,10
68484,11
68485,12
68499,3
68505,1
68652,1
68739,4
68880,5
68892,4
68977,3
69150,3
69872,1
69873,1a
69874,2
69875,3
69876,4
69877,4a
69878,5
69879,6
69880,7
69881,8
69882,9
69887,3
69888,4
69920,POS 1
69921,POS 2
70079,1
70080,2
70082,4
70083,5
70084,6
70085,7
70163,1
70164,2
70165,3
70166,4
70167,5
70168,6
70169,7
70170,8
70214,5
70220,7
70221,7a
70222,7b
70312,1
70223,7.1
70224,7.1a
70225,7.1b
70226,8
70227,9
70228,10
70229,11
70230,12
70232,6
70235,4
70237,1
70238,2
70239,3
70240,4
70241,5
70242,6
70243,7
70244,8
70245,9
70246,10
70247,11
70248,12
70258,1
70259,4
70260,5
70262,A
70263,B
70264,C
70265,D
70266,E
70270,2
70271,3
70272,4
70273,5
70285,4
70286,5
70287,6
70288,7
70290,A
70291,B
70292,C
70293,D
70294,E
70295,F
70301,1
70313,2
70315,4
70339,1
70340,1
70342,3
70343,4
70344,5
70347,8
70348,9
70349,10
70350,11
70351,12
70352,13
70353,14
70354,15
70355,16
70357,18
70367,POS 1
70368,POS 2
70369,POS 3
70370,POS 4
70371,POS 5
70624,POS 1
70625,POS 2
70792,2
70795,5
70796,6
70797,7
70798,8
70837,1
70838,2
70839,3
70840,4
70841,5
70842,6
70843,7
70844,8
70845,9
70891,1
70892,2
70893,3
70895,5
70936,1
70937,2
70938,3
70939,4
70940,5
76464,4
70987,100
70988,140
70993,240
70994,320
70997,350b
70998,360
70999,420
71000,450
71001,460
71002,1
71004,3
71005,1
71006,2
71007,3
71088,1
71089,2
71090,3
71091,4
71092,5
71093,6
71094,7
71095,8
71097,10
71103,3
71104,4
71106,1
71112,1
71115,1
71116,1
71117,2
71118,3
71119,4
71125,1
71126,2
71127,3
71128,4
71130,1
71155,1
71157,3
71162,1
71169,1
71171,1
71172,2
71180,1
71181,2
71182,3
71184,5
71185,6
71186,6a
71212,1
71216,1
71217,2
71219,4
71222,1
71223,2
71224,3
71225,4
71226,5
71235,2
71238,5
71241,8
71243,10
71250,3
71251,4
71252,5
71253,6
71323,2
71319,5
71322,1
71513,1
71514,2
71515,3
71516,4
71517,5
71518,6
71519,7
71520,8
71781,2
71782,3
71783,4
71784,5
71785,6
71788,1
71790,3
71792,1
71793,2
71794,3
71795,4
71796,5
71798,7
71800,9
71801,10
71802,11
71803,12
71804,13
71805,14
71806,15
71807,16
71808,17
71809,18
71810,19
71812,1
71813,2
71814,1
71819,1
71821,3
71826,1
71827,2
71831,2
71832,3
71833,4
71872,1
71873,2
71874,3
71875,4
71876,5
71877,6
71879,8
71881,10
71882,11
71883,12
71887,1
71888,2
71890,4
71891,5
71892,5a
71896,1
71994,1
71995,2
71996,3
71998,5
72002,1
72003,2
72004,3
72005,4
72006,5
72007,6
72008,7
72009,8
72010,9
72011,10
72014,13
72015,14
72016,15
72017,16
72018,17
72146,1
72147,2
72150,1
72151,2
72152,3
72153,4
72154,1
72156,3
72157,4
72158,5
72159,1
72163,2
72164,3
72166,1
72167,2
72168,3
72169,4
72170,5
72171,6
72172,7
72173,8
72412,1
72413,1
72414,2
72415,3
72416,4
72417,5
72418,6
69885,1
69886,2
70081,3
70086,8
70087,9
70234,1
70261,1
70269,1
71158,4
70282,1
70283,2
70284,3
70314,3
70327,1
70328,2
70341,2
70345,6
70346,7
70356,17
70791,1
70793,3
70794,4
70835,1
70894,4
70896,6
70989,160
70990,200
70991,220
70992,180
70995,340
71173,3
70996,350a
71003,2
71008,4
71009,5
71010,6
71096,9
71101,1
71102,2
71114,15
71131,2
71156,2
71183,4
71215,7
71218,3
71220,5
71227,6
71234,1
71236,3
71237,4
71239,6
71240,7
71242,9
71248,1
71249,2
71780,1
71789,2
71797,6
71799,8
71820,2
71822,4
71830,1
71878,7
71880,9
71889,3
71997,4
72012,11
72013,12
72155,2
72162,1
72420,1
72421,2
72426,1
72427,2
72428,3
72429,4
72430,5
72431,5a
72432,5b
72553,1
72555,2
72556,1
72557,2
72562,1
72564,3
72565,4
72566,1
72567,2
72568,3
72570,1
72571,2
72572,3
72573,1
72574,2
72580,2
72581,3
72582,4
72583,5
72584,6
72612,2
72613,3
72614,4
72615,5
72616,6
72617,7
72618,8
72619,9
72620,10
72621,11
72622,12
72623,13
72625,15
72626,16
72627,17
72628,18
72643,33
72629,19
72630,20
72631,21
72632,22
72634,24
72635,25
72637,27
72638,28
72639,29
72640,30
72642,32
72644,34
72645,35
72646,36
72647,37
72656,1
72773,3
72775,5
72778,1
72779,2
72780,3
76465,5
72781,4
72782,5
72783,1
72784,2
72785,3
72786,4
72787,5
72788,1
72789,2
72790,3
72837,1
72834,1
72835,2
72838,2
73040,3
73042,5
73043,6
73049,1
73050,2
73051,3
73052,4
73055,7
73107,POS. 6
73056,8
73057,9
73060,10a
73061,11
73062,11a
73063,12
73066,13a
73067,14
73069,15
73070,15a
73071,16
73072,16a
73073,17
73074,17a
73081,1
73083,3
73084,4
73561,18
73085,5
73086,6
73087,7
73544,1
73089,9
73090,10
73091,180
73100,POS 1
73101,POS. 1.1
73102,POS. 3
73582,2
73103,POS. 4.1
73104,POS. 4.2
73105,POS. 5.1 - 5.2  - 7.2
73106,POS. 7.1
73108,POS. 8.1
73109,POS. 8.2
73110,POS. 9.1
73111,POS. 9.2
73112,POS. 11
73341,1
73348,1
73349,2
73351,4
73352,5
73353,6
73355,1
73356,2
73357,3
73358,4
73359,5
73360,6
73361,7
73362,8
73363,9
73382,1
73383,1
73384,2
73545,2
73385,3
73386,4
73387,1
73388,2
73389,3
73390,4
73391,5
73392,6
73393,7
73394,8
73395,9
73396,10
73397,11
73407,2
73408,3
73409,4
73410,5
73411,6
73415,1
73416,2
73417,3
73418,4
73419,5
73420,6
73421,7
73422,8
73423,9
73424,10
73425,11
73426,12
73427,13
73428,14
73429,15
73430,16
73431,17
73432,18
73436,3
73440,1
73441,2
73442,3
73443,4
73444,5
73445,6
73446,7
73447,8
73459,2
73460,3
73462,5
73473,4
73474,5
73475,6
73476,7
73477,8
73478,9
73481,1
73482,4
73512,1
73578,2
73554,11
73555,12
73556,13
73557,14
73558,15
73559,16
73560,17
73570,1
73571,1
73572,2
73573,3
73574,4
73577,1
73581,1
73583,3
73584,4
73642,2
73643,3
73644,4
73641,1
73645,5
73646,6
73647,7
73648,8
73664,1
73667,4
73668,5
73669,6
73672,1
73677,2
73678,3
73679,5
73681,1
73682,2
73687,1
73688,2
73691,5
73759,1
73760,2
73762,4
73763,5
73764,6
73765,7
73766,8
73767,9
73768,10
73769,11
73770,12
73771,12a
73772,13
73773,13a
73774,13b
73781,1
73782,2
73783,3
73801,1
73803,1
73804,1
73805,2
73810,5
73811,6
73813,1
74097,5
73815,3
73816,4
73817,5
73818,6
73819,7
73820,8
73821,9
73823,11
75576,1
75577,1
74045,1
74046,2
74048,1
74051,1
74052,2
74053,1
74054,2
74055,3
74056,1
74061,1
74063,1
74064,2
74065,5
74067,2
74068,3
74069,4
74070,1
74071,2
74072,3
74074,1
74075,2
74076,3
74078,5
74079,6
74080,7
74081,1
74082,2
74083,3
74084,4
74085,5
74087,7
74088,8
74090,10
74093,1
74094,2
74095,3
74096,4
74098,6
74100,1
74101,2
74104,1
74105,2
74106,3
74195,1
74198,POS 1
74203,1
74204,2
74205,3
74206,4
74207,5
74208,6
74209,7
74210,8
74211,9
74216,1
74217,2
74218,3
74219,4
74373,10
74364,1
74365,2
74366,3
74369,6
74370,7
74371,8
74372,9
74374,11
74375,12
74376,13
74377,14
74378,15
74379,16
74380,17
74381,18
74383,20
74384,21
74385,22
74386,23
74387,24
74388,25
74390,27
74396,3
74397,4
74398,5
74399,6
74400,7
74401,8
74402,9
74403,10
74409,1
74413,1
74414,2
74416,4
74417,5
74418,6
74420,1
74421,2
74432,1
74433,2
74435,4
74564,9
74547,12
74556,1
74557,2
74558,3
74559,4
74560,5
74562,7
74563,8
74565,10
74566,11
74569,1
74570,2
74571,3
74572,4
74573,5
74574,6
74576,8
74577,9
76677,2
74768,2
74750,14
74751,15
74752,16
74753,17
76679,4
74760,1
74763,3
74764,4
74765,5
74766,1
74767,1
74769,3
74796,1
74797,2
74798,3
74799,4
74800,5
74801,6
74803,8
74814,1
74815,2
74817,1
74818,2
74819,3
74820,4
74821,5
74822,6
74825,9
74826,1
74827,2
74828,1
74829,2
74830,3
74831,4
74835,3
74836,4
74837,5
74840,1
74841,2
74843,4
74844,5
74845,6
74846,7
74847,8
74848,9
74849,10
74850,11
74851,12
74853,14
74854,1
74855,2
74856,3
74857,4
74858,5
74859,6
74860,7
74861,8
74863,10
74864,11
74865,12
74866,13
74867,1
74869,1
74875,1
74876,2
74883,1
74884,2
74885,3
74886,4
74887,5
74888,6
74889,7
74890,8
74891,9
74892,10
74894,12
74895,13
74896,14
74897,15
74898,16
74899,17
74903,1
74916,1
74920,1
74921,2
74923,4
75214,1
75215,2
75216,3
75225,7
75226,1
75227,2
75228,3
75229,4
75231,1
75232,1
75233,1
75252,4
75253,5
75254,6
75257,1
75258,2
75259,3
75260,4
72774,4
72552,1
72554,1
72563,2
72575,3
72579,1
72611,1
72624,14
72633,23
72636,26
72641,31
72776,7
73038,1
73039,2
73041,4
73053,5
73693,7
73054,6
73058,9a
73059,10
73064,12a
73065,13
73068,14a
73082,2
73088,8
73350,3
73458,1
73461,4
73470,1
73471,2
73472,3
73483,5
73665,2
73666,3
73676,1
73683,4
73684,4a
73689,3
73690,4
73692,6
73761,3
73784,4
73806,1
73807,2
73808,3
73809,4
73814,2
73822,10
74049,2
74066,1
74077,4
74086,6
74089,9
74220,5
74367,4
74368,5
74382,19
74389,26
74394,1
74395,2
74415,3
74434,3
74561,6
74575,7
74754,C6
74761,1
74762,2
74802,7
74823,7
74824,8
74833,1
74834,2
74842,3
74852,13
74862,9
74893,11
74917,2
74918,3
74919,4
74922,3
74924,4a
74925,4b
75217,4
75435,POS 1 / a
75436,POS 2
75500,1.0
75522,2
75523,3
75524,4
75525,5
75526,6
75531,1
75532,2
75533,1
75534,2
75540,2
75542,1
75543,2
75544,3
75545,4
75546,5
75547,6
75548,7
75549,8
75550,9
75551,10
75552,1
75553,2
75554,3
75555,4
75556,6
75557,7
75558,8
75560,2
75562,1
75563,1
75564,2
75565,3
75566,4
75568,1
75569,2
75570,3
75574,1
75575,2
75578,2
75579,3
75580,4
75672,1
75673,1
75674,2
75675,3
75676,4
75677,5
75794,1
75795,2
75796,17
75798,1
75799,2
75804,1
75805,1
75806,1
75808,1
75810,1
75811,2
75812,3
75813,4
75814,5
75815,6
75817,8
75818,1
75819,1
75820,2
75832,1
75833,2
75837,6
75838,7
75839,8
75840,9
75841,10
75842,11
75843,12
75844,13
75845,14
75846,15
75847,16
75848,17
75849,18
75850,19
75851,20
75855,2
75856,3
75858,1
75859,2
75860,3
75861,1
75863,3
75864,4
75866,6
75867,7
75972,10
75964,2
75965,3
75966,4
75967,8
75968,9
75969,14
75970,15
75973,11-12
75974,13
75977,1
75979,3
75980,4
75981,6
75982,7
75983,5
75991,2
75992,3
75993,9
75994,10
75995,12
75997,16
75998,15-14
75999,13
76154,2
76155,3
76156,4
76158,6
76159,7
76161,2
76174,1
76175,2
76176,3
76199,2
76200,3
76204,7
76206,1
76207,2
76208,1
76209,2
76210,3
76213,1
76214,1
76220,1
76221,2
76222,3
76223,4
76224,5
76231,1
76232,2
76247,4
76233,3
76234,4
76235,5
76236,7
76237,8
76238,9
76239,10
76240,11
76241,12
76244,1
76248,5
76249,6
76250,7
76251,8
76252,9
76253,10
76254,11
76269,1
76270,1a
76271,2
76412,2
76272,2a
76273,3
76275,4
76276,5
76462,2
76389,1
76390,2
76391,3
76392,4
76396,1
76397,2
76398,3
76399,4
76401,6
76402,7
76405,10
76406,11
76407,12
76408,13
76411,1
76463,3
76413,3
76414,4
76415,5
76461,1
76644,2
76649,4
76650,3
76668,1
76672,1
76673,2
76674,3
76675,4
76676,1
76680,5
76681,1
76682,2
76685,1
76699,7
76702,1
76703,6
76705,2
76709,1
76710,2
76711,3
76712,4
76713,5
76714,6
76715,16
76716,17
76717,18
76718,19
76719,20
76720,21
76734,2
76735,3
76736,4
76917,1
76918,2
76919,3
76920,4
76921,1
76922,2
76923,3
76924,4
76925,5
76926,6
76927,7
76928,8
76930,10
76931,11
76932,12
76934,1
76935,1a
76936,1b
76937,1c
76972,1
76999,3
76996,1
76997,1
76998,2
77000,4
77002,1
77003,2
77004,3
77005,4
77010,1
77011,21
77012,22
77013,23
77014,24
77016,1
77017,2
77018,3
77019,4
77021,1
77022,2
77023,3
77091,Pos. 2 + 3
77092,Pos. 4
77093,Pos. 5
77094,Pos. 6
77244,Pos. 1
77245,Pos. 2
77246,Pos. 3
77247,Pos. 4 & 5
77248,Pos. 6 & 7
77255,1
77256,2
77258,4
77259,5
77260,6
77261,7
77263,1
77264,2
77309,1
77313,1
77314,1a
77326,2
77327,3
77328,4
77331,7
77332,8
77334,1
77336,1
77337,1
77339,3
77340,4
77341,5
77342,6
77344,8
77346,10
77347,11
77348,11a
77354,1
77356,1
77357,2
77360,5
77361,6
77362,7
77363,8
77364,9
77366,11
77367,1
77370,1
77371,2
77447,3
77448,1
77449,1
77450,2
77451,3
77452,4
77454,6
77455,7
77456,8
77457,9
77458,10
77552,1
77553,2
77554,3
77555,4
77556,5
77557,6
77558,7
77559,8
77560,9
77561,10
77562,11
77563,12
77564,13
77565,14
77566,15
77567,16
77568,17
77600,1
77601,2
77602,3
77603,4
77605,6
77610,1
77612,3
77613,4
77614,5
77615,6
77616,7
77619,1
77620,1a
77622,1
77624,2
77625,3
77626,4
77628,1
77631,2
77658,1
77661,2
77667,1
77670,5
77671,6
77673,1
77674,2
77675,3
77676,4
77680,1
77681,2
77682,3
77683,4
77685,6
77686,7
77687,8
77688,9
77689,10
77754,1
75521,1
75528,3
75537,1
75539,1
75559,1
75567,5
75790,1
75791,2
75800,1
75807,2
75816,7
75834,3
75835,4
75836,5
75854,1
75862,2
75865,5
75971,17
75978,2
75984,5a
75996,11
76153,1
76157,5
76160,8
76198,1
76201,4
76202,5
76203,6
76211,1
76242,13
76245,2
76246,3
76258,1
76274,3a
76400,5
76403,8
76404,9
76442,26
76643,1
76647,1
76648,2
76678,3
76683,3
76695,2
76696,3
76697,4
76698,5
76721,22
76733,1
76929,9
76933,13
77006,5
77257,3
77262,8
77312,1
77325,1
77329,5
77330,6
77338,2
77343,7
77345,9
77358,3
77359,4
77365,10
77446,1
77453,5
77604,5
77611,2
77623,1
77630,1
77684,5
77690,11
77954,Pos.2
78005,1
78006,2
78007,3
78008,4
78009,4a
78011,5a
78015,1
78016,2
78024,8
78025,8a
78026,11
78027,11a
78031,2
78032,3
78033,4
78037,3
78038,4
78039,4a
78040,5
78041,6
78043,8
78044,9
78045,9a
78051,2
78052,3
78053,1
78054,2
78055,3
78056,4
78060,1
78061,2
78063,4
78064,5
78065,6
78067,8
78068,9
78069,10
78070,11
78071,12
78072,13
78073,14
78076,17
78153,4
78150,1
78151,2
78152,3
78154,5
78155,6
78156,7
78165,1
78166,2
78167,3
78168,4
78169,5
78170,6
78171,7
78172,8
78173,9
78177,13
78178,14
78196,3
78197,4
78198,5
78199,6
78200,7
78201,8
78205,12
78209,16
78210,17
78211,18
78213,1
78214,2
78215,3
78216,4
78219,7
78223,1
78224,2
78225,3
78226,4
78227,5
78228,6
78229,7
78230,8
78231,9
78232,10
78233,11
78246,2
78248,4
78249,5
78256,6
78257,7
78259,9
78260,10
78261,11
78310,1
78311,2
78312,3
78313,4
78314,5
78315,6
78316,7
78317,8
78318,1
78319,2
78321,4
78322,5
78323,6
78324,7
78325,8
78326,9
78329,Page 8
78330,Page 10
78335,1
78336,2
78338,4
78342,3
78343,4
123918,2.1
78765,3
78763,1
78764,2
78766,4
78768,1
78769,2
78770,3
78771,4
78772,5
78773,6
78774,7
78775,8
78776,9
78777,1
78779,3
78780,4
78781,5
78782,6
78784,2
78786,4
78787,1
78788,2
78789,3
78791,5
78792,6
78793,7
78794,8
78796,10
78798,12
78802,1
78861,1
78866,1
78867,2
78868,3
78873,1
78874,2
78875,3
78877,5
78878,6
78879,7
78880,7a
78881,9
78882,10
78883,11
78922,1
78923,1a
78924,1b
78925,1c
78997,6
78991,2
78992,2a
78993,2b
78994,3
78995,4
78998,7
78999,8
79000,9
79001,10
79003,12
79009,3
79010,4
79011,5
79012,1
79013,1
79014,2
79015,2
79016,3
79018,5
79019,6
79020,7
79022,2
79023,1
79024,2
79025,3
79026,4
79027,5
79028,6
79029,7
79030,8
79031,1
79032,2
79033,3
79034,4
79035,1
79036,2
79125,18
79128,2
79130,4
79131,5
79132,6
79133,7
79135,1
79136,2
79138,4
79140,1
79660,16
79141,2
79142,3
79147,3
79148,4
79150,1
79151,2
79158,1
79159,2
79160,3
79162,5
79163,1
79168,11
79169,13
79171,1
79172,2
79174,1
79175,2
79176,3
79177,4
79178,5
79179,12
79180,13
79181,14
79182,15
79183,16
79184,17
79185,18
79238,18
79243,1
79254,1
79255,2
79257,4
79258,5
79259,6
79260,7
79261,8
79262,9
79263,10
79264,11
79265,12
79266,13
79267,14
79268,15
79269,16
79270,17
79271,1
79273,3
79274,4
79359,pos.1.1
79379,1
79402,1
79403,1a
79404,1b
79578,1
79579,2
79580,3
79581,4
79582,5
79583,16
79584,17
79585,18
79586,19
79587,32
79588,33
79589,10-25
79590,11-26
79591,6
79592,7
79594,9
79595,12
79596,13
79597,14
79598,15
79599,20
79600,21
79601,22
79602,23
79603,24
79604,27
79605,28
79606,29
79607,30
79608,31
79627,1
79628,2
79629,3
79630,4
79631,5
79632,6
79633,7
79634,8
79635,9
79636,10
79637,11
79640,9
79641,10
79642,11
79643,12
79644,13
79645,14
79646,15
79647,16
79648,17
79649,18
79650,19
79651,20
79652,21
79653,22
79658,1
79659,7
79661,2
79663,1
79664,2
79665,3
79667,5
79668,6
79669,7
79670,8
79672,10
79682,3
79673,POS.1
79674,POS.3
79680,1
79681,2
79683,4
79684,5
79685,6
79686,7
79687,8
79688,9
79689,10
79690,11
79691,12
79956,1
79715,POS.1
79758,1
79759,2
79760,3
79761,4
79762,5
79763,6
79810,1
79835,3
79830,1
79831,1
79832,1
79833,1
79834,2
79836,4
79837,5
79838,1
79839,1
79840,2
79841,1
79846,2
79847,3
79849,5
79850,6
79851,7
79852,8
79853,9
79855,11
79856,12
79857,13
79858,14
79859,15
79860,16
79864,20
79866,22
79867,23
79925,Pos. 3
80073,1
80075,3
80076,4
80079,7
80080,8
80081,9
80082,1
80085,4
80086,5
80127,1
80130,1
80133,16
80134,17
80135,1
80136,2
80137,3
80138,4
80139,5
80140,6
80141,7
80142,8
80143,1
80144,1
80145,2
80150,11
80151,12
80152,13
80153,14
80154,15
80242,2
80241,1
80238,1
80298,1
80299,2
80300,3
80301,4
80302,5
80303,6
80304,7
80322,9
80307,2
80309,4
80310,5
80314,1
80315,2
80316,3
80317,4
80318,5
80319,6
80320,7
80321,8
80325,1
80326,1
80328,1
80329,2
80330,4
80331,1
80335,1
80336,2
80337,3
80338,4
80339,5
80340,6
77955,Pos. 3
78010,5
78012,5b
78030,1
78035,1
78036,2
78042,7
78050,1
78795,9
78062,3
78066,7
78074,15
78075,16
78077,18
78158,1
78159,2
78160,1
78161,2
78164,1
78174,10
78175,11
78176,12
78194,1
78195,2
78202,9
78203,10
78204,11
78206,13
78207,14
78208,15
78245,1
78247,3
78258,8
78320,3
78337,3
78339,5
78340,1
78341,2
78778,2
78783,1
78785,3
78790,4
78797,11
78876,4
78897,1
78989,1
78990,1a
78996,5
79002,11
79007,1
79008,2
79017,4
79021,1
79126,19
79127,1
79129,3
79137,3
79139,5
79145,1
79146,2
79161,4
79256,3
79272,2
79275,5
79593,8
79638,7
79639,8
79654,1
79666,4
79671,9
79845,1
79848,4
79854,10
79861,17
79862,18
79863,19
79865,21
80074,2
80077,5
80078,6
80083,2
80084,3
80087,6
80146,3
80306,1
80308,3
80324,1
82387,2.0
80341,7
80343,9
80344,10
80345,11
80346,12
80347,13
80348,14
80349,15
80350,16
80351,17
80353,19
80354,21
80355,22
80356,23
80362,1
80363,2
80364,3
80365,4
80366,5
80367,6
80369,1
80372,2
80373,3
80374,4
80375,5
80376,6
80378,1
80383,1
80384,1
80385,2
80388,1
80391,1
80490,1
80491,2
80492,3
80493,4
80494,5
80495,6
80496,7
80497,8
80506,23
80507,24
80508,25
80509,26
80510,27
80511,28
80512,29
80513,30
80514,31
80515,32
80516,33
80517,34
80518,35
80519,36
80520,37
80521,38
80524,1
80561,1
80562,2
80563,3
80564,4
80565,5
80632,1
80635,4
80636,5
80637,6
80638,7
80641,1
80642,1
80643,2
80644,3
80645,4
80646,5
80647,6
80648,7
80651,1
80652,2
80654,4
80659,1
80660,2
80661,3
80665,2
80668,2
80669,3
80671,5
80672,1
80675,4
80676,5
80677,6
80680,1
80548,POS. 2
80795,2
80794,1
80796,3
80799,1
80800,2
81036,1
81037,2
81217,POS 2
81290,17
81291,18
81337,1
81414,7
81408,1
81409,2
81410,3
81411,4
81412,5
81413,6
81415,8
81416,9
81417,10
81418,11
81419,12
81420,13
81421,14
81422,15
81423,16
81424,17
81430,1
81431,2
81432,3
81433,4
81435,6
81436,7
81437,8
81438,9
81451,39
81452,40
81453,41
81455,43
81457,45
81458,46
81459,47
81460,48
81470,13
81471,14
81476,3
81478,5
81479,6
81480,7
81481,8
81485,24
81486,25
81499,19
81500,20
81501,21
81502,22
81505,1
81506,2
81518,18
81520,20
81521,21
82240,5
81522,22
81525,25
81526,26
81527,27
81528,28
81529,29
81530,30
81532,32
81533,33
81534,34
81535,35
81536,36
81537,37
81540,40
81541,41
81543,43
81544,44
81545,45
81546,46
81547,47
81548,48
81549,49
81551,51
81552,52
81553,53
81554,54
81555,55
81557,57
81559,59
81579,1
81580,2
81614,POS. 1
81798,12
81787,1
81788,2
81790,4
81792,6
81793,7
81794,8
81795,9
81796,10
81797,11
81925,1
81928,4
81931,1
81934,4
82241,6
81937,1
81938,2
81939,3
81948,1
81954,1
81955,2
81956,1
81958,1
81959,2
81961,1
81962,2
81963,3
81978,1
81979,2
81983,49
81984,50
81985,51
81986,52
81987,53
81988,54
81989,55
81990,56
81991,57
81992,58
81995,3
81996,4
81997,5
81998,6
81999,7
82000,8
82003,11
82007,1
82008,2
82009,3
82010,4
82011,5
82012,6
82013,7
82014,8
82015,9
82215,8
82208,1
82209,2
82211,4
82212,5
82216,9
82217,10
82228,1
82230,1
82231,2
82232,3
82233,4
82237,2
82238,3
82239,4
82242,7
82244,1
82245,2
82246,3
82247,4
82258,1
82259,2
82260,3
82261,4
82262,5
82263,6
82264,7
82265,1
82266,2
82267,3
82270,6
82271,1
82272,2
82273,3
82274,4
82294,1
82295,2
82296,3
82297,4
82300,7
82301,8
82302,9
82381,1
82383,3
82384,4
82385,5
82386,6
82391,1
82392,1
82393,2
82394,1
82395,2
82396,1
82475,60
82477,62
82478,63
82479,64
82480,65
82482,67
82483,68
82484,69
82485,70
82486,71
82487,72
82488,73
82489,74
82490,75
82491,76
82492,77
82493,78
82498,9
82695,1
82697,1
82698,1
82681,POS. A
82682,POS. B
82683,POS. C
82647,Pos. 1
82772,2
82771,1
82773,3
82776,6
82777,1
82866,1
82867,2
83155,B
85303,1
80342,8
80352,18
80371,1
80392,2
80393,3
80394,4
80395,5
80396,6
80397,7
80398,8
80649,8
80653,3
80664,1
80667,1
80670,4
80673,2
80674,3
81428,1
81434,5
81454,42
81456,44
81474,1
81475,2
81477,4
81487,26
81488,27
81489,28
81503,23
81519,19
81523,23
81524,24
81531,31
81538,38
81539,39
81542,42
81550,50
81556,56
81558,58
81789,3
81791,5
81926,2
81927,3
81932,2
81933,3
82001,9
82002,10
82210,3
82213,6
82214,7
82236,1
82268,4
82269,5
82298,5
82299,6
82382,2
82476,61
82481,66
82774,4
82775,5
86870,3
83855,1
83856,2
83857,3
83975,1
83976,2
83977,3
83978,4
83979,5
83980,6
83981,7
83982,8
83983,9
83984,10
83996,5
83997,6
83998,7
83999,8
84000,9
84001,10
84105,2
84002,11
84104,1
84106,3
84107,4
84108,5
84274,Pos. A
84275,Pos. B
84276,Pos. C
84450,1
84451,2
84454,1
84455,2
84456,3
84457,4
84458,5
84461,B
84462,C
84463,D
84464,E
84465,F
84466,A
84467,B
84468,C
84469,D
84472,59
84473,60
84474,31
84476,2
84575,2
84577,1
84578,1a
84579,2
84580,2b
84583,2
84598,3
84584,1
84585,2
84586,3
84587,1
84588,1
84589,1
84590,2
84591,3
84592,4
84593,5
84594,1
84595,2
84596,3
84597,1
84600,5
84601,6
84602,7
84603,8
84604,9
84605,10
84606,11
84607,12
84608,13
84622,1
84623,2
84624,3
84625,4
84626,5
84739,Pos. 1
84740,Pos. 2 & 3
84745,POS 1
84746,POS 2
84882,1
84883,2
84884,1
84885,1a
84886,1b
85253,7
85228,1
85231,4
85243,1
85244,1
85248,2
85250,4
85251,5
85252,6
85254,8
85255,9
85256,10
85257,11
85259,12
85260,13
85261,14
85267,1
85268,2
85269,3
85270,4
85271,5
85272,6
85273,7
85274,8
85275,9
85276,10
85277,11
85278,12
85279,13
85281,1
85282,2
85283,3
85285,1
85286,2
85287,3
85288,4
85289,5
85290,6
85291,7
85292,8
85293,1
85294,2
85300,8
85301,9
85188,Pos D + F
85189,Pos. G
90656,3
85499,1
85723,1
85724,2
85725,3
85726,4
85727,5
85728,6
85729,7
85730,8
85731,1
85732,2
85733,3
85734,4
85737,2
85738,3
85739,4
85740,5
85741,6
85866,1.0
85867,2.0
85876,1
85879,1
85880,2
85881,3
85882,4
85884,6
85885,7
85886,8
85888,10
85889,11
85890,12
85891,13
85892,14
85893,15
85894,16
85895,17
85896,18
85897,19
85898,20
85899,21
85909,2
85910,2a
85911,2b
85912,2c
85913,2d
85914,2e
86091,17
86092,31
86093,34
86094,79
86098,2
86099,3
86101,5
86102,6
86103,7
86104,8
86105,9
86106,10
86113,17
86114,18
86115,1
86116,2
86119,2
86120,3
86121,4
86126,1
86127,2
86130,5
86131,6
86132,7
86133,8
86134,9
86135,10
86136,11
86137,12
86138,13
86139,14
86140,15
86141,16
86142,17
86143,18
86144,1
86145,2
86146,3
86147,4
86148,5
86149,6
86150,1
86184,1
86390,16.0
86313,POS. 1
86314,POS.2
86394,1
86395,1a
86396,1b
86567,1
86754,Pos 6-7-8
86756,Pos 1
86757,Pos 2
86758,Pos 5
86829,1
86856,1
86862,1
86863,2
86864,3
86865,4
86868,1
86869,2
86871,4
86872,5
86876,1
86877,2
86878,3
86879,4
86880,5
86881,6
86883,1
86884,2
86886,4
86887,5
86890,2
86891,3
86892,4
86893,5
86896,8
86897,9
86898,10
86899,11
86904,1
86905,2
86909,6
86911,8
86912,9
86913,10
86914,11
86915,12
86916,13
86917,14
86921,3
86922,1
86923,3
86925,5
86926,6
86927,7
86934,1
86935,2
86936,3
86937,4
86938,5
86941,8
86968,12
86957,1
86958,2
86959,3
86960,4
86961,5
86962,6
86963,7
86964,8
86965,9
86966,10
86967,11
86969,13
86970,14
86971,15
86972,16
86973,17
86974,18
86975,19
86976,20
86988,1
86989,2
86992,2
86995,1
86996,2
86997,3
86998,4
86999,5
87237,Pos 1
87238,Pos 2
87239,Pos 3
87240,Pos 4
87241,Pos 8
87242,Pos 9
87243,Pos 10
87244,Pos 11
87245,Pos 12
87246,Pos 13
87248,Pos 14
83993,2
87377,POS 2
87401,Pos. 2
83992,1
83994,3
83995,4
84459,1
84460,A
84475,1
84574,1
84576,3
84599,4
85229,2
85230,3
85247,1
85249,3
85262,15
85295,3
85296,4
85297,5
85298,6
85299,7
85736,1
85883,5
85887,9
85908,1
86088,26
86097,1
86100,4
86107,11
86108,12
86109,13
86110,14
86111,15
86112,16
86118,1
86128,3
86129,4
86885,3
86889,1
86894,6
86895,7
86906,3
86907,4
86908,5
86910,7
86919,1
86920,2
86924,4
86939,6
86940,7
86977,21
86978,22
86979,23
86991,1
86994,1
87000,6
87001,7
87402,Pos. 3
87555,1
87557,1
87606,1
87558,2
87559,1
87560,2
87561,3
87562,4
87565,1
87567,1
87568,2
87573,1
87574,2
87607,3
87575,3
87577,5
87578,6
87579,7
87580,8
87583,2
87585,4
87587,6
87588,7
87589,8
87608,1
87595,3
87596,4
87597,5
87598,6
87599,7
87600,8
87601,1
87602,2
87603,3
87604,4
87605,1
87609,2
87610,3
87611,4
87612,1
87613,1
87614,1
87644,1
87645,2
87811,2
87812,3
87813,4
87814,5
87815,6
87969,POS 2
87816,7
87970,POS 3
87965,POS 5 & 6
87966,POS 5
87968,POS 1
87971,POS 9 - 10
88181,1
88187,1
88188,2
88189,3
88191,5
88192,6
88193,7
88194,8
88195,9
88196,10
88197,11
88290,4
88288,2
88289,3
88291,5
88293,7
88296,1
88297,2
88298,3
88304,1
88306,1
88307,2
88308,3
88309,4
88310,5
88311,6
88312,7
88318,1
88319,2
88320,3
88321,4
88322,5
88323,6
88324,7
88325,8
88327,10
88383,5
88379,1
88380,2
88381,3
88382,4
88384,6
88385,7
88387,2
88388,3
88389,4
88390,5
88391,6
88393,8
88395,1
88396,2
88397,3
88398,4
88399,5
88400,6
88401,7
88402,8
88405,11
88406,12
88409,1
88411,1
88412,2
88413,3
88569,8
88562,1
88563,2
88564,3
88565,4
88566,5
88567,6
88568,7
88570,9
88571,10
88572,11
88573,12
88574,13
88575,14
88576,15
88577,16
88578,17
88579,18
88580,19
88581,20
88582,21
88583,22
88584,23
88585,24
88586,25
88587,26
88588,27
88590,29
88591,30
88592,31
88745,1
88746,2
88747,3
88748,4
88749,5
88756,1
88757,2
88758,3
88760,5
88761,6
88762,7
88763,8
88764,9
88765,10
88766,11
88767,12
88768,13
88769,14
88770,15
88771,16
88772,17
88773,18
88774,19
88778,23
88779,24
88780,25
88781,26
88783,28
88784,29
88785,30
88786,31
88787,32
88788,33
88703,POS 1
88859,1
88862,4
88863,5
88864,6
88865,7
88866,8
88869,11
88874,1
88879,2
88880,3
88881,4
88882,5
88883,6
88885,8
88886,9
88888,11
88889,12
88890,13
88891,14
88892,15
88893,16
88894,17
88895,18
88896,19
88897,20
88898,21
88900,23
88901,24
88904,27
88908,31
88910,33
88912,35
88913,36
88914,37
88915,38
88920,1
88921,1
88922,2
88925,1
89106,1
89107,2
89108,3
89109,4
89111,6
89126,5
89127,7
89128,8
89130,14
89131,21
89132,22
89133,24
89134,16
89135,18
89136,18a
89137,20
89138,20a
89696,1
89750,1
89751,2
89752,3
89754,5
89756,7
89757,8
89758,9
89759,10
89760,11
89761,7
89764,1
89766,1
89777,1
89778,2
89779,3
89780,4
89781,5
89782,6
89783,7
89792,1
89793,2
89794,3
89795,4
89796,5
89797,6
89798,7
89799,8
89800,9
89801,10
89802,11
89803,12
89804,13
89817,1
89818,2
89819,3
89820,4
89821,5
89823,7
89824,8
89825,9
89826,10
89827,11
89828,12
89829,13
89830,14
89942,1
89943,2
89944,3
89945,4
89947,1
89949,3
89950,4
89951,5
89952,6
89953,2
89954,3
89955,4
89957,9
90008,1
90009,2
90010,3
90011,4
90012,5
90013,6
90044,1
90045,2
90046,3
90047,4
90048,5
90049,6
90050,7
90051,8
90052,9
90053,10
90055,12
90056,13
90057,14
90081,1
90082,2
90083,3
90084,4
90085,5
90086,6
90094,1
90095,2
90096,3
90099,6
90100,7
90101,8
90114,21
90102,9
90104,11
90105,12
90106,13
90107,14
90108,15
90109,16
90110,17
90111,18
90112,19
90113,20
90115,22
90116,23
90117,24
90118,25
90143,1
90144,2
90148,6
90149,7
90150,8
90151,9
90152,10
90153,11
90154,12
90155,13
90156,14
90157,15
90158,16
90159,17
90160,18
90289,5
90162,POS.1 a
90163,POS. 1 b
90165,POS. 1 c
90167,POS. 3
90168,POS. 6.1 / 6.2
90169,POS 5.1
90171,POS 5.2
90174,POS. 9
90493,1
90176,POS. 16
90253,1
90285,1
90286,2
90287,3
90288,4
90290,6
90291,7
90292,8
90293,9
90496,1
90497,2
90498,3
90499,4
90500,5
90501,6
90502,6.1
90503,7
90504,8
90506,10
90507,11
90508,12
90510,14
90511,15
90512,16
90513,17
90514,18
90515,19
90516,20
90517,21
90518,22
90519,23
90520,24
90521,25
90533,1
90534,2
90535,3
90536,4
90537,5
90538,6
90539,7
90540,8
90541,9
90542,10
90543,11
90544,12
90545,13
90546,14
90547,15
90548,16
90549,17
90551,19
90552,20
90553,21
90554,22
90555,23
90556,24
90557,25
90558,26
90559,27
90560,28
90561,29
90562,30
90563,31
90564,32
90605,1
90606,2
90607,3
90611,3
90612,4
90615,1
90616,2
90617,3
90620,6
90621,7
90622,8
90623,9
90625,1
90642,1
90643,2
90645,4
90646,5
90647,6
90648,7
90649,8
90650,9
90654,1
90655,2
87576,4
87582,1
87584,3
87586,5
87593,1
87594,2
87642,1
87643,2
87810,1
88190,4
88287,1
88292,6
88326,9
88386,1
88392,7
88403,9
88404,10
88414,4
88589,28
88759,4
88775,20
88776,21
88777,22
88782,27
88857,1
88860,2
88861,3
88867,9
88868,10
88878,1
88884,7
88887,10
88899,22
88902,25
88903,26
88905,28
88906,29
88907,30
88909,32
88911,34
89082,1
89084,1
89110,5
89129,12
89286,1
89753,4
89755,6
89784,8
89822,6
89948,2
89956,7
90054,11
90097,4
90098,5
90103,10
90145,3
90146,4
90147,5
90494,2
90505,9
90509,13
90550,18
90618,4
90619,5
90644,3
90651,10
90676,2
90730,1
90731,2
90735,6
90738,2
90739,3
90743,1
90746,4
90747,5
90750,1
90751,2
90752,3
90753,4
90754,5
90755,6
90758,1
90759,1
90760,2
90761,3
90762,4
90784,1
90785,2
90786,5
90913,1
90914,2
90915,3
90918,6
90919,7
90920,8
90921,9
90922,10
91082,1
91083,2
91084,3
91085,4
91086,1
91087,2
91089,4
91090,5
91091,5a
93120,10
91319,1
91320,2
91321,3
91322,4
91323,5
91325,7
91326,8
91328,1
91329,2
91362,3
91330,3
91331,4
91332,5
91333,6
91334,7
91340,1
91341,1
91342,2
91343,3
91344,1
91348,1
91350,1
91352,3
91353,4
91354,5
91355,6
91356,7
91357,8
91359,1
91360,1
91361,2
91363,4
91364,5
91365,6
91368,1
91369,2
91370,3
91371,4
91372,5
91373,6
91374,7
91375,8
91376,9
91377,10
91378,11
91379,12
91380,13
91381,14
91382,15
91383,16
91384,17
91385,18
91554,POS 1
91555,POS 2
91509,1
91510,2
91511,3
91512,4
91513,1
91515,3
91516,4
91517,1
91518,2
91519,3
91520,4
91524,1
91525,2
91526,4
91527,5
91528,6
91529,7
91531,1
91532,2
92056,Position 8
91533,3
91534,4
91535,5
91536,6
91537,7
91549,Pos 1
91550,Pos 3
91952,POS. 1
91953,POS. 2
92049,Position 4
92050,Position 4
92051,Position 4
92052,Position 4.5
92053,Position 5
92054,Position 6
92055,Position 7
92102,Position 5
92103,Position 5
92104,Position 5
92105,Position 5.1
92106,Position 5.1
92107,Position 5.1
92108,Position 5.5
92109,Position 5
92110,Position 6
92332,6
92326,1
92327,2
92328,1
92331,5
92333,7
92334,8
92348,7
92335,9
92336,10
92337,11
92338,12
92339,13
92342,1
92343,2
92344,3
92345,4
92346,5
92347,6
92349,8
92350,9
92351,10
92359,1
92360,2
92361,3
92446,5
92362,4
92363,5
92364,6
92365,7
92370,5
92422,1
92423,2
92424,3
92442,1
92443,2
92444,3
92445,4
92447,6
92448,7
92449,8
92489,1
92490,2
92491,3
92492,4
92493,5
92494,6
92495,7
92496,8
92500,1
92501,2
92502,3
92503,4
92506,1
92507,1
92509,1
92510,2
92511,3
92558,1
92559,2
92560,3
92561,4
92562,5
92567,1
92568,18
92569,2
92570,3
92571,1
92572,2
92573,3
92575,1
92576,5
92577,2
92578,6-7
92579,8-9
92581,1
92582,2
92585,5
92586,6
92587,8
92588,7
92589,7a
92714,1
92716,3
92719,6
92720,7
92721,8
92722,9
92723,10
92724,11
92725,12
92727,14
92730,17
92731,18
92732,19
92733,20
92734,21
92735,22
92736,23
92837,1
92838,1
92841,1
92842,2
92843,3
92844,1
92845,2
92849,1
92850,2
92851,3
92852,4
92853,5
92854,6
92855,7
92857,1
92858,2
92863,1
92864,2
92865,3
92885,2
92886,3
92889,6
92890,11
92891,12
92892,13
92895,16
92896,17
92897,18
92898,19
92899,21
92900,22
92944,7
92945,8
92946,9
92947,10
92992,1
92995,2
92996,3
93076,1
93077,2
93078,3
93079,4
93081,6
93082,7
93087,1
93089,3
93090,4
93091,5
93092,6
93093,7
93094,8
93095,9
93096,10
93097,11
93098,12
93099,13
93100,14
93101,15
93104,1
93105,2
93106,3
93108,5
93109,6
93110,7
93111,8
93113,2
93114,3
93116,5
93117,6
93118,7
93119,8
93121,10a
93190,1
93191,2
93192,3
93193,1
93194,2
93195,3
93196,4
93197,5
93198,6
93199,7
93200,8
93201,9
93202,10
93203,11
93204,12
93287,1
93288,2
93291,1
93292,1a
93293,1b
93295,6
93296,8
93299,11
93300,4
93301,4a
93302,5
93303,5a
90675,1
90677,3
90732,3
90733,4
90734,5
90737,1
90740,6
90763,6
90764,7
90765,8
90916,4
90917,5
91088,3
91324,6
91327,9
91351,2
91514,2
92330,4
92583,3
92584,4
92715,2
92717,4
92718,5
92726,13
92728,15
92729,16
92839,2
92856,8
92884,1
92887,4
92888,5
92893,14
92894,15
92994,1
93080,5
93088,2
93107,4
93112,1
93115,4
93294,2
93297,9
93298,10
93304,7
93305,7a
93306,12
93312,1
93314,3
93315,4
93316,5
93318,7
93319,8
93522,1
93523,2
93524,3
93525,4
93528,7
93529,8
93530,9
93531,10
93532,11
93533,12
93534,13
93535,14
93536,15
93537,16
93541,3
93542,4
93544,2
93545,3
93546,1
93547,2
93548,3
93549,4
93550,5
93553,1
93554,2
93555,3
93556,4
93557,5
93558,6
93561,9
93562,10
93563,11
93564,12
93565,13
93566,14
93567,15
93568,16
93580,1
93581,2
93582,3
93583,4
93586,7
93587,8
93588,9
93589,10
93592,1
93593,2
93594,3
93595,4
93596,5
93597,6
93598,7
93599,8
93600,9
93602,1
93603,2
93604,1
93605,2
93606,3
93607,4
93608,5
93609,6
93610,7
93614,1
93615,2
93616,3
93617,4
93620,2
93621,3
93622,4
93623,5
93624,6
93625,7
93626,8
93627,9
93628,10
93629,11
93630,12
93631,13
93644,1
93645,2
93646,3
93647,4
93648,5
93718,1
93719,2
93721,1
93722,2
93723,1
93724,2
93746,1
93845,1
93846,1
93847,2
93848,3
93849,4
93943,1
93944,2
93935,Position 1
93936,Position 2
93937,Position 3
93938,Position 4
93939,Position 5
93946,1
93953,5
93955,1
93956,1
93957,2
93958,3
93960,5
93961,12
93962,13
93969,1
93970,2
93971,3
93972,4
93973,5
93974,6
93975,7
93976,8
93977,9
93998,1
93999,2
94000,3
94006,1
94007,2
94008,1
94009,2
94102,1
94091,1
94092,2
94093,3
94094,4
94105,1
94106,2
94107,3
94108,4
94109,5
94110,6
94111,7
94112,8
94113,9
94168,5
94137,1
94141,1
94164,1
94165,2
94166,3
94167,4
94169,6
94170,7
94171,7a
94172,8
94173,8a
94174,1
94175,2
94176,3
94191,1
94192,2
94193,3
94194,4
94195,5
94196,6
94197,7
94198,8
94201,11
94202,12
94203,13
94204,14
94354,6a
94347,1
94348,2
94349,3
94350,4
94351,11
94352,5
94353,6
94355,7
94356,7a
94505,Position 1
94506,Posiiton 2
94507,Position 3
94508,Position 4
94648,1
94650,3
94655,2
94656,3
94657,4
94658,5
94659,6
94660,7
94661,8
94662,9
94663,10
94664,11
94665,12
94666,13
94667,14
94668,15
94669,16
94670,17
94671,18
94675,1
94676,2
94677,3
94678,4
94679,5
94680,6
94683,1
94684,2
94685,3
94686,1
94687,2
94688,3
94689,4
94690,5
94691,6
94692,7
94693,8
94694,1
94696,3
94697,4
94701,1
94702,2
94703,3
94705,1
94706,2
94707,1
94708,2
94728,POS 1
94729,POS.2
94730,POS. 3
94731,POS. 4
94740,POS.1
94742,POS.3
94755,4
94756,5
95200,Pos B4
94907,1
94908,2
94909,3
94910,4
94913,7
94914,8
94915,9
94916,10
94917,11
94918,12
94919,13
94920,14
94922,16
94923,17
94924,18
94925,19
94934,1
94935,2
95004,1
95005,2
95006,3
95007,4
95008,5
95009,6
95010,7
95011,1
95012,2
95013,3
95014,4
95019,1
95020,2
95021,3
95023,5
95024,6
95025,7
95026,8
95027,9
95028,10
95029,11
95030,12
95039,1
95040,2
95041,3
95042,1
95043,1
95046,4
95049,7
95050,8
95051,10
95052,Position 7
95053,Position 7
95054,Position 7
95055,Position 7.1
95056,Position 7.1
95057,Position 8
95058,Position 5.5
95065,2
95066,3
95067,4
95068,5
95071,8
95198,Pos B1
95090,POS 1
95091,POS 5
95197,Pos A2
95127,1
95128,2
95129,3
95131,2
95132,3
95133,4
95134,5
95135,6
95196,Pos A1
95201,Pos C1
95202,Pos adhéfif
95203,Pos peinture
95254,1
95255,2
95256,3
95257,4
95258,5
95259,6
95260,7
95261,8
95262,9
95263,10
95304,1
95307,1
95308,2
95309,3
95310,4
95311,5
95312,6
95313,7
95314,8
95315,9
95331,POS 2.1 / 2.2 /
95332,POS. 10
95333,POS. 13 - POS 14
95334,POS.15
95335,POS. 17
95336,POS. 18
95404,1
95337,POS. 20
95338,POS. 23
95339,POS. 27 / 28
95405,1
95407,3
95408,4
95409,5
94649,2
95521,1
95522,2
95523,5
95524,7
93313,2
93317,6
93526,5
93527,6
93543,1
93559,7
93560,8
93584,5
93585,6
93611,4
93619,1
93959,4
94087,1
94199,9
94200,10
94654,1
94695,2
94709,1
94905,1
94906,2
94911,5
94912,6
94921,15
94926,20
95022,4
95044,2
95045,3
95047,5
95048,6
95064,1
95069,6
95070,1
95136,2
95199,Pos B3
95264,11
95406,2
95593,4
95525,8
95526,3
95527,4
95537,1
95538,2
95539,3
95540,4
95543,1
95591,2
95592,3
95594,5
95595,6
95596,7
95597,9
95598,11
95599,13
95603,POS. 1A
95615,2
95616,3
95604,POS. 3.1 et 3.2
95605,Pos. 4
95606,POS. 5
95607,POS. 6.1
95611,1
95612,2
95613,1
95614,1
95617,4
95619,1
95621,1
95622,2
95623,1
95624,2
95652,Position 1
95653,Position 2
95654,Position 3
95744,Pos. 1&2
95745,Pos. 1 2 4 5
95746,Pos. 1 2 4 5
95747,Pos. 1&2
95748,Pos. 4
95749,Pos. 5
95776,POS.1
95777,POS. 2
95778,POS.3
95809,Pos.1
95817,POS 1
96021,1
96077,1
96078,2
96079,3
96080,4
96081,5
96082,6
96084,8
96085,9
96086,10
96087,11
96088,12
96089,13
96092,16
96093,17
96094,18
96095,19
96096,20
96097,21
96098,22
96099,23
96100,24
96107,12
96241,1
96265,1
96324,8
96313,1
96314,2
96315,3
96317,1
96318,2
96319,3
96320,4
96321,5
96322,6
96451,1
96455,1
96456,2
96457,3
96458,4
96459,5
96460,6
96518,1
96519,2
96521,1
96522,2
96523,3
96524,4
96525,5
96526,6
96527,7
96528,8
96529,9
96530,10
96532,1
96533,1
96540,3
96541,4
96542,5
96543,6
96544,7
96545,8
96546,9
96547,10
96548,11
96549,12
96550,13
96551,14
96552,15
96553,16
96554,17
96555,18
96556,19
96558,1
96560,3
96561,4
96562,5
96564,7
96565,8
96566,9
96567,10
96568,1
96569,2
96573,1
96574,2
96575,3
96576,4
96577,5
96580,1
96581,2
96582,3
96583,4
96584,5
96593,1
96594,2
96595,3
96596,4
96597,5
96598,6
96599,7
96600,8
96601,9
96602,10
96604,12
96605,13
96626,9
96627,1
96628,2
96629,3
96630,4
96631,5
96632,6
96633,7
96634,8
96635,9
96656,1
96658,6
96660,2
96661,2a
96667,1
96669,3
96670,4
96671,5
96680,1
96681,2
96683,4
96684,5
96717,1
96718,6
96719,7
96720,8
96721,9
96722,10
96728,1
96729,2
96731,4
96732,5
96733,6
96734,7
96735,8
96736,10
96737,12
96738,9
96739,9a
96740,11
96741,11a
96744,1
96745,2
96746,3
96747,4
96748,5
96749,6
96750,7
96751,8
96752,9
96753,10
96754,11
96755,12
96756,13
96757,14
96758,15
96759,16
96770,1
96771,2
96772,3
96773,4
96774,5
96775,6
96776,7
96777,8
96778,9
96779,10
96780,11
96781,12
96782,13
96783,14
96784,15
96785,16
96786,17
96787,18
96788,19
96789,20
96790,21
96791,22
96792,23
96793,24
96794,25
96795,26
96796,27
96797,28
96798,29
96799,30
96800,31
96801,32
96802,33
96803,34
96804,35
96805,36
96806,37
96807,38
96809,40
96810,41
96811,42
96812,43
96813,44
96814,45
96815,46
96816,47
96817,48
96818,49
96819,50
96853,1
96854,2
96855,3
96857,5
96858,7
96859,6
96860,8
96869,3
96870,4
96871,5
96872,6
96873,7
96874,8
96875,9
96876,10
96902,1
96903,2
96904,3
96905,4
96906,5
96907,6
96908,7
97192,1
97194,1
97196,3
97198,5
97203,2
97205,4
97206,5
97207,6
99766,15
97280,1
97281,2
97286,4
97287,5
97288,13
97289,14
97290,15
97291,17
97292,18
97293,20
97294,21
99767,16
97353,1
97408,1
99768,17
97521,Pos. 1à17
97523,Pos. 1à17
97524,Pos. 1à17
97525,Pos. 3
97526,Pos. 6
97529,Pos. 7
97530,Pos. 8
97531,Pos. 10
97647,1
97532,Pos. 11&12
97533,Pos. 13
97534,Pos. 14
97535,Pos. 17
97608,Pos. 1A
97609,POS 2 A
97610,POS 3
97648,2
97611,POS.4
97649,3
97651,5
97652,6
97653,7
97654,1
97656,1
97657,2
97658,3
97659,4
97686,1
97687,2
97688,3
97689,4
97690,1
97736,2
97737,3
97740,6
97810,1
97811,2
97812,3
97813,4
97814,5
97815,6
97816,7
97817,8
97818,F01
97819,F08
97820,F09
97821,F20
97822,1
97826,1
97827,2
97828,3
97830,1
97831,2
97832,3
97833,4
97838,2
97842,3
97844,2
97845,3
97846,4
97848,6
97854,3
97855,6
97856,7
97857,8
97858,9
97859,14
97917,POS 1
97918,POS 2
97929,1
97930,2
97931,3
97932,4
97933,5
97934,6
97935,7
97937,1
97938,2
97942,6
97943,7
97948,20
97950,24
97951,29
97952,30
97953,31
97954,32
97958,POS. 1
97959,POS. 2
97960,POS. 3
97961,POS. 4
97962,POS. 5
97963,VAR 3 POS  6 / 7 / 8 / 10
97965,POS 1
97966,POS. 2
97967,POS. 3
98012,1
98013,2
98014,3
98216,1
98430,1
98227,Pos 1
98228,Pos 2
98229,Pos 3
98420,1
98421,2
98422,3
98431,2
98432,3
98433,4
98434,5
98435,6
98436,7
98437,8
98438,9
98439,10
98440,11
98441,1
98442,1
98448,1
98449,2
98450,3
98451,4
95528,6
95590,1
95600,18
95655,Position 4
96083,7
96090,14
96091,15
96111,1
96323,7
96325,9
96452,1
96538,1
96539,2
96559,2
96563,6
96585,6
96586,7
96603,11
96657,3
96659,7
96662,4
96663,5
96668,2
96682,3
96730,3
96808,39
96856,4
96867,1
96868,2
97195,2
97197,4
97202,1
97204,3
97409,2
97650,4
97685,1
97735,1
97738,4
97739,5
97837,1
97843,1
97847,5
97939,3
97940,4
97941,5
97949,21
98452,5
98453,6
98454,7
98455,8
98459,1
98460,2
98461,3
98463,1
98464,2
98465,3
98468,1
98470,2
98471,1
98472,2
98473,3
98475,5
98476,6
98477,7
98478,8
98479,9
98480,10
98482,1
98483,2
98485,4
98486,5
98487,6
98488,7
98489,8
98490,9
98492,16
98495,4
98497,9
98499,2
98503,1
98506,1
98508,1
98509,2
98510,3
98511,4
98512,5
98514,7
98515,8
98516,9
98517,10
98518,11
98519,12
98520,13
98522,15
98527,1
98528,1
98529,2
98530,3
98531,4
98533,20
98860,3
98650,1
98862,1
98741,POS. 1
98742,POS 2
98743,POS. 3
98949,2
98859,2
98864,3
98865,4
98866,5
98867,6
98871,10
98876,1
98877,2
98878,3
98895,1
98896,2
98963,5
98897,3
98898,1
98899,2
98901,4
98902,5
98903,6
98904,7
98905,1
98906,2
98907,3
98908,4
98909,5
98910,6
98911,1
98948,1
98959,1
98960,2
98961,3
98964,6
98965,7
99162,1
99166,1
99167,2
99168,3
99169,4
99170,5
99190,7
99171,6
99172,7
99173,8
99174,9
99175,10
99176,1
99179,1
99184,1
99185,2
99186,3
99187,4
99188,5
99189,6
99191,8
99192,9
99193,10
99194,11
99195,12
99196,13
99197,14
99198,15
99199,16
99200,17
99201,18
99202,19
99203,20
99204,21
99205,22
99206,23
99207,24
99208,25
99209,26
99349,1
99372,1
99444,1
99447,2
99451,1
99453,3
99454,4
99455,5
99456,6
99457,7
99458,8
99459,9
99460,10
99468,1
99469,2
99470,3
99681,2
99583,1
99584,2
99585,3
99586,4
99587,5
99588,6
99589,7
99590,8
99591,9
99592,10
99593,11
99594,12
99595,13
99660,2
99680,1
99684,1
99685,2
99686,3
99693,4
99695,1
99696,2
99697,1
99698,2
99703,1
99704,2
99705,3
99708,1
99773,2
99710,1
99711,2
99713,4
99715,6
99716,7
99717,8
99718,9
99719,10
99720,11
99721,12
99725,16
99752,1
99753,2
99754,3
99755,4
99756,5
99757,6
99758,7
99759,8
99760,9
99761,10
99762,11
99763,12
99765,14
99770,19
99771,20
99772,1
99775,4
99778,2
99779,3
99780,4
99781,5
99782,6
99783,7
99784,8
99785,9
99786,10
99787,11
99788,12
99943,3
99944,10
99945,11
99946,12
99947,14
99948,15
99949,17
99951,2
99952,1
99955,1
99956,2
99957,3
99958,4
99959,5
99961,1
99965,5
99966,6
99967,7
99968,8
99969,9
99970,10
99971,11
99972,12
99973,13
99974,14
99975,15
99976,16
99977,17
99979,19
99980,20
99981,21
99982,22
99983,23
99984,24
99985,25
99986,26
99987,27
99988,28
100014,1
100017,1
100029,1
100030,2
100032,1
100033,2
100034,3
100035,4
100036,5
100037,6
100038,7
100039,8
100114,2
100040,9
100041,10
100042,11
100043,12
100045,1
100046,2
100047,3
100048,4
100049,5
100050,6
100113,1
100115,3
100132,1
100133,2
100134,3
100135,4
100216,1
100217,2
100424,6. (PV)
106386,Pos. 3.0
100321,1
100313,3
100314,5
100317,7
100318,12
100319,12-1
100322,1
100367,1
100368,2
100443,24
100413,1.a
100414,1.a (PV)
100415,2.b
100416,2.b (PV)
100417,3.b
100418,3.b (PV)
100419,4.b
100420,4.b (PV)
100421,5.a
100422,5.a (PV)
100423,6.
100425,7.
100426,7. (PV)
100427,8.
100428,8. (PV)
100429,9
100430,9.(PV)
100431,10.
100432,10.(PV)
100433,13.b
100434,14.a
100435,15.b
100436,16.b
100437,18.b
100438,19.
100439,20
100440,21
100441,22
100442,23
100444,25
100445,26.1
100446,26.2
100447,26.3
100448,26.4
100450,(PV)
100546,1
100548,25
100558,4
100559,5
100560,6
100561,7
100562,8
100563,9
100564,10
100565,11
100653,1
100654,2
100655,3
100656,4
100657,5
100658,6
100659,7
100660,8
100661,9
100662,10
100663,11
100664,12
100665,13
100668,1
100677,1
100678,2
100679,3
100680,4
100685,2
100686,3
100688,5
100689,6
100701,1
100702,2
100703,3
100704,4
100705,5
100706,6
100707,7
100708,8
100709,9
100710,10
100711,11
100719,1
100720,2
100723,1
100724,2
100725,3
100726,4
100729,1
100730,2
100731,3
100736,8
100738,10
100739,11
100740,12
100741,13
100742,14
100743,15
100744,16
100751,2
100752,3
100753,4
100754,5
100755,6
100756,7
101089,1
101200,5
101178,2
101179,3
101180,4
101196,1
101198,3
101199,4
101202,7
101203,8
101204,9
101205,10
101206,11
101207,12
101208,13
101209,14
101210,15
101211,16
101212,17
101213,18
101216,21
101217,22
101218,23
101219,24
101221,26
101222,27
101223,28
101224,29
101225,30
101226,31
101227,32
101228,33
101229,34
101230,35
101909,1
101375,9
101377,1
101378,11
101380,1
101386,6
101388,1
101389,2
101390,3
101395,1
101396,2
101397,3
101398,4
101399,5
101400,7
101401,8
101402,9
101403,10
101404,11
101405,12
101406,13
101407,14
101408,1
101411,1
101412,2
101413,3
101414,4
101415,5
101416,6
101417,7
101419,8
101420,9
101421,10
101448,1
101422,11
101423,12
101424,13
101425,18
101427,1
101428,2
101430,1
101431,2
101432,3
101433,4
101434,5
101435,6
101436,7
101437,8
101440,60
101441,61
101442,62
101443,63
101444,64
101447,67
101449,2
101450,3
101451,4
101452,5
101453,6
101454,7
101455,8
101456,1
101458,3
101459,4
101460,5
101462,1
101583,1
106387,Pos. 4.0
101585,3
101586,4
101588,7
101589,8
101590,9
101591,10
101592,11
101593,5
101600,10
101605,1
101606,2
101609,1
101610,2
101611,3
101612,4
101613,5
101614,6
101616,8
101617,9
101618,10
101619,11
101620,12
101621,13
101622,14
101623,15
101624,16
101625,17
101626,18
101627,19
101628,20
101634,1
101636,3
101639,1
98868,7
98863,2
98869,8
101697,POS 1a
101698,POS 1b
101699,POS 2
98474,4
98484,3
98491,1
98498,1
98513,6
98521,14
98858,1
98870,9
98872,11
98873,12
98900,3
98962,4
99163,2
99446,1
99452,2
99659,1
99690,1
99691,2
99692,3
99694,5
99712,3
99714,5
99764,13
99769,18
99774,3
99953,3
99962,2
99963,3
99964,4
99978,18
100136,5
100555,1
100556,2
100557,3
100684,1
100687,4
100732,4
100733,5
100734,6
100735,7
100737,9
100750,1
101177,1
101181,5
101182,6
101197,2
101201,6
101214,19
101215,20
101220,25
101445,65
101446,66
101457,2
101584,2
101587,6
101602,1
101603,2
101615,7
101635,2
101637,4
101638,5
101730,POS.12
101700,POS 3
101701,POS. 4
101729,POS. 8
101823,1
101824,2
101825,5
101827,POS 1
101828,POS 2
101829,POS 3
101830,POS 4
101831,POS 5
101876,1
101877,2
101879,1
101880,1a
101881,1b
101882,1c
101902,2
101903,3
101905,5
101906,6
101907,7
101911,1
101912,2
101913,3
101914,4
101915,1
101916,1a
101917,1b
101923,1
101924,2
101925,3
101926,4
101927,5
101929,7
101930,8
102190,2a
102090,1
102092,3
102093,4
102095,6
102189,1a
102180,1
102181,2
102182,3
102183,4
102184,5
102185,6
102186,7
102187,8
102188,9
102191,3a
102192,4a
102194,6a
102195,7a
102196,8a
102197,9a
102202,1
102203,2
102315,21
102316,22
102317,23
102318,24
102319,25
102320,26
102321,27
102322,28
102323,29
102324,30
102325,31
102326,32
102327,33
102328,34
102333,1
102336,2
102337,3
102338,4
102339,5
102340,6
102341,7
102342,8
102343,9
102344,10
102345,11
102346,12
102347,1
102348,2
102350,4
102351,5
102352,1
102353,2
102354,3
102355,1
102356,2
102357,3
102358,4
102359,5
102360,6
102362,8
102363,9
102364,10
102365,11
102652,1
102653,2
102655,1
102656,2
102660,1
102663,4
102666,7
102676,2
102677,3
102678,4
102679,5
102680,6
102681,7
102686,3
102687,8
102693,1
102749,1
102750,2
102751,3
102752,4
102753,5
102754,6
102755,7
102756,8
102757,9
102758,10
102759,11
102760,12
102761,13
102762,14
102763,15
102764,16
102765,17
102766,18
102767,19
102771,1
102786,1
102787,2
102788,3
102789,4
102790,5
102791,6
102792,7
102793,8
102794,9
102795,10
102796,11
102799,14
102800,15
102801,16
102802,17
102803,18
102828,1
102836,1
102837,2
102838,3
102839,1
103032,4
102840,2
102842,12
102843,13
102845,2
102959,1
102965,1
102966,2
102967,3
102968,4
102969,5
102970,6
102971,7
102972,8
102976,1
102977,2
102978,3
102979,4
102980,5
102984,1
102985,2
102986,3
102987,4
102988,5
102990,7
102993,4
102994,1
103033,5
102995,2
102996,3
102997,4
103004,1
103006,3
103007,4
103034,6
103018,2
103019,3
103020,4
103021,5
103022,6
103023,7
103024,8
103025,9
103028,2
103029,1
103030,2
103031,3
103091,1
103092,6
103113,1
103114,2
103115,3
103116,4
106385,Pos. 1.0 + 1.5
103125,11
103153,1
103154,2
103156,1
103334,1
103335,2
103343,1
103419,POS. 2
103449,1
103397,POS 1
103398,POS 2
103399,POS 3
103400,POS 5
103401,POS 6
103418,POS. 1
103420,POS. 3
103421,POS. 4
103438,1
103439,2
103440,3
103441,4
103442,5
103443,6
103451,1
103452,2
103457,1
103458,2
103459,3
103460,4
103461,5
103462,6
103463,7
103464,8
103465,9
103466,10
103467,11
103487,1
103488,2
103489,3
103490,4
103492,6
103493,7
103495,11
103496,12
103497,13
103498,14
103499,15
103500,8
103501,9
103503,1
103504,2
103505,3
103507,1
103508,2
103509,3
103510,4
103511,5
103517,2
103518,3
103519,4
103521,2
103522,1
103523,2
103524,3
103525,4
103526,5
103528,1
103530,1
103531,2
103532,3
103535,3
103536,4
103537,5
103538,1
103539,2
103540,3
103541,4
103542,5
103543,6
103544,7
103545,8
103546,9
103550,13
103551,14
103556,1
103558,3
103559,4
103595,1
103596,2
103597,3
103598,4
103599,5
103601,1
103602,2
103603,3
103604,4
103605,5
103607,7
103608,8
103615,7
103617,1
103620,4
103621,5
103622,6
103623,7
103624,8
103625,9
103626,10
103627,11
103644,1
103645,2
103646,3
103647,4
103648,5
103649,6
103650,7
103652,9
103653,10
103659,1
103660,2
103661,3
103662,4
103663,5
103664,6
103665,7
103666,8
103667,9
103668,10
103669,11
103670,12
103671,13
103672,14
103673,15
103674,16
103675,17
103676,18
103677,19
103685,1
103687,3
103688,4
103690,9
103691,10
103692,11
103743,4
103736,1
103740,1
103741,2
103742,3
103744,5
103745,6
103747,1
103863,2
103868,1
103869,2
103870,3
103876,1
103877,2
103878,3
103879,4
103880,5
103881,6
103882,7
103949,1
103950,2
103951,3
103952,1
103953,2
103954,3
103955,4
102797,12
109209,79
102798,13
101901,1
101904,4
101928,6
102091,2
102094,5
102193,5a
102335,1
102349,3
102361,7
102661,2
102662,3
102664,5
102665,6
102675,1
102844,1
102960,1
102989,6
102992,1
103005,2
103017,1
103026,10
103124,5
103336,3
103337,4
103468,12
103491,5
103494,10
103513,1
103516,1
103520,1
103529,1
103533,1
103534,2
103547,10
103548,11
103549,12
103552,15
103557,2
103606,6
103618,2
103619,3
103651,8
103684,2
103686,2
103689,5
103862,1
122078,1.1
104136,6
104137,7
104138,8
104160,1
104161,1
104162,2
104163,3
104164,4
104167,1
104168,2
104169,3
104172,1
104173,2
104174,3
104176,5
104177,2
104180,1
104181,2
104183,1
104184,2
104185,3
104186,4
104187,5
104194,2
104195,3
104196,4
104197,1
104198,2
104220,1
104232,4
104235,7
104237,1
104238,2
104285,2
104239,3
104289,6
104240,4
104241,5
104243,7
104246,1
104247,2
104248,3
104250,5
104251,6
104252,7
104253,8
104254,9
104255,10
104256,11
104262,1
104263,2
104266,5
104268,7
104269,8
104270,9
104271,10
104272,11
104273,12
104274,13
104280,1
104281,2
104286,3
104288,5
104290,7
104291,8
104292,9
104293,10
104294,11
104295,12
104296,13
104297,14
104309,1
104310,2
104311,3
104312,4
104341,1
104342,2
104343,3
104344,4
104345,5
104346,6
104347,7
104362,Pos. 1_A
104363,Pos. 2_A
104425,1
104426,2
104427,3
104428,4
104429,5
104430,6
104431,7
104432,8
104433,9
104434,10
104438,1
104439,2
104440,3
104447,1
104448,2
104449,3
104450,4
104451,5
104453,1
104454,2
104455,3
104456,4
104457,5
104509,1
104510,2
106325,1
104513,5
104514,6
104515,7
104517,9
104518,10
104519,11
104520,12
104521,13
104522,14
104523,15
104525,17
104526,18
104527,19
104528,20
104529,21
104530,22
104538,1
104539,2
104542,5
104543,6
104544,7
104546,9
104547,10
104548,11
104549,12
104550,13
104551,14
104552,15
104554,17
104555,18
104556,19
104557,20
104558,21
104559,22
104645,8
104638,1
104639,2
104640,3
104641,4
104646,9
104647,10
104648,11
104690,1
104691,2
104692,3
104693,4
104727,POS.1
104728,POS. 10.2
104729,POS. 10.1/44/64/78/104/124/144/162/178
104730,POS. 21 à 24
104731,POS. 11 à 20
104732,POS. 10.4/44.2/64.2/78.2/104.2/124.2/144.2/162.2/178.2
104733,TOT. 1
104734,POS. 26/46
104735,POS.32 à 43 / 52 à 63
104736,POS.27 à 30 /  47 à 50
104737,POS.31/ 51
104738,POS.66 à 71/74 à 81/84.2
104739,POS. 72/73/82/83
104740,POS.80 à 99.2
104741,POS.100 à 103
104742,POS 124 bis / 144bis
104743,POS.107 à 121.2/127 à143.2
104744,POS.122 à 123/141/142
104745,POS.147à161.2/165à175.2
104746,POS.159/160/176/177
104763,1
104765,1
104782,1
104783,2
104784,3
104785,4
104786,5
104787,6
104788,7
104789,8
104790,9
104792,11
104793,12
104803,Pos B1
105215,1
105216,2
105303,1
105304,1
105305,2
105306,3
105307,4
105319,1
105320,2
105321,3
105323,5
105324,6
105325,7
105326,8
105327,9
105393,3
105385,1
105394,4
105386,1
105387,2
105388,3
105391,1
105392,2
105395,5
105396,6
105397,7
105398,8
105399,9
105400,10
105416,1
105417,1.1
105419,4
105420,5
105421,4.1
105422,6
105521,Pos. 1 - VAR-A
105552,1
105560,28
105561,29
105562,30
105563,31
105564,32
105565,33
105566,34
105567,35
105568,36
105574,1
105577,2
105578,3
105579,1
105580,2
105582,4
105585,1
105607,1
105608,2
105609,3
105610,4
105611,5
105612,6
105613,7
105614,8
105615,9
105616,10
105617,11
105618,12
105619,13
105622,16
105623,17
105624,18
105625,19
105626,20
105627,21
105628,22
105629,23
105630,24
105631,25
105632,26
105633,27
105634,1
105661,4
105655,1
105656,2
105658,1
105659,2
105660,3
105663,6
105664,7
105665,8
105666,1
105667,2
105668,3
105669,4
105670,5
105672,1
105673,2
105681,1
105682,2
105683,3
105684,4
105685,5
105868,6
105869,7
105870,1
105881,1
105882,2
105883,3
105884,4
105886,8
105887,9
105888,10
105889,11
105893,1
105894,2
105895,3
105896,1
105897,2
105898,3
105899,4
105900,5
105901,1
105902,2
105903,3
105904,4
105905,5
105953,1
106053,POS. 1
106054,POS. 2
106055,"POS. 3 à 5 & 7 à 22, 25 à 27"
106056,POS. 01 à 3 à 32 H01 à H20
106057,POS. 5.1
106058,POS. 6 & 02 & 24
106059,POS. 28 à 32
106060,POS. 25
106112,POS. 2
106147,1
106148,2
106149,3
106150,4
106151,5
106244,1
106245,15
106246,1
106249,1
106250,1
106251,2
106252,3
106253,4
106254,5
106255,6
106256,7
106257,8
106258,9
106259,10
106260,11
106261,12
106262,13
106263,14
106264,15
106265,16
106266,17
106269,1
106271,3
106272,4
106275,1
106277,16
106278,1
106279,2
106281,1
106282,2
106292,1
106293,2
106297,1
106298,2
106299,3
106300,4
106301,5
106302,6
106303,7
106306,1
106307,2
106308,3
106310,5
106312,7
106313,8
106314,9
106315,10
106316,11
106317,12
106319,14
106320,15
106321,16
108886,3.0
106326,2
106327,3
106328,4
106331,1
106332,2
106333,3
106334,4
106335,5
106336,6
106337,7
106338,8
106339,9
106340,1
106341,1
106342,2
106345,2
106364,1
106365,2
106366,3
106367,4
106369,1
106370,2
106371,3
106372,4
106373,5
106374,6
106375,7
106376,8
106377,9
106379,11
106392,1
106393,2
106394,3
106395,4
106396,5
106397,6
106398,7
106399,8
106400,9
106404,1
106405,2
106415,1
106416,2
106417,3
106419,5
106420,6
106428,1
106429,2
106430,3
106431,4
106432,5
106433,6
106447,1
106448,2
106449,3
106450,4
106451,5
106452,6
106453,7
106454,8
106455,9
106456,10
106460,3
106461,4
106464,3
106465,4
106466,5
106467,6
106469,1
106470,2
106471,3
106472,4
106474,1
106486,1
106487,2
106488,3
106489,3.1
106490,4
106491,4.1
106492,5
106502,1
106503,2
104165,5
104166,6
104175,4
104193,1
104233,5
104234,6
104242,6
104244,1
104249,4
104264,3
104265,4
104267,6
104275,14
104284,1
104287,4
104441,4
104511,3
104512,4
104516,8
106525,3
104524,16
104540,3
104541,4
104545,8
104553,16
104642,5
104643,6
104644,7
104764,2
104791,10
104794,13
105217,3
105322,4
105389,4
105418,2
105576,1
105581,3
105620,14
105621,15
105662,5
105885,5
105909,1
106111,1
106270,2
106309,4
106311,6
106318,13
106330,1
106344,1
106368,5
106378,10
106380,12
106418,4
106445,1
106446,2
106458,1
106459,2
106462,1
106463,2
106475,1
106476,5
106493,6
106494,7
108808,1.2
108893,10.0
106523,1
106526,4
106527,5
106528,6
106529,7
106531,11
106532,12
106533,13
106534,15
106535,16
106536,17
106550,6
106553,1
106554,1
106558,2
106560,4
106561,5
106572,2
106574,4
106575,5
106584,1
106591,1
106595,2
106596,3
106597,4
106619,1
106649,1
106657,1
106658,2
106659,3
106660,4
106661,5
106662,6
106663,7
106664,8
106665,9
106666,10
106667,11
106668,12
106669,13
106670,14
106741,3A
106879,1
106880,2
107004,Pos. 1
107212,2
107196,1
107197,2
107198,3
107200,1
107201,2
107202,3
107203,4
107207,8
107208,9
107210,11
107211,1
107219,1
107221,3
107222,4
107223,5
107226,1
107227,2
107228,3
107230,1
107255,1
107257,1
107258,1
107259,2
107260,1
107267,1
107268,2
107269,3
107270,1
107275,1
107276,2
107277,3
107278,4
107279,5
107281,7
107282,8
107283,9
107284,10
107285,11
107297,1
107298,2
107299,3
107300,4
107321,POS. 1
107322,POS. 2
107334,Pos. 1
107399,1
107608,1
107614,1
107618,2
107619,3
107620,4
107621,5
107622,6
107624,1
107625,2
107626,3
107629,1
107630,2
107634,1
107635,2
107636,3
107638,5
107639,6
107645,1
107646,2
107647,3
107658,1
107659,2
107660,3
107663,1
107664,2
107665,3
107666,4
107667,5
107668,6
107669,7
107670,8
107671,9
107672,10
107673,11
107674,12
107675,13
107842,4
107843,5
107844,6
107939,1
107940,2
107941,3
107942,4
107943,5
107944,3
107946,2
107947,1
107949,3
107950,4
107951,1
107952,1
107955,1
107956,2
107957,3
107958,4
107959,5
107960,6
107961,7
107962,8
107963,9
107964,10
107965,11
107966,12
107967,13
107971,2
107972,4
107973,5
107974,6
107975,7
108069,1
108050,1
108051,2
108052,3
108064,1
108067,1
108074,2
108075,3
108076,4
108077,5
108078,6
108079,7
108081,10
108085,1
108086,2
108107,F8
108108,F9
108109,F10
108116,1
108122,2
108154,1
108155,2
108156,3
108157,4
108158,5
108159,6
108160,7
108161,8
108162,9
108163,10
108164,11
108165,12
108563,23
108166,13
108167,14
108168,15
108169,16
108183,1
108184,2
108196,2
108197,3
108198,4
108199,5
108356,1
108363,1
108364,1a
108368,1
108369,1a
108370,1b
108371,1c
108372,1d
108373,1e
108374,1f
108402,1
108403,2
108404,3
108405,4
108526,1
108527,1
108528,2
108529,1
108537,1
108538,2
108539,3
108540,4
108541,5
108542,6
108545,1
108546,2
108547,3
108548,4
108549,5
108550,6
108551,7
108552,8
108553,9
108554,10
108555,11
108556,12
108558,1
108559,3
108560,4
108561,13
108562,14
108564,24
108565,33
108568,1
108569,2
108570,25
108571,26
108572,1
108573,2
108574,3
108575,4
108576,5
108577,6
108580,9
108581,10
108582,11
108583,12
108584,13
108585,14
108586,15
108587,16
108588,17
108589,18
108590,19
108591,20
108592,21
108593,22
108594,23
108627,Pos. 1
108833,1
108834,2
108836,1
108839,2
108840,5
108841,6
108842,9
108843,3
108848,1
108849,2
108850,1
108851,2
108896,CNE2
108897,CNE3
108898,CPE1
108899,CPE2
108900,CPR
108901,CNR
108902,1
108903,1
108904,2
108905,1
108906,1
108909,3
108910,4
108930,1
108931,4
108937,1
108941,1
108942,2
108943,3
108946,1
108947,2
108948,3
108950,1
108951,1
108952,1
108967,1
108974,11
108975,12
108976,13
108977,14
108978,15
108979,16
108980,17
108981,18
108982,19
108989,12
108990,13
108991,14
108992,15
108993,16
108994,17
108995,18
108996,19
109024,1
109025,2
109026,3
109027,4
109028,5
109029,6
109030,7
109031,8
109032,9
109033,10
109034,11
109035,12
109036,13
109037,14
109038,15
109041,18
109043,20
109044,21
109045,22
109046,23
109047,24
109049,26-27
109112,Pos. 1&2
109113,Pos. 3
109114,Pos. 4
109141,10
109132,1
109133,2
109134,3
109135,4
109136,5
109138,7
109139,8
109140,9
109142,11
109143,12
109144,13
109145,14
109146,15
109147,16
109148,17
109150,19
109151,20
109153,22
109154,23
109155,24
109156,25
109157,26
109158,27
109159,28
109160,29
109161,30
109162,31
109164,33
109165,34
109166,35
109167,36
109168,37
109169,38
109170,39
106524,2
106530,8
106551,7
106557,1
106559,3
106562,1
106571,1
106573,3
106585,2
106586,3
106587,4
106588,5
106594,1
106671,15
107204,5
107205,6
107206,7
107209,10
107220,2
107256,2
107280,6
107294,4
107400,2
107401,3
107402,1
107617,1
107637,4
107648,4
107839,1
107840,2
107841,3
107945,1
107948,2
107970,1
108073,1
108121,1
108123,3
108124,4
108195,1
108543,7
108578,7
108579,8
108601,1
108838,1
108844,4
108845,7
108846,8
108847,10
108852,3
108894,CF
108895,CNE1
108907,1
108908,2
108949,4
108953,2
109039,16
109040,17
109042,19
109048,25
109137,6
109149,18
109152,21
109163,32
109171,40
109172,42
109173,43
110268,2
109184,54
109175,45
109176,46
109177,47
109178,48
109179,49
109180,50
109181,51
109182,52
109183,53
109185,55
109186,56
109188,58
109189,59
109190,60
109191,61
109192,62
109193,63
109194,64
109197,67
109198,68
109199,69
109200,70
109201,71
109202,72
109203,73
109204,74
109205,75
109206,76
109207,77
109208,78
109210,80
109247,2
109248,1
109249,1
109250,2
109251,1
109252,2
109254,4
109511,1
111132,13
109513,3
110877,POS. 5
109512,2
109514,4
109523,1
109524,2
109526,2
109527,3
109528,4
109529,5
109531,1
109532,2
109533,3
109534,4
109536,6
109538,8
109539,9
109540,1
109543,1
109545,3
109546,4
109548,6
109550,8
109552,10
109553,11
123275,1
109881,1
109919,2
109920,3
109918,1
109921,4
109922,5
109924,7
109925,8
109926,5
109927,6
109928,1
109929,1
109930,2
109938,2
109941,1
109942,2
109943,3
109944,1
109945,2
109946,3
109947,4
109949,6
109950,7
109951,8
109952,9
109953,10
109956,1
109959,1
109968,1
109969,2
109970,3
109971,4
109972,5
109973,6
109975,8
109976,9
109977,10
109978,11
110082,2
109979,12
109984,1
109985,1
109986,2
109987,3
109988,4
110005,VAR. C
110091,5
110081,1
110083,3
110084,4
110085,5
110087,1
110088,2
110089,3
110090,4
110092,6
110093,7
110094,8
110095,9
110096,10
110097,11
110098,12
110099,13
110100,14
110101,15
110102,16
110103,17
110180,1
110110,1
110111,2
110112,3
110115,6
110116,7
110117,8
110118,9
110878,POS. 6
110119,10
110120,11
110121,12
110122,13
110124,15
110125,16
110126,17
110127,18
110128,19
110129,20
110130,21
110131,22
110132,23
110133,24
110134,25
110135,26
110136,27
110190,11
110181,2
110182,3
110183,4
110184,5
110185,6
110186,7
110187,8
110188,9
110189,10
110191,12
110192,13
110209,1
110214,6
110216,8
110217,11
110218,12
110222,16
110223,17
110224,18
110225,19
110226,20
110227,21
110228,22
110229,23
110230,24
110232,26
110233,27
110234,28
110235,29
110236,30
110237,31
110238,32
110239,33
110240,34
110241,35
110242,36
110243,37
110244,38
110245,39
110246,40
110247,41
110248,42
110249,43
110250,44
110261,1
110264,1
110265,2
110267,1
110269,3
110270,4
110276,1
110277,2
110278,3
110279,4
110280,5
110281,6
110282,7
110283,8
110284,9
110285,10
110286,11
110287,12
110292,1
110294,8
110295,9
110297,2
110298,3
110299,4
110300,5
110301,6
110303,8
110304,9
110307,4
110346,81
110347,82
110348,83
110349,84
110350,85
110351,86
110352,87
110353,88
110354,89
110355,90
110356,91
110357,92
110358,93
110359,94
110360,95
110361,96
110363,98
110364,99
110365,100
110366,101
110367,102
110368,103
110369,104
110370,105
110371,106
110372,107
110373,108
110374,109
110376,111
110377,112
110378,113
110379,114
110382,117
110385,121
110386,122
110387,123
110388,124
110389,125
110390,126
110391,127
110392,128
110393,129
110394,130
110395,131
110396,132
110397,133
110398,134
110399,135
110400,136
110401,137
110402,138
110404,140
110405,141
110406,142
110407,143
110410,146
110411,147
110412,148
110413,149
110419,2
110422,4
110423,6
110424,8
110425,2
110445,1
110446,2
111377,2
111693,Pos.1
111145,1
110607,1
110609,1
110610,1
110613,1
110615,1
110616,2
110617,1
110619,1
110620,2
110621,3
110623,5
110624,6
110625,7
110626,8
110633,1
110634,1
110635,2
110636,3
110637,4
110638,5
110640,7
110641,8
110642,9
110643,10
110646,13
110647,14
110648,15
110649,16
110650,17
110652,1
110653,2
110654,3
110656,5
110657,6
110658,7
110659,8
110660,9
110661,10
110662,11
110663,1
110664,2
110665,3
110666,4
110667,5
110668,6
110669,7
110670,8
110671,9
110672,10
110673,11
110674,12
110675,13
110752,POS 1
110944,12
110753,POS 2
110754,POS 3
110755,POS 4
110756,POS 5
110757,POS 7
110759,POS 9
110760,POS 11
110805,1
110806,2
110761,POS 12
110762,POS 14
110807,3
110808,4
110809,5
110810,6
110811,7
110812,8
110813,9
110814,10
110815,11
110816,12
110817,13
110818,14
110819,15
110820,16
110822,1
110823,2
110824,3
110825,4
110826,5
110827,6
110828,7
110829,8
110830,9
110873,POS. 1
110875,POS. 3
110876,POS. 4
110916,11
110879,POS. 7
110906,1
110907,2
110908,3
110910,5
110911,6
110912,7
110913,8
110914,9
110917,12
110918,1
110919,2
110920,3
110921,4
110922,5
110923,6
110924,7
110925,8
110930,3
110931,4
110933,1
110935,3
110936,4
110937,5
110938,6
110939,7
110940,8
110941,9
110942,10
110943,11
110947,7
110952,4
110953,5
110954,6
110956,8
110957,9
110958,10
111035,Pos. 5
111038,Pos. 6
111099,5
111077,1
111078,2
111079,3
111100,6
111086,1
111092,1
111093,2
111095,1
111096,2
111098,4
111102,8
111103,9
111104,1
111105,2
111106,3
111107,4
111108,1
111109,2
111110,3
111111,4
111120,1
111121,2
111122,3
111123,4
111124,5
111125,6
111126,7
111127,8
111129,10
111130,11
111131,12
111133,14
111134,15
111135,16
111136,17
111146,2
111147,3
111148,4
111153,4
111174,1
111207,Pos. 1
111208,Pos. 2
111209,Pos. 4
111210,Pos. 5
111219,Pos. 1
111254,1
111255,2
111256,3
111257,4
111258,5
111259,6
111261,8
111284,Pos. 1
111362,2
111338,1
111339,2
111340,3
111363,3
111359,14
111360,1
111364,1
111366,2
111367,1
111369,3
111370,4
111371,5
109174,44
109187,57
109195,65
109196,66
117596,1
109253,3
109525,1
109535,5
109537,7
109544,2
109547,5
109549,7
109551,9
109556,1
109557,2
109923,6
109937,1
109948,5
109974,7
110113,4
110114,5
110123,14
110210,2
110211,3
110212,4
110213,5
110215,7
110219,13
110220,14
110221,15
110231,25
110262,9
110293,2
110296,1
110302,7
110308,5
110362,97
110375,110
110380,115
110381,116
110383,118
110384,120
110403,139
110408,144
110409,145
110421,1
110426,3
110427,5
110428,7
110429,9
110611,1
110618,1
110622,4
110639,6
110644,11
110645,12
110655,4
110909,4
110915,10
110926,9
110928,1
110929,2
110934,2
110950,2
110951,3
110955,7
110959,11
111087,2
111097,3
111101,7
111128,9
111260,7
111361,1
111365,1
111368,2
111372,6
112183,3.2
123276,2
112684,1.0
123277,3
112695,1.0
112696,30.0
121491,1
112705,1.0
112706,2.0
121492,2
112715,2.0
112719,1.0
112720,10.0
121493,3
112954,1.2
112955,2.2
111374,1
111375,2
111376,1
121494,4
111379,4
111380,6
111381,7
111382,8
111383,1
111384,2
111385,3
111387,1
111388,2
111390,4
111391,5
111393,1
111394,2
111395,3
111396,4
111397,5
111398,6
111399,7
111400,8
111401,9
111402,10
111403,11
111404,12
111405,13
111406,14
111407,1
111408,2
111409,3
111411,5
111412,6
111414,8
111415,9
111416,10
111417,11
111420,14
111423,8
111424,9
111425,10
111426,11
111427,12
111428,13
111429,14
111430,15
111431,1
111432,2
111433,3
111434,4
111435,5
111444,1
111445,2
111446,3
111447,4
111449,6
111450,7
111451,8
111452,9
111453,10
111454,11
111455,12
111456,13
111458,15
111459,1
111464,6
111470,12
111471,13
111472,14
111473,15
111474,16
111475,17
111476,18
111477,19
111478,20
111479,21
111480,22
111484,4
111485,5
111486,6
111487,7
111488,8
111494,1
111495,2
111496,1
111498,3
111499,4
111500,5
111506,2
111507,19
111508,1
111509,2
111510,3
111511,1
111512,2
111513,3
111514,4
111515,5
111516,6
111517,7
111519,9
111520,13
111524,1
111525,2
111526,3
111527,4
111528,5
111529,6
111530,7
111531,8
111532,9
111533,10
111534,11
111535,12
111536,13
111537,14
111538,15
111539,16
113051,15
111554,POS 1.
111564,1
111565,2
111694,Pos. 2
111651,1
111652,2
111653,3
111654,4
111655,5
111656,6
111657,7
111658,8
111661,22
111662,27
111695,Pos. 3
111697,Pos. 5
111698,Pos. 6
115600,5
111723,Salle 2
123928,2
111724,"Salle 1,5 & 6"
111725,Salle 1
111726,Salle 4
111727,Salle 3
111728,Salle 6
111766,3
111729,Salle 5
111730,Salle 1
111751,1
111752,2
111753,3
111755,1
111763,1
111765,2
111767,4
111768,5
111769,6
111770,1
111910,POS. 3
111959,1
111961,3
111962,4
111963,5
111988,1
111990,3
111991,4
111994,7
111996,9
111997,10
112037,1
112038,2
112039,3
112041,5
112053,1
112054,2
112055,3
112056,4
112057,5
112058,6
112059,7
112060,8
112078,1
112079,2
112082,5
112083,6
112084,7
112095,1
112096,2
112098,1
112099,2
112108,1
112110,17
112111,18
112123,1
112134,2
112136,1
112137,2
112138,1
112139,2
112140,3
112142,5
112144,7
112145,8
112147,10
117597,2
112191,Pos. 2
112192,Pos. 3
112193,Pos. 4
112194,Pos. 5
112384,1
112388,1
112389,2
112478,1
112479,1
112481,7
112482,8
112483,9
112484,10
112485,11
112486,12
112487,13
112488,14
112489,15
112490,16
112492,18
112494,1
112496,3
112497,4
112498,5
112499,6
112500,7
112501,8
112502,9
112503,10
112504,11
112511,1
112512,2
112670,2
112513,3
112514,4
112515,5
112516,6
112517,7
112518,8
112519,9
112520,10
112521,11
112523,13
112524,14
112525,15
112526,16
112527,17
112529,19
112530,20
112531,21
112532,22
112533,23
112534,24
112535,25
112541,1
112542,2
112547,1
112548,2
112549,3
112551,5
112554,1
112555,2
112557,4
112558,5
112578,10
112569,1
112570,2
112571,3
112572,4
112573,5
112574,6
112575,7
112576,8
112579,11
112582,1
112583,2
112584,3
112590,9
112602,1
112603,2
112604,3
112605,4
112671,24
112606,5
112614,1
112615,2
112616,3
112617,4
112618,5
112620,1
112644,1
112645,2
112646,3
112648,3
112649,4
112650,5
112651,6
112652,7
112654,9
112655,10
112656,11
112657,12
112658,13
112659,14
112790,3
112660,15
112661,16
112662,17
112663,18
112664,19
112665,20
112666,21
112667,22
112668,23
112669,1
112672,25
112673,26
112753,1
112754,2
112755,4
112756,7
112757,8
112844,1
112779,9
112780,1
112788,1
113029,2
112789,2
112795,8
112796,9
112797,10
112798,11
112800,13
112801,14
112802,15
112804,1
113252,10
112805,1
112808,1
112809,1
112812,1
112814,3
112818,3
112820,1
112824,1
112825,2
112826,3
112827,4
112828,5
112829,6
112830,7
112831,8
112832,9
112833,10
112835,12
112836,13
112837,14
112838,15
112839,16
112840,17
112841,18
112849,1
112851,1
112861,3
112863,5
112864,6
112865,7
112973,1
112974,1
112976,3
112977,4
112978,1
112979,5
112980,6
112981,4
112982,7
112995,2
112996,3
112997,4
112999,6
113000,7
113001,8
113002,9
113003,10
113004,11
113013,1
113015,3
113016,4
113017,5
113018,6
113021,1
113022,2
113023,1
113024,1
113025,2
113026,4
113028,1
113039,3
113040,4
113041,5
113042,6
113043,7
113045,9
113046,10
113047,11
113048,12
113049,13
113050,14
113052,16
113053,17
113054,18
113055,19
113056,20
113057,21
113058,22
113059,23
113060,1
113061,2
113253,11
113062,24
113063,25
113065,27
113066,28
115790,29
113202,POS. 1A
113203,POS. 2
113204,POS. 3
113205,POS. 4.1 & 4.2
113243,1
113244,2
113245,3
113246,4
113247,5
113248,6
113251,9
113254,12
113257,15
113258,16
113259,17
113260,18
113271,1
113272,2
113274,1
113275,1
113282,1
113283,2
113298,1
113299,2
113300,3
113393,150
113394,151
113395,152
113396,154
113397,155
113398,156
113399,157
113400,158
113401,159
113402,160
113403,161
113404,162
113405,163
113406,164
113407,165
113408,166
113409,167
113410,168
113411,169
113412,170
113413,171
113414,172
113415,173
113416,174
113417,175
113418,176
113419,177
113420,178
113422,180
113423,181
113424,182
113425,183
113426,184
113427,185
113428,186
113429,187
113430,188
113431,189
113432,190
113433,191
113434,192
113435,193
113436,194
113437,195
113438,196
113439,197
113440,198
113441,199
113564,1
113566,3
113567,4
113568,5
113573,4
113574,5
113575,6
113576,7
113577,1
113579,3
113580,4
113581,5
113582,7
113583,8
111373,7
111378,3
111389,3
111392,6
111410,4
111413,7
111418,12
111419,13
111448,5
111457,14
111460,2
111461,3
111462,4
111463,5
111465,7
111466,8
111467,9
111468,10
111469,11
111489,9
111497,2
111505,1
111518,8
111540,17
112081,4
111756,2
113667,11.0
111764,1
111960,2
111989,2
111992,5
111993,6
111995,8
112040,4
112080,3
112090,1
112097,1
112112,19
112133,1
112135,3
112141,4
112143,6
112146,9
112474,1
112480,6
112491,17
112495,2
112522,12
112528,18
112536,26
112550,4
112552,6
112553,7
112556,3
112577,9
112585,4
112586,5
112587,6
112588,7
112589,8
112591,10
112607,6
112653,8
112674,27
112791,4
112792,5
112793,6
112794,7
112799,12
112806,2
112807,3
112813,2
112816,1
112817,2
112834,11
112842,19
112843,20
112847,1
112859,1
112860,2
112862,4
112975,2
112994,1
112998,5
113005,12
113014,2
113044,8
113064,26
113301,4
113302,5
113391,41
113392,119
113421,179
113565,2
113570,1
113571,2
113572,3
113578,2
121495,5
121496,6
120977,2.2
114476,1.2
120978,4.2
113695,17.0
114477,2.2
114495,20.0
114496,20.4
121499,1
114504,30.0
113666,7.0
114612,4.2
114611,1.2
114503,20.0
114559,7
113668,20
113584,9
113789,1
113808,1
113818,12
113820,14
113821,15
113822,1
113825,1
113826,1
113827,2
113828,3
113835,15
113836,16
113837,17
113838,18
113839,19
113840,20
113841,21
113847,200
113850,203
113851,204
113852,205
113853,206
113854,207
113855,208
113856,209
113857,210
113858,211
113859,212
113860,213
113861,214
113862,215
113863,216
113864,217
113865,218
113866,219
113867,220
113868,221
113869,222
113870,223
113871,228
113872,229
113873,230
113874,231
113876,233
113877,234
113878,235
113879,236
113880,237
113885,242
113886,243
113887,244
113888,245
113889,246
113890,247
113891,248
113892,249
113893,250
113894,251
113896,253
113897,254
114071,13
114073,18
114074,19
114075,1
114076,2
114077,3
114078,4
114079,5
114080,6
114081,7
114082,8
114083,9
114084,10
114086,1
114087,5
114088,7
114090,9
114091,10
114096,1
114097,9
114098,1
114101,4
114102,5
114103,6
114113,1
114116,4
114117,5
114118,6
114119,7
114120,8
114130,1
114132,3
114133,4
114134,5
114135,6
114136,7
114137,8
114138,9
114139,10
114145,1
114146,1
114147,2
114148,3
114149,4
114150,5
114151,6
114152,7
114153,8
114154,9
114155,10
114156,11
114157,12
114158,13
114159,14
114160,15
114161,16
114265,1
114307,POS 1
114308,POS 3
114309,POS 4
114310,POS 5
114324,POS. 5
114325,POS. 6
114326,POS. 7
114336,1
114337,2
114338,3
114339,4
114381,Pos A1
114382,Pos A2
114383,Pos B1
114384,Pos B2
114386,Pos B4
114387,Pos C1
114388,Pos D2
114389,Pos adhéfif
114390,Pos peinture
114391,Pos.P.1
114392,Pos.P.2
114411,Pos. 1.0
114412,Pos. 2.0 & 3.0
123278,4
123279,5
114549,3
114548,2
114554,1
114555,2
114556,1
114557,1
114558,6
114626,2
114627,3
114628,4
114629,5
114630,6
114631,7
114632,8
114634,10
114635,11
114648,1
114649,2
114650,3
114651,4
114652,5
114654,7
114655,8
114656,9
114657,10
114659,1
114660,2
114661,3
114662,4
114663,5
114664,6
114665,7
114666,8
114667,9
114669,11
114670,12
114671,13
114674,1
114675,2
114676,3
114677,4
114679,6
114681,1
114708,11
114698,1
114699,2
114700,3
114702,5
114703,6
114704,7
114705,8
114706,9
114707,10
115791,30
117602,19
115601,6
114768,1
114781,1
114782,2
114784,2
114790,4
114791,5
114793,1
114796,1
114797,2
114798,3
114799,4
114800,5
114803,1
114805,3
114806,4
114807,5
114819,27
114822,30
114823,31
114840,POS. 3
114848,1
114923,2
114929,8
114930,9
114934,1
114935,2
114936,3
114938,1
114940,3
114941,1
114942,2
114951,1
114954,1
114955,2
114956,3
114957,4
114958,5
114959,6
114962,1
114964,3
114965,4
114966,5
114968,7
114969,8
114972,11
114973,12
114974,13
114975,14
114976,15
114977,16
114978,17
114980,1
114989,13
114990,1
114992,27
114993,28
115004,4
115006,Pos. 1
115007,Pos. 2
115008,Pos. 3
115048,Entrée Rez 6
115049,Salle 1
115050,Salle 2
115051,Salle 4
115052,Salle 3
115165,Variante tôle découpé
115174,1
115175,2
115176,3
115177,4
115178,5
115179,1
115181,1
115183,3
115184,4
115186,1
115187,2
115188,3
115189,4
115190,5
115191,6
115192,7
115193,8
115194,9
115195,11
115205,1
115206,2
115207,3
115208,4
115213,1
115214,2
115216,4
115217,5
115218,6
115223,2
115224,3
115225,4
115226,5
115227,6
115228,7
115229,8
115230,9
115231,10
115232,11
115233,1
115235,26
115236,1
115237,2
115238,3
115252,1
115253,2
115254,3
115255,4
115256,5
115257,6
115265,1
115266,2
115267,3
115268,4
115269,5
115277,2
115278,3
115279,3a
115280,4
115281,4a
115282,4b
115283,5
115284,5a
115285,5b
115286,6
115287,6a
115288,6b
115290,6d
115291,7
115292,7a
115293,8
115294,8a
115295,8b
115413,1
115415,3
115416,4
115417,5
115418,6
115419,7
115421,9
115539,1
115541,1
115548,1
115565,2
115566,3
115567,4
115568,5
115569,6
115570,7
115571,8
115572,9
115573,10
115574,11
115575,12
115576,13
115582,3
115583,4
115584,5
115585,6
115586,7
115587,8
115588,9
115589,10
115590,11
115593,3
115594,4
115596,1
115597,2
115598,3
115599,4
115602,7
115603,8
115604,9
115605,10
115606,11
115609,1
115610,2
115611,3
115612,4
115613,5
115614,6
115615,1
115616,2
115617,3
115618,4
115619,5
115620,6
115621,7
115622,8
115623,9
115624,10
115625,11
115626,12
115627,13
115628,14
115629,15
115630,16
115631,1
115632,2
115633,3
115634,4
115635,5
115636,6
115637,7
115638,8
115639,9
115645,1
115646,2
115647,3
115648,4
115649,5
115650,6
115651,7
115655,1
115656,2
115661,2
115662,3
115664,1
115665,2
115666,3
115667,4
115668,5
115669,6
115670,7
115671,8
115672,9
115673,10
115674,11
115676,1
115677,44
115678,70
115683,1
115684,2
115685,3
115686,4
115687,5
115688,6
115689,7
115690,8
113819,13
116150,1
113842,22
113843,23
113848,201
113849,202
113875,232
113881,238
113882,239
113883,240
113884,241
113895,252
116151,2
114089,8
114099,2
114100,3
114114,2
114115,3
114131,2
114323,POS. 1 / 2
114385,Pos B3
114547,1
114625,1
114633,9
114653,6
114668,10
114678,5
114683,1
114684,2
114701,4
114783,1
114804,2
116152,3
114820,28
114821,29
114824,32
114825,33
114922,1
114924,3
114925,4
114926,5
114927,6
114928,7
114931,10
114939,2
114963,2
114967,6
114991,26
115001,1
115002,2
115003,3
115182,2
115196,12
115197,13
115209,5
115210,6
115215,3
115222,1
115276,1
115289,6c
115414,2
115420,8
115555,1
115556,2
115564,1
115577,14
115580,1
115581,2
115591,1
115592,2
115595,5
122083,Pos. 3.0
122084,Pos. 4.0 + 8.0
116157,Pos. 3.0
116153,4
115727,1
115731,1
115732,2
115733,3
115734,4
115736,1
115737,2
115738,3
115739,4
115740,5
115741,6
115742,7
115743,8
115744,9
115788,27
115787,26
115789,28
115792,1
115793,2
115794,3
115795,4
115799,3
115800,4
115801,5
115802,6
115803,7
115804,8
115805,9
115806,10
115807,11
115808,12
115809,13
115810,14
115811,15
115812,16
115813,17
115814,18
115815,19
115818,1
115819,10
123280,6
117598,15
115932,1
115933,2
115934,3
115978,1
115983,1
115984,2
115990,13
115993,3
115994,4
115995,5
115996,6
115997,7
116000,10
116001,11
116004,2
116005,3
116006,4
116007,5
116008,6
116010,1
116022,2
116023,3
116024,4
116025,5
116026,6
116027,7
116028,8
122427,1.0
116123,1
116125,3
116126,4
116127,5
116128,5a
116129,6
116130,6a
116131,6b
116132,6c
116133,25-26
116136,2
116137,3
116148,1
116154,5
116173,POS. 1
116174,POS. 2.1 A
116175,POS. 2.2
116176,POS. 3 /4
116177,POS. 5
117599,16
116221,Pos. 1.0
116223,Pos. 2.0
116222,Pos. 1.1
116224,Pos. 2.1
116225,Pos. 3.0
116226,Pos. 3.1
116227,Pos. 4.0
116228,Pos. 4.1
116229,Pos. 5.0
116230,Pos. 6.0
116231,Pos. 7.0
116232,Pos. 8.0
116233,Pose
116260,1
116264,1
116265,2
116266,3
116267,4
116268,5
116269,6
116270,7
116271,8
116272,9
116273,10
116274,11
116275,12
116276,13
116277,14
116301,12
116302,13
116303,14
116305,16
116306,17
116307,18
116308,19
116309,20
116310,21
116311,22
116312,23
116314,25
116315,26
116316,27
116371,1
116372,2
116373,3
116374,4
116375,5
116385,1
116386,2
116387,3
116395,1
116396,1a
116400,1
116403,4
116444,POS. 1
116445,POS. 2
113732,20
116758,Pos. 1A
116759,Pos. 1B
116764,POS 2
116765,POS. 3A / 3B
116766,POS. 4A / 4B
116767,POS. 4A / 4B
116789,POS. 2
116790,POS. 3
116807,3
117601,18
116805,1
116806,2
116808,4
116809,5
116810,6
116811,7
116812,8
116813,9
116814,10
116815,11
116816,12
116817,13
116818,14
116820,1
116821,2
116822,3
116823,4
116824,5
116825,7
116826,8
116828,10
116830,12
116831,13
116832,14
116833,15
116834,20
116835,21
116836,22
116837,23
116838,24
116858,1
116859,2
116861,1
116862,2
116863,3
116864,4
116866,1
116867,2
116868,3
116869,4
116870,5
116871,6
116875,11
116876,12
116877,1
116878,2
116879,3
116882,1
116884,1
116888,2
116889,3
116890,4
116891,5
116892,6
116893,7
116894,8
116895,9
116896,10
116897,11
116898,12
116899,13
116900,14
116932,5
117068,1
117069,2
117070,3
117071,4
117072,5
117073,6
117074,1
117076,13
117077,14
117078,11
117079,12
117084,10
117085,11
117108,1
113711,1.0 I 1.01
117114,1
117115,2
117116,3
117117,4
117118,5
117119,6
117120,7
117121,8
117130,1
117131,2
117132,3
117133,4
117134,5
117136,7
117137,8
117138,9
117139,10
117140,11
117141,12
117142,13
117143,14
117144,15
117145,16
117146,17
117154,1
117155,2
117156,3
117157,4
117158,5
117159,6
117160,7
117161,8
117162,9
117163,10
118622,2
117268,7
117262,1
117263,2
117264,3
117265,4
117266,5
117267,6
117269,8
117270,9
117271,14
117272,15
117273,16
117274,17
117275,18
117276,19
117311,Pos. 1
117312,Pos. 2
117313,Pos. 3
117314,Pos. 4
117315,Pos. 5
121174,1.2
117356,Pos. A
117357,Pos. A
117358,Pos. A-B
117359,Pos. A-B
117360,Pos. A-B
117361,Pos. A-B
117417,1
117418,2
117419,3
117451,2
117420,8
117421,9
117423,1
117424,2
117425,3
117426,4
117427,5
117430,1
117431,2
117432,3
117433,4
117440,1
117445,2
117446,3
117447,4
117448,5
117449,6
117450,1
117506,15
117507,16
117508,17
117509,18
117510,19
117544,1-9
117545,10
117546,11
117547,1-3
117548,4-6
117549,7
115796,5
115797,1
115798,2
115979,2
115991,1
115992,2
115998,8
115999,9
116003,1
116021,1
116124,2
116261,1
116304,15
116313,24
116401,2
116402,3
116827,9
116829,11
116860,3
116887,1
117080,1
117135,6
117422,10
117444,1
118594,1.0
118736,30.0
121175,2.2
115398,1.0
118735,20.0
119100,50.2
117680,1.0
117603,20
117604,21
117605,22
117606,23
117607,24
117608,25
118582,1
122096,2.0
117773,1
117774,1
117776,1
117777,2
117778,3
117779,4
117780,5
117782,14
117783,15
117784,16
117785,17
117786,4
117787,1
117788,20
117789,21
117790,11
117791,9
117792,1
117793,2
117794,3
117795,4
117796,5
117797,6
117798,7
117799,8
117800,9
117801,10
117802,11
117804,1
117805,2
117806,3
117807,4
117808,5
117809,6
117810,7
117811,8
117812,9
117813,1
117814,2
117815,3
117816,4
117818,1
118623,3
118584,3
118624,4
118625,5
117832,1
117834,3
117835,4
117837,6
117838,7
117840,9
117841,10
117842,11
117843,12
117846,15
117847,16
117850,2
117852,4
117859,1
117860,2
117862,17
118626,6
118149,9
118627,7
118147,7
118148,8
118150,9a
118151,10
118152,10a
118153,11
118154,12
118155,13
118156,13a
118157,14
118158,14a
118159,15
118160,16
118167,2
118168,3
118169,4
118170,5
118172,7
118173,8
118182,1
118183,2
118184,3
118185,4
118187,6
118188,7
118189,8
118190,9
118191,10
118192,1
118193,2
118194,3
118195,4
118205,1
118206,2
118207,3
118208,4
118209,5
118210,6
118211,7
118218,1
118219,2
118220,3
118360,6
118221,4
118222,5
118223,5
118259,4
118628,8
115491,1.0
115492,2.0
118253,6
118254,7
118256,1
118257,2
118258,3
118277,1
118279,3
118280,4
118281,5
118282,6
118283,7
118284,8
118290,14
118291,15
118629,9
122599,20
118355,1
118356,2
118357,3
118358,4
118359,5
118361,7
118362,8
118363,9
118364,10
118444,1
118445,2
118447,1
118448,2
118585,4
118565,5
118566,1
118577,1
118578,2
118579,3
118580,4
118586,5
118612,1
118613,2
118614,3
118615,4
118617,6
118620,9
118621,1
118630,10
118631,11
118632,12
118633,13
118635,15
118637,17
118638,18
118640,2
118641,3
118642,4
118643,5
118644,6
118647,1
118648,2
118649,1
118651,1
118652,2
118653,3
118654,4
118655,5
118657,7
118662,1
118663,2
118664,3
118665,4
118667,1
118668,2
118669,3
118670,4
118675,10
118676,11
118677,12
118678,13
118679,14
118682,1
118683,2
118684,3
118685,4
118686,5
118688,7
118689,8
118690,9
118691,10
118692,11
118694,1
118718,2
118697,8
118698,9
118699,10
118700,11
118701,12
118702,13
119160,3
118729,1
118730,2
118731,3
118732,4
118849,1
118851,1
118852,2
118853,3
118856,1
118857,1
118858,2
118859,3
118860,3
118861,4
118862,5
118864,6
118865,1
118866,2
118868,1
118869,2
118875,1
118876,2
118877,1
118878,2
118879,3
118880,4
118881,5
118882,1
118883,2
118884,1
118885,2
118886,3
118887,4
118888,5
118889,6
118890,7
118893,8
118894,1
118896,1
118897,2
118898,3
118899,4
118900,5
118901,6
118902,7
118903,8
118904,9
118905,10
118907,1
118908,1
118909,2
118910,3
118911,4
118912,5
118913,6
118914,7
118915,8
118916,9
118918,11
118920,13
118921,14
118928,1
119161,4
119159,2
119169,9
122893,1
119148,1
119149,2
119150,3
119151,4
119152,5
119153,6
119154,7
119158,1
119171,1
119173,1
119174,2
119175,3
119176,4
119177,5
119178,6
119179,7
119180,8
119181,9
119182,10
119183,11
119184,12
119185,13
119186,14
119187,15
119188,16
119189,17
119190,18
119195,11
119220,3
119221,4
119223,6
119224,7
119226,9
119227,10
119228,11
119229,12
119233,16
119234,17
119235,18
119236,19
117600,17
117833,2
117836,5
117839,8
117844,13
117845,14
117849,1
117851,3
118166,1
118171,6
118186,5
118212,8
118278,2
118285,9
118286,10
118287,11
118288,12
118289,13
118583,2
118587,6
118616,5
118618,7
118619,8
118634,14
118636,16
118639,1
118645,7
118656,6
118687,6
118693,12
118870,3
118873,1
118874,1
118895,2
118917,10
118919,12
119167,7
119168,8
119192,2
119218,1
119219,2
119222,5
119225,8
119230,13
119231,14
119232,15
119298,1.0
120707,5.0
120993,15
120417,1.0
119399,20.0
120994,1
119329,1
119330,2
119331,3
119332,4
120996,1
119586,10
119587,20
119598,1
119599,1
119600,2
119601,3
119602,4
119603,5
119604,6
119605,7
119606,8
120997,2
120998,3
117151,Pos. 6.0
102281,7.0 / 8.0
85226,7.0 / 8.0
106138,1.0
106139,1.1
121004,1
120342,1.1
113653,4.0 + 5.0
121012,1
121013,2
121017,1
119634,002
120427,1.0
122469,1.0
120133,20.0
122534,6
112701,1.0
112702,20.0
112698,1.0
112699,2.0
121021,172
117768,1.0
117769,2.0
122535,7
122472,3
112263,1.2
122470,1
122471,2
120257,2.0
120256,1.0
122473,4
120514,7.0
120842,5
120843,6
120844,7
120845,8
120513,1.0
120515,4.0
120516,6.0
120517,7.0
120518,9.0
120519,10.0
119386,80
120009,2.0
120010,3.0
121031,1
121032,2
121040,1
121041,2
121042,3
121043,4
121044,5
121045,6
121046,7
121047,8
119387,140
121048,9
121049,10
121050,11
121051,12
121052,13
121053,14
121054,15
121055,16
122474,1
121056,17
118992,6.0
122475,2
122476,3
122477,4
120525,1.0
122478,5
120552,4.0 + 5.0
122479,6
122480,7
120553,22
120554,20
121580,Liste n°1
121697,Pos. 1
121074,1
122488,1
120588,2.0/3.0
112264,2.2
121684,1.0
121685,1.0
122483,1
120590,5.0
121075,2
121076,3
121077,4
121078,5
121079,6
121080,7
121686,2.0
122484,2
121081,1
121082,2
121083,3
121084,4
122489,2
122490,3
122491,4
122492,5
123833,2
120612,10.0
120605,1.0
120607,4.0
120609,6.0
120610,7.0
120611,9.0
115931,1
117006,1
121107,20
121108,21
120683,2.0
120685,2.0
120679,1.0
121109,22
121110,23
121111,24
120681,Pos. 1.0
120686,3.0
121112,25
121113,26
121114,27
121115,28
121116,29
121117,30
121118,31
121119,32
121120,33
121121,34
120819,1
121122,35
121123,36
121124,37
121125,38
121126,39
121127,40
119612,30
121189,9.0
123934,1
119610,10
115974,1.0
121266,3
121268,1
121717,Pos. 1
121272,4
121273,5
121274,6
121275,7
121276,8
121277,9
112687,10.0
123834,3
122165,1
122166,2
122167,3
122168,4
122169,5
121269,1
121270,2
121271,3
121903,1
121904,2
122170,6
122173,1
122174,19
121708,1
121723,Pos. 1
121715,1
121709,2
121710,3
123696,16
123697,1
122179,1
122180,2
122181,3
122182,4
121714,1
121716,2
122183,5
122184,6
122185,7
122186,8
122187,9
122188,10
122189,11
117681,2.0
123698,1
123699,2
122367,1.0
122368,2.0
122210,1.0
121812,1.0
121813,2.0
121816,1.0
121817,2.0
121819,2.0
114401,6.0
122235,1
122692,1
114403,6.0
113736,4.05
122693,5
122694,6
122695,2
122696,4
113737,20
122537,1
122236,2
123704,1
123708,6
122237,3
122538,2
122238,4
122698,44
116939,1.0
122239,1
122539,3
122242,4
122240,2
122894,2
122895,3
117383,1.0
122241,3
122243,5
122244,6
123775,1.0
122245,7
122246,8
122247,9
122248,10
122249,11
122250,12
122251,13
122252,14
122253,15
122514,1
121973,1.0 + 2.0
121974,1.1 + 2.1
122515,2
120428,2.0
122516,3
122517,4
121899,8
122518,5
122519,6
122520,7
122521,10
121900,1
121901,2
121902,3
122522,11
121918,16
121919,17
121920,18
121921,19
121922,20
121923,21
121924,22
121925,23
121926,24
121927,25
121928,26
121929,27
121930,28
121931,29
122567,2.0
121932,1
121933,2
121934,3
121935,4
121936,5
121937,6
121947,1
121948,2
122523,1
122524,2
122525,3
122526,4
122706,31
121955,2
121956,3
121957,4
122708,15
122527,7
122531,1
122532,2
122530,1
122533,5
121976,3.0+4.0
122540,4
122541,5
122542,6
122543,7
122544,8
123709,1
122549,1
122550,2
122551,3
122552,4
122553,5
122896,4
116197,2.0
113731,1.0
108704,Pos. 5.0
108706,Pos. 8.0
120556,1.0
120557,2.0
123712,1
122558,9.0
122897,5
116196,1.0
123594,6
117385,3.0
117384,2.0
123595,7
122898,6
123596,8
121186,1.0
120202,1.0
120205,2.1
121185,2.0 / 6.0
121183,1.0 / 5.0 / 7.0 / 8.0 / 11.0
121184,2.0 / 3.0 / 4.0
121187,4.0
122729,1
122730,2
122731,3
122732,4
122733,5
122697,16
120468,5.0
120464,1.0
120465,2.0
120466,3.0
120467,4.0
120469,6.0
120470,7.0
120471,8.0
120472,9.0
120473,10.0
120474,11.0
120475,12.0
120476,13.0
121970,14.0
108891,6.0
117305,1.0
123716,1
123717,2
123718,3
122810,POS. 3
122817,POS. 4
122809,POS 1 & 2
122811,POS. 4
122812,POS. 4
123719,4
122815,POS. 3
122816,POS. 4
122819,POS 1 & 2
123720,1
122820,POS. 3
122821,POS. 4
122814,POS 1 & 2
122822,POS. 4
123721,1
123722,2
123723,3
123724,4
123725,5
123726,6
123727,7
122746,1
122747,2
122748,3
122749,4
122750,5
119040,Pos. 7
123728,8
123729,9
122843,1
122844,2
122845,3
122846,4
122847,5
122848,1
122999,2.1
123000,2.1.1
119470,1.0
122094,1.0
122700,1
122701,2
122860,1
122861,2
122862,3
122863,4
122864,5
122865,6
122866,7
122867,8
122868,9
122869,10
122870,11
122871,12
122872,13
122873,14
122874,15
122875,16
122876,17
122095,3.0
119455,6.0
119451,1.0
123835,4
123597,9
119452,3.0
122097,1.0
122098,2.0 / 3.0
122892,16
116800,POS. 6
116796,POS. 2
116797,POS. 3
122997,1.1
122702,3
122703,4
122704,5
122705,6
123598,4
123599,4a
116801,POS. 7
123943,1
120217,4
116940,2.0
116795,POS. 1
123600,5
116798,POS. 4
116799,POS. 5
123601,5a
123389,12.0
120206,3.0
120204,2.0
123568,1.0
108696,Pos. 8.0
123602,10
117304,1.0
123836,5
123760,3
123761,4
123762,5
123763,6
123007,POS. 1
123660,2.0
123837,6
123097,POS. 2
123098,POS. 3
122060,1.0
108878,1.0
123944,2
123096,POS. 1
123099,POS. 4
123100,POS. 5
123101,POS. 6
123102,POS. 7
123108,1.0
122088,1.0
123945,3
122089,2.0
123156,1
123117,1
123118,2
123119,3
122598,10
123120,2
119041,Pos. 8
119034,Pos. 1A
52690,7.2
119035,Pos. 2C
119036,Pos. 3B
119037,Pos. 4D
119038,Pos. 5
119039,Pos. 6
122428,2.0
62379,7.2
123469,1
123470,2
117686,5.0
123471,3
123472,4
123473,5
123474,6
123475,7
123946,4
123603,10a
123150,POS. 2
123151,POS. 1
123838,7
123947,5
123175,67.0
123173,65.0
123610,1.0
123611,2.0
123174,66.0
123179,1.0
123233,1
123839,8
116193,1.0
123496,1.1
123497,2.2
123554,2.0
123224,2.0
123228,4.0
123229,5.0
123231,6.1
123223,1.0
116725,1.0
116727,"2.0, 3.0 & 4.0"
116728,"2.0, 3.0 & 4.0"
116729,2.5 + 4.5
123569,2.0
123840,9
123948,1
123949,2
123950,3
123951,4
123952,5
117527,3.0
123808,1
123809,2
119289,1.0
123954,1
122079,1.0
123955,2
123956,3
123810,1
123811,2
123812,3
123813,4
123814,5
123815,6
123816,7
123817,8
123818,9
123819,10
123820,11
123821,12
123822,13
123823,14
123824,15
123825,16
123826,17
123827,18
123828,19
123829,20
123957,4
123958,5
123959,6
123960,7
123832,1
123915,2.0 + 3.0
123961,8
123830,1
123831,2
123968,1.0
123969,2.0
123534,1.0
123535,2.0
122338,1.0
122339,2.0
121818,1.0
122077,1.0
121789,1.0
120979,1.0
123661,2.1
122933,1.0
124020,1.0
123246,4.0
108888,4.0
111000,2.0
