id,line_position
77455,2.0
39434,3.0
82019,8.0
60069,1.3
60070,3.1
60071,1.1
60206,8.0
50009,2
50016,7.0
50062,1.0
50069,1.0
50070,4.0
40082,1.0
70077,100.0
70093,10.0
70106,Pos.1.0
70134,1.0
70135,3.0
70140,11.0
70141,1.1
70143,1.0
70144,2.0
70145,3.0
30216,4
30231,Pos.2.0a
30232,Pos.2.0b
30233,Pos.2.0c
40281,4.0 - alt
40282,5.0 - alt
40283,7.0 - alt
40307,30
40308,10 / 20
50137,7.5
60257,Pos. 1
60267,1.0
60289,2.0
60291,1.0
60362,21.0
60363,22.0
60364,20.0
70151,3.5
70164,1.0
70207,1.0
70208,3.0
70245,1.0
30256,6.0
30379,1.0
30394,1
50245,3
70252,17.0
70334,1.1 & 2.1
70335,5.1
60381,0.1
60411,Pos. 1.0
60412,Pos. 2.0
60413,Pos. 3.0
60414,23.0
60420,5.0
60421,6.0
60432,5
60434,4.0
60435,5.0
60439,Pos. 1.0
70405,Pos. 2
70406,Pos. 3
60498,13.2
60499,16.2
60531,4.0
60533,2.0
70426,10.0
70428,9.0
70431,1.0 + 2.0
70432,3.0
40423,1
40424,2
30433,1.0
60616,1.0
60629,3.1
60630,5.0
60653,20.2
60654,40
60655,90
60704,2.0
60710,4.0
60711,4.5
40425,3
40426,4
40427,5
40428,6
40429,7
40430,8
40431,9
40432,10
40436,Pos. 1.0
40437,Pos. 2.0
40438,Pos. 3.0
40439,Pos. 4.0
40440,Pos. 5.0
40441,Pos. 7.0
40451,1
40452,2
40465,10.0
40467,10.1
40469,4.0
40472,5.0
30499,Pos. 1.0
30593,1.0
30594,1.0
30595,2.0
50328,8.0
50333,3.0
50334,4.0
50335,2.0
50336,7.0
50337,Pos.7.0
50338,Pos 2.0
40493,2.1
40504,1 & 1.1
40505,1.0
40506,P1 - P8
40508,Pos.5.0
70515,1.0
70516,2.0 + 3.0
70517,2.1 + 3.1
70518,2.2 + 3.2
70529,3.0
70546,5.0
70547,6.0
70548,7.0
70549,8.0
70550,1.0
70551,2.0
70555,1.0 / 1.1
70566,2
40567,Pos.3.1
40599,3.0
40600,5.0
40601,9.0
40602,10.0
60712,5.0
60713,5.5
60714,6.0
60914,13.1
60915,16.1
60921,2
60946,1.0
50388,2.0 + 5.0
50389,3.0
50391,1.0
50405,9.0
50501,1.0
50502,2.0
30647,2.0
50538,3.2
50682,1
50701,1.0
50703,2.0
50705,3.0
50707,1.0
50709,1.0
40678,4.0
40729,2.0
70586,2.2
70590,1.0 / 1.1
70595,3.2
40798,4
40816,2.0
40817,3.0
40818,4.0
40819,5.0
40820,6.0
40821,1.0
40822,7.0
40823,8.0
40824,9.0
60983,1.0
61039,31.1
50710,2.0
50711,Pos 2.0
50713,2.0
50714,3.0
50759,1.0
61047,24.0
61052,1.1
61055,4.0
30705,1.0
30795,Pos.1.0
40863,8.0 - alt
70693,6.0
70695,4.0
70701,1.0
70707,Pos 1
70716,1.0
70719,4.0
70720,6.0
70721,7.0
70722,1.0
70724,2.2
50833,Pos 2.0
50836,3.0
50837,3.3
50838,4.0
50839,4.3
50840,5.0
50841,5.3
50842,6.2
50844,8.0
30822,2.0 / 3.0
30824,4.0
30968,2.0
30969,2.1
30970,1.0
31003,1.0
70726,1.0
70727,35.0
70728,36.0
70729,1.0
70730,1.0
70807,Pos. 3.0
70861,1.0+2.0
70881,4.0
70882,1.0
61155,9.1
61160,14
61163,1.0
61171,2.0
31007,1.0
31008,1.0
31009,2.0
31010,3.0
31011,4.0
31012,5.0
31013,6.0
31014,7.0
31015,8.0
31016,9.0
31043,Pos.2.0
31049,Pos.6.0
31052,Pos.4.0
31055,Pos.1.0
40926,1.0
40929,1.0
40930,2.0
40986,3.0
40995,15.0
50845,8.3
50846,9.0
50847,9.3
50848,10.0
50849,10.3
50850,1.2
50854,1.0
50856,2
50861,1.0
50898,1.0
50899,2.0
50900,5.0
50901,109
50902,6.0
70883,2.0
70884,3.0
70889,Pos. 5.5
70901,3.2
70963,65
70964,70.1
70978,65
71000,1.0
71005,1.3
71049,1.1
71050,1.5
71051,2.1
71052,20.0
71093,3.3
61182,1.2
31091,1.0
31092,2.0
41002,14.0
71113,10.1
71115,90
71196,30.0 - 30.12
50926,1.0 & 2.0
50931,3.0
31264,Pos.7.0
50947,2
61313,140
61316,5.1
41084,1.0
41228,2.0
61404,1.0
61406,1.0
61421,1.0
61423,A1
61431,1.0
61433,2.0
61434,2.1
61448,10.0
61699,1.0
61709,1.0
61710,2.0
61711,3.0
61717,1.0
61722,2.1
61737,2.0
61754,Pos 4.0
61812,24.0
61825,110
61826,130
61830,40
41453,2.2
41454,2.2
41455,1.0
41463,1.0
41464,1.0
41466,2.0
41469,3.0
41470,6.0
41471,4.0
41472,5.0
41473,1.0
41474,2.0
41515,1.0
41517,2
41349,3.2
41363,2.0
41364,4.0
41365,5.0
41366,6.0
41367,7.0
41417,40
41444,4.0
41445,4.1
71320,1.0 + 2.0
71338,12.0
71339,12.0
71351,69
71354,68.0
31285,2.0
31297,Pos. 3.0
51226,2
61873,200
61880,1.0
61881,2.0
61882,4.0
61954,Pos. 3.0
71424,Pos. 5
71465,1.0
71466,1.0
41555,1
41556,2
41557,3
41562,325.0
41566,Pos. 1.0
41567,Pos. 1.5
71556,2.0
71252,1.0
71253,2.0
71259,1.0
71262,1.0
71263,270
71264,160
71265,280
61964,1.0
61987,2-9
41626,2.1
51244,1.0
51327,6.0
31653,Pos.1.0
31654,1.0
62041,Pos. 4.0
62042,Pos. 5.0
62043,Pos. 6.0
62068,2.5
62073,2.0
62079,1.0
41647,13.0
41711,2.0
41715,1.0
41718,Pos.2.0
41754,7.0
51553,1.0
51585,1.0
51594,320
51600,Pos.1.0
51601,Pos.4.0
51625,Pos 1.0
71637,4.0
71747,1.2
51680,1.0
51681,2.0
51689,1.0
51695,2.0
51696,2.0
51699,1.0
51722,1
71778,4.0
71779,20_00
71824,Pos 1
41756,3.0
41758,3.0
41765,2.0
41768,5.0
41769,4.0
41770,1.0
41771,2.0
41772,3.0
41773,1.0
41774,2.0
41775,3.0
41776,4.0
62191,1
62253,2.0
62260,1.1
62280,13.1
62282,16.1
51805,4
51806,5
51812,9.0
51814,6.0
51815,2.0
51816,1
51817,2
51425,2.0
51426,5.0
51427,7.0
51428,8.0
51429,10.0
51430,Pos.3.0
51432,1.0
51435,3
51437,1
51439,Pos.1.0
51450,2
51469,5
51471,4.1
51479,2.0
41980,1
62334,3.5
71604,1
71610,1.1
71612,3.1
71614,1.1
71615,2.1
71616,1
71617,1.1
71618,2 a & b
71619,2.1 a & b
41999,1.0
51818,Pos.1.0
51822,1
51823,1
51824,2
51825,3
51826,4
51828,1
51829,1
51830,2
51831,3
51835,1.0 + 2.0
51837,Pos.1.0
62347,1.0
71862,2.1
71863,6.0
71867,1.0
31946,8.0
51858,10
51859,20
51860,30
51861,40
51862,50
51863,60
51864,70
51865,80
51874,13
51875,10+11+12
51876,14
51881,1.0
51912,1.0
51920,Pos. 1.0
51921,Pos. 2.0
51922,Pos. 3.0
51923,Pos. 4.0
71894,1
71895,1
71896,2
71898,17.03
72007,17.03
32054,2
32055,3
42065,1.0
42016,2
42055,2.0
42056,3.0
42057,4.0
42058,5.0
42059,6.0
42060,8.0
42061,9.0
42062,10.0
42063,11.0
42064,12.0
32225,2.0
51951,1.0
51952,2.0
51958,1.0
51959,3.0
51960,1.0
51967,1.0
51991,2.2
51992,7.2
42161,1.0
42179,2.0
42072,1.0
42112,11.0
42113,12.0
51996,3
52014,1.0
62366,3.0
62377,1.0
62385,1.0
62387,1.0 + 2.0
62389,230
62390,120
62397,1.0
62398,4.0
62399,7.0
62400,2.0
52109,7.5
52111,8.0
52142,1.1
52143,2.1
52235,7.0
62404,1.0
62405,2.0
62406,3.0
62407,4.0
62429,3.0
62443,1.1
62445,1.2
62450,1.0
62459,2.5
62461,7.3
62462,11.5
62467,Pos 1.0
32350,2.0
32410,5.0
42196,3
42197,Pos. 1.0
42198,Pos. 2.0
72069,2
72102,6.0
72103,2.0
72104,2.1
72105,4.1
72106,4.1
72108,2.0
72115,2.0
72116,3.0
72119,Pos. 1.0 + 1.5
72120,1.0
72244,3.0
72245,5.0
72284,3.0
52290,Pos.7.0
52291,Pos.8.0
52292,Pos.9.0
52323,1.1
52324,1.2
52325,1.3
72326,2.1
42301,Pos. 1.0
72572,20_02
72573,20_05
72587,Pos. 110
72588,Pos. 111
72589,Pos.112
72590,Pos. 113
72594,1.0
72615,31.0
52459,3.0
52460,2.0
62501,4.0 & 6.0
62502,17.0 & 22.0
62513,2.2
62514,4.2
62515,11.2
62525,6.0
62527,3.0
42302,Pos. 2.0
42303,Pos. 3.0
42308,1.0 / 2.0
42309,6.0 / 7.0
32518,1.0
32519,Pos. 3.0
32522,Pos. 1.0
32523,Pos. 1.5
32575,Pos.8.0
42329,2.0
42330,1.0
42331,1.0
42332,10.0
42333,1.0
42334,6.0
42335,7.0
42337,1.0
42338,1.0
42342,2.0
42343,1.0
72733,1.0
62552,1.1
62553,2.1
62557,2.3
62558,11.3
62571,2.1
62572,5.1
62573,8.1
62574,11.1
62578,3.0
62579,3.0
62580,4.1
62581,2.1
52482,Pos 4.0
52497,2.0
52498,2.1
52513,5.5
62612,1.0
62613,2.0
62614,3.0
62615,3.1
62622,Pos. 1.0
62627,Pos 2.0
62631,Pos. 12.0
42380,1.0
42381,2.0
42382,2.3
42383,2.4
42384,2.6
42385,3.0
42386,2.5
52518,3.0
52520,1.0
52523,2.0
62634,Pos 5.0
62638,Pos 8.0
52580,1.0
52588,1
52593,1.0
52607,8.0
52608,9.0
52611,1.0
52612,1.1
32699,Pos.1.0
32767,Pos.2.0
32800,1.0
32803,1.0
72881,Pos. 9.0
72883,1.0
72884,2.0
62726,5.0 + 5.5
62732,2.4
62755,3.0
62820,4.0
62827,1.1
62829,7.1
62830,10.1
62832,7.0
62833,10
62836,4.0
62640,Pos 7.0
62642,Pos 6.0
62644,Pos 4.0
62647,Pos 9.0
62650,Pos 10.0
62653,Pos 11.0
62657,1.0
62659,1.0
62672,7.0
42479,3
62928,position 9.0
62929,position 6.0
32815,1.0
32816,3.0
32817,9.0
32818,11.0
32823,1.0
32824,2.0
32885,Pos. 1.0
32886,Pos 30.0
32887,Pos 40.0
72957,Pos.1
72958,Pos. 2
72959,Pos.3
72961,1.0
72963,4.5
72971,1.0
62930,position 12
62931,1.0 - 3.0
62937,1.0
42417,1.0
42464,8.0
42478,2
52746,3.0
42571,9.9
62837,5.0
62838,11.0
62840,12.0
62854,7.0
62856,4.0
62864,6.0
62878,1.0 / 2.0
62927,position 3.0
72993,5.0
73007,1.0
73011,Pos. 2
73049,Pos. 1
73050,Pos. 2
52770,1.0
52771,2.0
52772,3.0
52773,4.0
52774,6.0
62981,1.0
63031,1.0
63062,1.0
63063,1.1
63064,2.0
63065,3.0
63066,4.0
63067,5.0
63068,10.0
52820,2.0
52838,3.0
52844,10.0
52846,9.0
52849,7.0
52851,6.0
73101,12.0
73102,12.0
73164,1.0
73245,Pos. 1
33084,4.0
63216,4.0
42595,1.0
42602,1
42603,2
73270,Pos. 1.1
73274,Pos 1.2
73283,Pos. 2.1
73311,1.0 + 2.0
63604,Pos. 4.0
63634,1.0
63635,2.0
52864,4.0
73366,13.0
73367,12.0
63677,4.0
33139,2.0
33140,1.0
33142,1.0
33143,2.0
33144,4.0
33145,5.0
33146,6.0
33147,7.0
33148,10.0
33149,9.0
33161,2.0
33162,3.0
63695,1.0 + 2.0
42765,3.0
42766,1.0
42769,1.0
42770,1.0
42774,80
42782,1.2
42783,2.1
64025,Pos. 1.0
52932,09
52933,03
52934,5.0
52942,4.0
63793,Pos. 1.0 & 2.0
63794,Pos. 4.0
63936,1.0
33235,2.0
73493,300 / 301
73494,101-110
73514,2.0
33308,3.0
33322,3.0
33344,1.0
33399,3.0
33428,Pos 1.0
33429,Pos 10.0
73563,2.0
73567,3.0
73587,Pos 2
73588,1
52977,1.0
33449,Pos.5.0
42959,4.0
42976,2.0
42996,Pos.3.0
43007,Pos. 2.0
43008,1.0
43009,3.1
43010,1.0
64190,9.0
64192,10.0
64194,12.0
64195,14.0
64196,15.0
64203,Pos. 1.0
64211,2.0
64212,1.1
73789,160
73803,2.0
73804,17.0
73834,1.0 + 2.0
73876,17.0
42858,1.0
42875,165
43044,2.4
43046,11.0
43047,11.0
43048,11.0
43049,01
43195,4.0
64256,1
64257,8.0
73912,12.1
73913,5.0
73914,9.1
73915,17.0
73916,1.0
74017,Pos. 4.0
43210,Pos.1.0
43212,Pos.2.0
43214,Pos.1.0
43222,3
43235,2
43243,Pos.1.0
64308,30
64309,30
64310,30
64312,40
64313,40
64314,42
64315,42
64316,42
64317,42
64318,42
64319,50
64322,2.0
64330,1.00
74043,5.0
74059,4.0
74060,"5.0, 5.1, 5.2"
74061,6.0
74062,7.5
64353,Pos. 2.0
74140,1.0
74184,10 / 11
74271,2.0
74272,1
74274,1.0
74281,Pos. 4.0
74283,Pos. 3.0
74297,1.0
43384,1.0
43385,2.0
43386,3.0
43387,3.0
43401,Pos. 2.0
43402,Pos. 3.0
43406,1.0
43416,1.0
43499,1
33859,1.0
33860,1.0
33861,2.0
74364,Pos. 2
74365,Pos. 1
74366,Pos. 2
74367,Pos. 1
74368,Pos. 2
43298,6
43307,2.0
43308,2.0
64504,10.1
64517,1.1
64519,1.2
74390,5.0
74394,5.0
64410,5.0
64433,1.0
64434,4.0
43537,Pos. 151
64594,3.0
74395,7.0
74397,100
74399,110
74450,3.0
74451,3.5
74452,4.0
74453,5.0
74454,6.0
74455,7.0
43568,1.0
43583,2
43584,1.1
43585,1.2
43586,1.3
43590,1
43596,7.0
43598,1.0
43599,3.0
43616,1
53412,4.0
74496,Pos. 3.0
74497,2.0
33934,12
34024,4.0
34031,1.0
64639,70.0
64640,71.0
64641,210 - 216
64642,220 - 222
34062,Pos 1.0
34078,4.0
34081,2.0
34082,Pos. 1.0
34083,Pos. 2.0
34095,1.0
34201,1.0
64660,1.0
64663,1
64664,2
33914,Pos 4.0
33933,11
53677,1.0
53678,1.0
53679,2.0
34401,Pos.1.0
34403,Pos.1.0
34408,1.0
34409,1.1
34410,3.0
34411,4.0
34412,5.0
53455,div.
53456,3.0
53474,2.0
53475,2.0
53477,11
53478,12.5
53549,2.0
53550,1.0
53551,2.0
53629,4.0
53631,7.0
53633,3.0
53635,3.0
53637,3.0
53641,1.0
53642,1.0
53741,2.0
53742,5.0
53743,8.0
53748,1.0
53751,1.0
74503,Pos. 4.0
53795,3.0
64791,1.0
64802,6.0
64804,14.0
64806,13.0
74570,Pos.1
43682,2.1
43707,51.0
64864,5.0
64883,2
64885,Pos 5.0
64892,Pos 1.0
64896,Pos 2.0
64897,POs 3.0
64898,Pos 6.0
64899,Pos 7.0
64904,1.1
64905,2.1
64926,30
64927,30
64928,40
64929,40
64930,42
64931,42
64939,4.0
65012,1.0
65014,2.0
65016,2.0
65023,150-152
65024,100-103
65025,120-121
65026,120-121
43798,1
43799,2
65027,110.0
65028,110.0
65029,110.0
65031,1.0
65033,4.2 & 6.2
65034,4.1 & 6.1
65035,3.5 & 10.5
65037,2.5
65038,23.0
65040,8.5
65041,18.0
65043,70
65054,1.0
65063,19.0
65069,1.0
65070,1.0
65071,2.0
65072,3.0
65074,1.0 + 2.0
65075,3.0
65076,4.0
65077,2.0 + 3.0
44226,4.0
34793,50_06
43837,4.0
43839,Pos. 2.0
43889,Pos. 3.0
43908,30.0-38.0
53990,Pos 2.5
74712,2.0
74713,2.1
74714,2.2
74725,1.1-1.3
34818,1.0
34819,2.0
34820,3.0
43982,Pos.1.0
44027,4.0
74761,2.0
74762,1.0
65142,5.0
65143,7.0
65144,9.0
44189,9.0
44191,10.0
44193,16.0
44222,2
34925,Pos.6.0
34927,Pos.4.0
34941,Pos.7.0
54244,1.1
54245,2.1
54246,2.2
74799,3.0
74800,3.1
74801,5.0 + 5.1
74803,6.0
74810,4.0
44496,2.0
44550,Pos 1.0
44551,Pos 2.0
44583,1.0
65157,3.0
65158,2.0
65166,2
65231,3.1
35001,Pos 1.0
35015,1.0
35018,2.0
35022,1.0
35023,3.0
35024,4.0
35025,4.0
35026,5.0
35027,6.0
35037,1.0
35038,1.0
35039,2.0
35040,3.0
35041,4.0
35042,4.0
35043,5.0
35044,6.0
44621,3.0
44624,1.0
44628,1.0
54290,1.0
54291,1.5 (Variante)
54301,3.0
54311,Pos 3.5
54320,1.0
54322,1.0 / 2.0
35145,1.1
35146,5.0
35187,3.0
35188,2.0
44700,2.0
44704,5.0
44707,4.0
44768,Pos.4.0
44780,1.0
44782,1.0
44784,1.1
44785,1.2
44787,Pos.1.0
44789,2.0
44791,4
44792,1.0
44805,1
44807,Façade Nord
44808,1.0
44847,1.0
44848,1.0
44861,2.0
35221,1.0
35244,1
35246,6.0
35250,100
35273,Pos.2.0
35287,1.0
35288,1.0
35298,Pos.1.0
35300,1.0 + 2.0 + 3.0
74974,Pos. 2.0
74976,Pos. 6.0
74978,Pos. 2.0
75025,1
75074,2
75084,3.0
44887,1.0
44891,1.0
44901,1.0
44926,Pos. 1.0
65278,12.0
65343,Pos 4.0
65356,1.0
65370,2.0
45003,3.0
45004,3.1
45006,1.0
45032,3
54423,9.2
35341,1.0
65405,Pos. 11.0
65407,Pos. 11.1
65410,15.0-15.3
65413,22.0 / 24.0
65416,21.0 / 23.0
65418,20.0
65421,30.0 - 30.12
54440,8.2
35498,2.3
35557,1.1
35581,Pos.6.0
35582,Pos.7.0
35583,Pos.10.0
35584,Pos.1.0
35585,Pos.2.0
35586,Pos.3.0
35588,Pos.8.0
35590,Pos.9.0
35643,2.2.2
75171,1
75194,1.0
75195,2.0 + 3.0
75200,5.0
65448,5.1
65450,4.1
65477,6.1
45094,2.0
54572,1.0
54573,2.0
45195,2
45196,1
45200,2.0
45253,1.0
45254,3.0
45255,4.0
45256,5.0
45257,2.0
35748,1.1
65516,1.0
75220,1.0
35809,1.0
35810,2.0
35834,Pos. 1.0
35836,1.0
35837,2.0
35838,1.1
75342,3.0
65519,1.0
65520,2.0
65522,2.0
45304,1.0
45305,1.0
45306,1.0
45310,2.0
45311,2.0
45312,2.0
45341,2
45367,3
45369,4
54756,7.0
54760,1.1
54784,2.0
54785,3.0
54786,4.0
45431,1.0
45444,1
45446,5
45447,9.0
35944,Pos. 2.0
35951,1.0
35952,2.0
35973,50
35919,1
45468,2
45486,9.0
45609,3
45619,1.0
54832,Pos 2.0
54833,Pos 1.0
54853,3.0
54858,3.0
54860,3.0
36076,3.0
65524,2.0
65533,1.0
65534,2.0
65550,1.0
65551,2.0
65555,5.0
65566,5.1
65568,109
65708,1.0
65710,2.0
65712,4.0
65714,3.0
75416,"2.0, 3.0 & 4.0"
75419,17.0
75422,17.1
75423,3
75424,4
75427,7.0
75430,5.0
45642,200.0
65721,1.0+2.0
65722,1.0
65723,2.0
65724,3.0
65725,4.0
65726,1.0
36229,2.0
36237,1.0
75493,1.0
45733,1.0
45737,1.0
65748,Pos.15.0
65857,3.0
65858,5.0
65871,1.0
65872,1.0
65873,1.0
65938,1.0
65941,12
65943,1.0 - 4.0
36406,Pos.6.0
36422,3.0
36433,2.1
36486,4.0
36487,4.2
36495,1.0
75537,4.0
75549,1
75592,1.0
75596,1.0
75653,1.0
75655,1.1
75657,1.0
75659,1.1
75661,1.0
75664,1.1
55068,10.1
55072,1.0
55076,1.0
55077,3.0
55078,3.1
55240,5.1
55242,5.0
55246,7.0
45819,Pos.3.0
65958,1
65959,2
65967,7.0
65980,3.1
65987,4.1
65990,Pos. 1.0+2.0
66062,15.1
55271,1
55282,1.0
55283,3.0
55288,2.0
55289,3.1
45850,0.1b
45851,0.3b
45852,0.5b
45853,0.6b
45854,1.0
66073,Pos. 5.0
66125,Pos. 20.0
66127,Pos. 6.0 + 8.0
66130,Pos. 7.0
55311,6.0
55320,6.0
55339,4.0
55342,2.0
55347,2.0
55356,30
55360,31
55363,50
75667,5.0
75682,Pos. 4.0
75685,1.0
75686,2.0
75709,Pos. 4.0
36638,Pos. 1.0
36639,Pos. 2.0
75774,7.0
75775,10.0
45887,1.0
45906,Pos.1.0
45926,3
66179,1.3
66196,4.0
66237,2
66238,4
66239,5
66240,3
75957,1.0
75974,"2.0,3.0 & 4.0"
55381,Pos.2.0
55416,15.1
55418,5
36686,6.0
36687,7.0
36691,1.0
36693,1.0
36697,Pos. 2.0
36709,1.0
66281,1.0
66313,5.0
66319,1.0
66320,4.0
66321,10
66322,30
45937,1.0
46000,0.2t
55492,1.0 / 2.0
55533,2.0
55534,3.0
55535,5.0
55536,6.0
55537,7.0
55538,8.0
55539,15.0
55598,2-5
55634,1.0
55638,6b
55658,3.0
55659,3.1
55660,1.2
76150,3 Ersatz
76153,3.0
76156,1.0
76157,"2.0, 3.0 & 4.0"
76158,5.0
76173,Pos. 11.0
76248,3.0
76250,Pos. 7.0
46019,1.0
46102,1
46132,Pos.8.0
46138,Pos 1.0
46142,1.0
46147,Pos 1.0
46148,Pos 5.0
46149,Pos 10.0
46154,6.0
46155,9.0
46156,Enseigne intérieur
55687,4.0
55688,7.0
76266,6.0
76267,4.0
76268,3.0
76269,5.5
76270,5.0
76271,7.0
46168,0.4a
46169,0.6a
46170,0.7a
46171,0.0c
46172,0.0d
46198,2
76346,2.0
76347,2.0
76349,2.0
76350,1.0
76351,2.0
76352,4.0
76353,8.0
76354,9.0
76355,11.0
76376,2.0
76377,2.5
76378,3.+4.0
76379,6.0
76380,6.5
76381,7.0
76382,7.5
66331,80 - 82
66333,1.1
66345,Pos. 1.0
66346,Pos. 2.0
66347,1.0 - 1.1
66348,2.1 - 2.2
66349,3.1
66352,16-20
66353,3.0
66408,Pos. 5.0
66410,10.0
36739,1.0
36740,2.0
36743,Pos 1.0
36744,Pos 1.1
36745,Pos 2.0
36746,2.1
36747,Pos 3.0
36748,2
36749,Pos 4.0
36750,020.0
36752,Pos 2.0
36795,1.0
36796,1.0
36797,2.0
46324,2.0
46359,1.0
46360,2.0
46361,3.0 & 7.0
46362,4.0
46363,5.0
46364,6.0
46365,1.3
46366,1.0
46381,1.0
36822,Pos.1.0
36853,Pos.1.0
36856,Pos. 1.0
36861,Pos. 1.0
55755,1.0 + 2.0
76474,Pos. 2.0
76476,6.0
76477,6.0
66469,1.0
66470,2.0
66471,4.0
66472,5.0
66473,6.0
66486,2
66487,1
46565,2
46566,1.0
36965,2.0
36994,1.0
36995,2.0
36996,3.0
66616,Pos.5.0
66617,Pos.6.0
66618,Pos.7.0
66619,Pos.9.0
66628,20 / 21
66629,20 / 21
66696,4.0
66697,6.0
66708,Pos. 2.0
37033,1.0
37034,2.0
37040,1.0
46581,1.0
46662,1.0
46685,Pos 2.0
66811,3.0
46704,1
37218,2.0
46728,3.0
46730,6.0
55909,A1
66820,100
66852,11.0
66853,12.0
66854,13.0
66855,14.0
66856,15.0
66857,65.0
66858,66.0
66862,1.0 + 3.0
66863,2.0
66864,6.0
66865,1.0
66866,10.0
66867,11.0 / 11.1
66881,5.0
66912,40 / 41
66916,1.0
66921,2.0 / 3.0
66922,2.1
66925,3.0
66926,4.0
66927,Pos. 3.0
66928,130.0
66929,1.0 & 2.0
66933,Pos. 30.0
66942,5.1
37274,1.0
76710,3.1
76716,1
46999,1.0
47000,4.0
47001,110.0
47002,5.0
47003,110.1
46778,1
46779,2
46939,109
46973,3.2
46978,Pos 11.0
66956,54 / 57
66958,Pos. 1.0
66959,Pos. 2.0
55917,1.2
55918,7.2
37318,1.0
37337,1.0
37349,1.0
56006,1.0
56013,2.0
56014,1.0
37379,020.1
37380,0.20.3
37381,1
56061,1.0
76737,1.0
76740,Pos.110.1
76831,10.0
56083,1
56101,5.1
56127,Pos. 6.1
47026,1
47032,1.0
47033,2.0
47034,3.0
47035,4.0
47103,2.0
47104,3.0
37392,2.0
37395,090.0
37397,080.0
37417,1.0
37418,1.2
37419,1.3
37420,2.0
37421,2.2
37422,2.3
37423,4.0
37424,4.3
37436,020.7
37446,200.0
67009,1.0
67163,50.0
67164,60.0
67165,61.0
67166,39.0
67177,Pos. 1.0
76869,3.0
76906,5.0
76922,1.0
47193,9.0
47194,10.0
47195,20.0 - Suppl. locataires
47231,10 + 20
76933,1.0
76937,2.0
47249,2.1
37463,2.1.3
37464,2.1.1
37465,2.1.2
37466,1.0
37467,2.0
56241,1.1
56255,1.0
56259,1.0
56260,1.0
56261,1.0
56262,2.0
56263,2.0
56265,1.0
56266,2.0
56267,2.0
47323,1.0
47324,2.0
47325,3.0
47326,4.0
47328,8.0
47329,9.0
47330,10.0
47331,Pos 3.0
47332,Pos 4.0
47335,1
47336,2
47339,Pos 2.0
47369,2
37621,1.0
37622,2.0
37623,3.0
37670,1.0
37689,1.0
37690,2.0
37691,1.0
47261,1
47267,4.0 + 5.0
47305,1.0
47306,2.0
77053,6.5
77090,1.0
77095,4.0
77096,(3.0)
77097,(5.0)
56268,2
56271,1.0
56272,2.0
56278,Pos.6.0
56294,Pos 2.5
56295,Pos 2.5
56296,Pos 2.5
56297,1
56299,1
56301,1
56309,1
56313,2.0
77000,1.0
77015,1.1
77016,1.0
77017,2.0
77018,Pos. 3.0 + 10.0
77023,1.1
77036,Pos. 6.0
77043,1.0
77044,1.0
37722,1.0
37769,2.2
47475,2.0
47476,3.0
47507,1.0
56320,4.1
56325,14.0
56328,1.0
56330,2-9
56331,2-9
56332,2-9
56338,8.8
56339,1
56340,8
37836,210.0
37837,210.1
37838,210.0
37853,Pos.4.0
37854,Pos.5.0
77112,1.0
56346,4.1 + 5.1
56347,3.0
56348,5.0
56349,11.0
56350,12.0
56351,13.0
56354,10.0
77255,21.05
47551,1
47589,1
56384,3.0
67410,3.0
56385,3.0
77266,Pos. 2.0
67412,2.0
67455,Pos. 1.0
67486,230 / 231
67533,2.4
37882,1.0 - 4.0
37918,1.0
77370,1.0
77371,2.0
77372,3.0
77379,2.5 + 4.5
77380,4
56480,Pos.8.0
67586,1.0
67587,5.0
67588,6.0
67609,Pos. 8.0
67610,Pos. 20
37993,1.0
56521,1
56522,2+5+11
56581,3.0
56582,4.0
56585,6.0
56600,9.0
56601,10.0
56602,6
56606,1.0
77440,Pos. 2.0
77441,Pos. 10
77442,Pos. 14
77443,Pos. 15
77444,Pos. 17
77445,Pos. 30
77446,Pos. 35
77447,Pos. 100
77448,Pos. 100.1
77449,Pos. 101
77450,Pos. 101.1
77451,Pos. 102
77452,Pos. 102.1
77453,Pos. 103
77454,Pos. 103.1
77456,3.0
77457,4.0
67686,4
67736,1.1
67753,3.1
67786,1.1
67789,200 - 207
67795,3.0
67796,4.0
67797,2.0
38006,2.2.1
56629,2.1
56633,7.0
56634,1
56635,4
56637,5
56638,6
56639,7.1
47776,5.0
67835,Pos. 30.0
67867,Pos. 3.0
67874,2.0
67893,10.1
67895,65.0
77460,1.0 / 3.0
77466,1.0
77467,2.0
77468,2.1
77578,2.0
77579,1.0
38144,2.0
38145,3.0
38162,5.0
47870,1.0
47871,2.0
47872,3.0
47873,4.0
47874,5.0
47875,6.0
47876,7.0
47877,8.0
77589,Pos. 4.0
27517,80
27518,110
27519,130
27520,150
27523,6.0
56695,1.0
77634,1.0
77635,2.0
77636,3.0
77639,2.0
77640,3.0
77641,4.0
77642,5.0
38313,Pos 1.0
38317,4.3
77647,Pos. 1.0
77655,Pos. 80 Haupteingang
77665,1.0
38329,4.0
77692,2.0
38354,1.0
38358,Pos. 3.0
68018,Pos. 1.0
38390,Pos.2.0 Façade
77709,Pos. 1
77710,Pos. 12.0
77711,Pos. 32
77712,6.0
38391,Pos.8.0
27526,1
27542,20.1
27543,1
27596,Pos.1.0
27598,Pos.2.0
56736,6.0
56737,2
56738,3.0
56739,4.0
56740,1.0
56741,2.0
56758,1.0
56759,1.1
56761,1.0
56764,1.0
56765,1.0
56766,2
56767,3
56768,40 + 41
56769,1
38405,Pos.1.0
38479,1.1
38546,Pos 40.0
38547,Pos 50.0
68093,15.0
68095,1.0
68097,8.0
68099,4.0
68102,6.0
68104,7.0
68106,14.0
47903,1.1
47935,5.0
47947,2.1
47962,1.0
47963,2.0
47967,2.0
47973,3.0
47975,5.0
27649,1.0
27650,2.0
27681,Pos.1.0
77775,5 + 6
77778,Pos. 3.0
77780,1.0+2.0
77782,2.1
77792,3.0
77920,1
77935,1.0
38647,12.0
38673,1.0
47991,3
77939,Pos. 7.0
77944,Pos. 7.0
78001,Pos. 12.0
78004,Pos. 7.0
78008,1.1
78010,1.2
78012,1.3
78014,1.5
78016,2.6
78019,3.8
78025,Pos. 3.0
77730,1.1
77740,Pos. 2.0
77743,1.1
77755,1.1
77758,1.0/2.0
77759,1.0
77760,1.0
77761,1.0
77762,1.1
77766,1.0
77770,1.0
77773,Pos. 7.0
56795,1
56796,2-4
56797,1
56812,6
56813,3.0
56816,2.0
56819,6.0
56820,1.0
56825,1
56829,2.0 + 3.0
56833,20_00
56849,1.0
56984,1.0
68108,11.0
68110,2.0
68118,10.0
68120,2.0
68122,3.0
68130,9.0
68132,12.0
68134,13.0
68136,15.1
68140,15.0
68232,Pos.1
68233,Pos. 2
68234,1.0
68246,6.0
78107,Pos. 10 Fassade neben Spedition
78109,3.1
78110,4.1
68274,2.0
68276,Pos. 1.0
68277,1.1
68278,2.1
68279,30
68280,40 / 41
68281,41
68282,42
68283,51
68284,85 - 87
68285,3.0
68287,3.0
68288,4.0
68289,4.0
48169,2.0
27732,Pos.2.0
27733,2.0
27737,30.0
27763,40
27764,60
27776,1.2
78129,2.0
78130,3.0
78132,2.0
78133,2.0
78134,2.0
78135,3.0
78149,1.4
78156,20.0
27806,1.0
27827,1.0
38762,2.0 + 5.0
48053,12.01
48069,101
48072,8.0
48076,1.1
48077,2.1
48078,3.1
48079,4.1
48085,1.0
38812,1.0
38813,1.0
38814,4.0
38837,1.0
38838,2.0
38842,2.3
38843,3.0
38846,Pos.14.1
48297,1.0
48299,1.4
48300,6.0
48230,1
48288,1.0
48289,2.0
48290,4.0
48291,5.0
48293,2.0
48294,3.0
48295,4.0
48296,5.0
57215,2.1
57242,4.0
57246,9.0
57252,3.1
68323,1.0
78168,Pos 1
78169,Pos 2
78170,Pos 3
78171,Pos 4
78172,Pos 8
78173,Pos 9
78174,Pos 10
78175,Pos 11
78176,Pos 12
78177,Pos 14
78178,Pos 13
78220,Pos 6
48301,6.4
57409,Pos 1.0
68467,54 / 57
68510,1.2
68514,2.1
68527,2.0
78410,2.0
78437,6.0
78505,Pos. 5.0
68570,30.0-30.3
68572,23.0
68574,24.0
68575,1.0/2.0/3.0
68612,Pos. 1.0 + 1.5
68627,Pos. 3.0
68629,Pos. 7.0
57466,11.0
57488,1.0
57489,1.0
57491,3.0
57493,8.0
57511,2.0
57512,4.0
39242,10
39243,Pos. 1.5
39244,Pos. 1.0
39245,3.1
39246,1.0
39247,Pos.13.0
39248,2.0
28030,Pos. 2.0
28032,Pos. 1.0
78506,Pos. 8.0
78552,1.0
78553,Pos. 13
78554,Pos. 36
78555,1.0
78556,2.0
78557,2.0
78558,3.0
78559,10.0
78560,1.0
78561,11.0
78562,1.0
78599,2.0
39346,Pos.2.0
39347,Pos.3.0
39348,Pos.4.0
39349,Pos.5.0
39350,Pos.1.0
39351,Pos.6.0
57536,2.1
57540,Pos.1.0
57541,Pos.4.0
57542,Pos.10.0
57560,3.1
57561,Pos. 1.0
57562,Pos. 2.0
57565,1
68667,3.1
57566,2
57569,Pos.1
57570,Pos. 1.1
57571,3
38865,9.6
38901,2.0
38920,3.0
38922,1.0
39076,2.0
39166,Pos.10.0
78648,4.0
78659,130.1
78662,2.0
78663,2.0
28072,2
28134,1.0
78775,21.0
78776,22.0
48647,6.3
48649,9.0
39390,Pos. 3.0
68699,4.3 & 6.3
68700,4.5 & 6.5
68701,7.5
68702,9.5
68719,1.0
68723,1
57585,2.0
78811,Pos. 1.0 + 1.5
78815,Pos. 1.0 + 1.5
78819,1.0
78859,Pos 1
28287,1.0
28288,3.0
28290,1.0
39478,2
39480,2.0
39483,2.0
39484,1.0
39496,020.7
39505,2.0
39580,2.1
39581,6.0
39584,2
68792,5.1
78860,Pos 2.0
78861,Pos. 3.0
78862,Pos. 4.0
68803,1.0
68804,1.0
68810,3.0
68811,5.0
68812,10.0
68836,3.0
68840,15.2
68844,1.5
68901,1.2
68902,Pos 5.2
68909,30
68916,30
78959,Pos. 1.0
48725,2.1
68959,Pos. 3.0 + 3.5
68977,90
78890,1
78894,2
78939,Pos. 5.0
78941,Pos. 3.0
28297,1.0
28298,2.0
28299,3.0
28309,1
28310,Pos. 1.0
28311,Pos. 2.0
28331,1
28355,1.0
28358,3.0
48783,Pos 20.0
48792,2
48793,1
48812,1.0
79008,Pos. 16
79009,Pos. 104.0
79022,1.0
79034,1.0-3.0
79035,4.0
79036,1.1
79037,2.1
79038,1.0
79039,1.1
79040,1.0
79041,1.0
79051,250
79052,251
79054,4.0
79056,1.0
79057,2.0
28769,2.0
48823,4.0
48824,2.0
48825,5.0
48826,1.0
48827,2.0
28799,1.0
57851,2.1
57888,3.0
48842,4.0 + 5.0
48865,1.0
48867,Pos.1.0
48880,2.0
69038,10
39730,2.0
79062,3.0
79065,2.0
39731,4.0
48946,Pos 1.0
48947,Pos 3.0
48948,Pos 4.0
69039,1.0
69041,3.0
69042,4.0
69066,Pos. 1.0
28836,2.0
69175,141
69176,142
69177,143
69188,4.0
69192,6.0
39769,10
39770,8
39783,Pos. 4.0
39801,3.2
39844,1
57974,Pos 1.0
28914,1.0
28915,2.0
79174,4.0
79175,4.0
79176,4.0
79177,1.0
79178,Pos. 1.0
79179,Pos. 2.0
79181,Pos. 1.0 Seite Fassade
79182,Pos. 2.0 Eingangsbereich
58084,1.0
39874,2
39875,3
39892,8.0
39894,1.0
39915,2.0
39979,3.0
39982,2.0
39987,1.0
79184,1.1
79262,2
69286,2.1
69342,Pos 1.0
69344,1.0
69406,2.1
79395,3.0
79396,4.0
79397,4.5
79399,6.0
79404,3.1
79405,4.0
79406,4.5
79407,5.0
79408,6.0
79409,7.0
79410,2.1
79413,3.1
79414,6.0
69412,1.1
69422,2.0
69438,"2,3,4,"
69489,1.0
69492,1.0
69497,2.0
69498,5.0
69499,8.0
69500,11
69501,1.0
58186,2.0
28998,Façade Nord
28999,Façade Ouest
29000,Façade sud-est
29001,Pos.3.0
29002,Pos.5.0
80028,10
80029,Pos. 1.2
80030,Pos. 1.3
80069,1.0
80071,2.0 + 4.0
80072,2.1 + 4.1
80073,5.0
80074,5.5
80075,6.0
80077,8.0
79470,1.0 / 3.0
79473,2.0
79474,4.0
79475,Pos 1
79476,5.1
58233,Pos.2.0
58372,1.0
58378,1.1
58407,Pos.3.0
79485,Pos. 1.2
80127,Pos. 1.0 + 1.5
69529,3.1
69531,2.4
58430,22
58431,22.1
58443,1.0
58444,7.0
58448,10.0
58449,10.0
58450,16.0
58452,1.0
58469,1.0
58672,12.1
69652,2.0
29154,3.0
29155,1.0
29156,3.0
29158,1
29163,1.0
79661,4.0
79662,4.1
79772,50.0
79775,10
79776,20
79792,1.0 + 2.0
79793,17.1
49135,5.0
49136,6.0
49137,7.0
49138,1.0
49139,1.0
49140,Pos.1.0
49141,Pos.2.0
49142,Pos.3.0
49255,2.0
49256,1.0
49327,4.0
49329,5.0
49333,3.1
49339,1.0
49340,2.0 + 3.0
49349,1
49350,2
49384,Pos.4.0
49395,4.0
49396,6.0
49397,7.0
49410,11.0
49412,13.0
49414,16.0
49419,1
80190,6.0
69667,3.0
69672,4.0
69674,2.0
69676,Pos 2.0
69678,1.0
69679,3.0
69680,4.0
69685,40
69686,40
69687,42
69688,42
69696,Pos. 2.0
80256,2.0
29078,1.0
29094,1
29095,Pos.1.0
29136,1.0
29137,2.0
29138,3.0
29146,1
29147,3
29148,4
29149,5
29150,1.0
29151,2.0
58704,3
29387,1.0
29390,1.0
29391,2.0
79501,9.0
79587,1.1 + 5.1
79610,Pos. 2.0
69790,position 14
69794,8.0
69807,5.0
69812,50
69846,11.01
69849,7.0
58716,2
58717,"3 , 4, 5"
58718,3.1 + 5.1
58720,1.0
79800,2.0 - 4.0
79801,7.0 + 8.0
79830,1.0
79831,1.0
79836,2.0
79839,1.0
79840,3.0
79841,7.0
79843,1.0
79845,2.2
79846,4.4
79847,3.2
79853,1.0
79854,1.0
79855,Pos 5
80285,1.0
80287,Punkt/Balken
80288,Krone
80291,Pos. 4.0
80296,1.0
80316,4.0
80318,6.0
80320,1.0
80322,2.0
69858,10.1
69859,70.1
80325,5.0
29505,1.0
79870,1.0
79872,4.0
79873,10.0
79878,5.0
79879,5.0
79882,2.0
79883,2.0
79886,3.0
79887,3.0
79890,5.0
79891,1.0
79892,2.0
79893,3.0
79894,4.0
79895,5.0
79896,6.0
79897,3.0
79898,4.0
79899,1.0
79900,2.0
79901,3.0
79902,4.0
79903,2.1
79904,2.2
79905,5.0
79906,3.1
79907,1.0
79908,2.0
79909,3.0
79910,4.0
79999,1.1
80001,3.1
69949,1.0
80002,4.1
69950,2.0
69951,3.0
69952,4.0
69953,5.0
69954,2.0
69955,4.0
69961,12.0
69962,13.0
69963,1.0
69964,3.0
69965,5.0
69966,6.0
69967,7.0
69968,8.0
69969,9.0
58766,2.1
58822,100.0
58850,4
80353,20.0
80354,25.0
80377,2.0
69970,10.0
69971,11.0
69972,1.0
69973,7.0
80378,1.0
58864,2.0
58866,1.0
58873,1
58874,2
58935,1a
58936,1b
58937,1c
58938,2a
58939,2b
58940,3a
58941,4a
58942,4b
58943,5a
58944,5b
58945,6a
58946,6b
58947,7a
58948,7b
90003,110
58949,8a
58950,8b
58951,9a
58952,10a
58953,11a
58954,3.0
59060,2.0
59103,Pos. 1.0
80434,Pos. 1.1
80435,1.0
80436,2.0
80437,4.0
29597,Pos. 1.0
29598,Pos. 2.0
29601,2.0
80456,1.0 + 2.0
80457,3.0
80473,3.0
80475,1.1
80477,1.1
80480,Pos. 6.0
80484,Pos. 4.0
80510,Pos. 4.0
80516,6.0
90222,1.0
90135,4.0 Entrance
90144,2.0
90185,1.0
90186,2.0
90187,3.0
90188,4.0
80517,6.1
100031,1.0+2.0
59104,Pos. 2.0
59105,2.5
59111,1.0
59112,2
59113,3
59115,9.0 / 10.0
59134,3.0
100113,Pos. 1.0
100176,1.0
100266,25.0
100291,Pos. 5
80561,3.0
80563,2.0
80564,6.0
80565,7.0
80585,2.1
80586,5.0
80587,2.0
80588,3.0
80589,4.0
80591,8.0
80593,2.1
80596,4.0
80597,3.0
80600,1.1
80601,2.0
80602,3.1
80603,3.1
80604,2.1
80605,3.1
80606,4.1
80607,3.0
80608,2.1
80609,4.0
80610,3.1
80611,3.1
80614,1.0
80615,2.0
80616,1.1
80626,2.0
80627,3.0
80629,1
90242,1.2
90245,2.2
90315,1.0
90446,4.0
80632,1.0
80633,1.0
80634,1
80638,2.0
80639,1.0
80650,1.0
80651,1.0
80715,Pos. 12.0 + 20.0
80728,1.4
80729,5.0
80733,2.0
80743,3.0
80760,1.0
100292,2.2
100293,3.2
100294,4.2
100295,5.1
100296,1.2
100347,1.0
100350,4.2
100351,8.2
29890,3.0
29791,1.0
29797,3.0
29798,4.0
29799,1.0
29800,2.0
29801,1.0
29802,2.0
29803,2.0
29808,1.0
59332,Pos. 1.0
59333,Pos. 2.0
59334,Pos. 3.0
59336,2-9
59337,2-9
59338,2.5
59339,1
59340,14
59341,13
59342,12.5
59363,2-9
59425,3.0
49709,9.0
49715,1.0
49716,2.0
49723,Pos.2.0
49725,11.0
49726,Pos.1.0
59456,1
49728,Pos.1.0
59458,11
59470,2.0
90475,Pos. 5.0
90479,1.0
90480,2.0
59235,Pos. 1.0
59236,Pos. 2.0
59237,Pos. 3.0
59278,1.1
59282,14.0
59283,17.0
59284,90.0
59287,2.0
59316,4
59319,2.0
80766,1.0
80768,3.0 + 4.0
80770,Pos.1.1
80771,Pos. 1.0
80772,Pos. 1.2
80774,Pos. 3
80775,Pos. 4.1
80776,Pos. 4.2
80777,Pos. 5.1
80778,Pos.6.0
80779,Pos. 4.0
80780,Pos. 7.0
90601,"2.0, 7.0"
59508,2.0
59509,3.0
59510,4.0
59511,5.0
59512,6.0
59513,7.0
59514,8.0
59515,9.00
59516,10.0
59517,11.0
59518,12.0
59519,13.0
59520,14.0
59521,15.0
59522,16.0
59523,17.0
59524,18.0
59525,19.0
59526,20
59527,21
59528,22
59529,23
59530,24
59531,25
59532,26
59533,27
59534,28
59535,29
59536,30
59537,31
59541,3
100420,5.0
100431,2.0
100455,POS. 2
100484,Pos. 1.2
100537,2.0
80843,Pos. 1.0
80844,Pos. 1.1
80845,Pos. 2.0
80846,Pos. 2.1
80854,1.0 + 3.0
80963,2.0
80964,3.0
80965,4.0
80966,5.0
90642,4.0 / 5.0
59547,2.0
59554,1.0
59567,12
59595,2.0
59596,0.5
100625,5.0
100626,1.0
100723,2.0
80967,5.5
80968,6.0 - 6.3
80969,7.0
81002,13.0
81003,11.0
81039,5.0
81040,5.5
81044,3.0 + 7.0 + 10.0
49805,1.3
49816,4.0
49821,2.2
49825,1.0
49900,8.0
59647,1.2
59664,2.0
59672,1.0
59673,2.0
59676,5.0
59677,6.0
49744,3.0
49746,4.0
49747,1
49748,Pos. 76
49750,1.0
49760,2.1
49766,1.0
49791,Pos 40 & 50
49924,1.0
49926,2.0
59678,7.0
59679,8.0
49928,3.0
100724,3.0
100725,4.0
100726,5.0
100727,6.0/7.0
100728,8.0/9.0
100729,1.0
100730,2.0
100732,1.0
100733,2.0
100734,3.0
100735,1.0
100736,2.0/3.0
100737,4.0
100738,5.0
100739,1.0
100740,2.0
100741,3.0
100742,4.0
100743,5.0
100744,1.1
100745,2.0
100746,3.0
100747,1.0 (2 Stk.) / 2.0 (1 Stk.)
100748,3.0
100749,1.0
100750,2.0
100751,3.0
100752,4.0
100753,5.0
100754,1.0
100755,2.0
100756,3.0
100757,4.0
100758,1.0
100759,2.0
100760,3.0
100761,4.0
81080,1.0-4.0
100762,5.0
100763,1.0
100764,2.0
100765,3.0/4.0
100766,1.0
100767,2.0
49947,Pos 1.0
100768,3.0
100769,4.0
100770,1.0
100771,1.0
100772,2.0
100773,3.0
100774,4.0
100775,5.0
100776,6.0
100777,1.0
100778,2.0
100779,3.0
100780,4.0
100781,1.0
100782,2.0/3.0
100783,4.0
100784,5.0
100797,1.0
100798,2.0
100799,3.0
100800,4.0
100801,5.0
100804,1.0
100805,2.0/3.0
100806,4.0
100807,5.0
100808,6.0
100809,1.0
100810,2.0
100811,3.0
100812,4.0
100813,1.0
100814,2.0
100821,1.0/2.0
100822,3.0
100823,4.0
100832,3.0
100834,6.0
49948,1.0
49957,23.0
49958,Pos. 4.0
49959,Pos. 3.0
49968,30.0-39.0
49969,7.0
49970,5.0
49971,5.0
49972,51.0
49973,52.0
49974,52.0
81087,2.0
81097,3.0
81099,1.0
81105,3.0
81106,3.5
81107,4.0 + 4.1
81108,5.0
81113,1.0
81114,2.0
81143,Pos. 1.0 + 1.5
81150,2.0
81161,4.0
59715,1.2
59716,1.0
59745,1.0
59770,1.0
59778,13.0
59779,1.0
59780,2.0
59781,3.0
59782,4.0
59783,5.0
100836,1.0
100839,31.2 / 31.3
100840,21.0
100841,21.0
100842,23.0
100845,1.7
100846,1.0
100847,1.0
100848,1.0
100849,1.1
100850,Pos. 1.0
81268,1.0
59796,4.0
81253,1.0
81254,Pos 4
81255,Pos 5
81256,Pos 2
81257,Pos 3
81258,4.2
81259,4.3
59825,1.0
100864,2.0
100865,3.0
100924,1
59855,1.0
59880,10.0
59882,11.0
59891,2.0
59892,2.1
59897,21.0
59898,22.0
59899,20.0
59900,23.0
100956,2.0
100957,3.0
100958,4.0
100980,2.0
100992,1
100993,2
100994,3
100995,1.0
100996,1.0
101016,1.0
101020,Pos. 1
101029,Pos. 1.0
81269,1.0
81270,2.0
81271,3.0
81272,4.0
81273,5.0
81274,6.0
81275,7.0
81276,8.0
81277,9.0
81281,1.0
81282,2.0
81283,4.0
81357,Pos. 1.0
81359,3.0
81361,1.0-4.0
81362,Pos: 1.0
81363,Pos: 2.0 - 4.0
81367,1.0
81375,Pos 6
81383,1.1
81397,11.0
81398,11.2
81399,11.3
81400,12.0
81401,12.1
81402,12.2
81403,6.0
81404,6.1
81407,11.1
81409,5.1
90917,1.0
90890,2.0
101223,1.0
101224,2.0
101225,3.0
101226,1.0
101227,2.0
101230,1.0
101231,2.0
101232,3.0
101233,4.0
101245,1.0
101250,2.1
101251,3.0
101252,4.0
101253,5.0
101254,6.0
101255,7.0
101256,8.0
101258,3.1
101259,4.0
101260,5.0
101265,4.0
81427,9.0-12.0
81428,2.1
81429,3.0
81430,6.1 / 6.2
81431,7.0 / 8.0
81432,9.0
81433,10.0
81438,Pos. 4.0
81486,4.0
81487,4.5
81488,5.0
81489,6.0
81490,7.0
81491,8.0
81492,1.0
81513,Pos. 4.0
81516,1.0
59910,1.0
59991,3.2
101383,1.0
101384,2.0
101385,1.0
101386,2.0
101387,1.0/2.0
90963,Pos. 2.0
90965,Pos. 3.0
90973,3.0
90982,10_12
81562,5
81563,Pos. 11.0
81564,Pos. 31
81570,4
81578,3
81584,2
81594,1
101266,5.0
101267,6.0
101268,7.0
101269,1.0
101270,2.0
101271,2.1
101277,1.0
101282,2.0
101291,Pos. 3
101292,Pos. 4
101294,2
81608,4.0
91016,8.0
81627,6.0
101388,3.0/4.0
101389,5.0
101390,6.0 (1 Stk) / 7.0 (2 Stk) / 8.0 (1 Stk.)
101391,9.0
101392,10.0
101393,11.0
81706,Pos. 13.1.1
101394,1.0
101395,2.0
101407,1.0
101408,2.0
101409,3.0
101410,4.0
101411,1.0/2.0
101412,3.0/4.0
101413,5.0
101414,6.0
101415,7.0/8.0
101416,9.0
101417,1.0
101418,2.0
101419,3.0
101420,4.0
101421,1/2/3
101427,1.0
101428,2.1
101429,3.0
101430,1.0
101431,2.0
101432,3.0
101433,4.0
101434,5.0
101435,6.0
101436,1.0
101437,2.0
101445,6.0
101446,10.0
101447,8.0 / 9.0
91206,1.0
91207,2.0
91212,3.0
91187,30_01
81715,Pos. 1.0
81716,Pos.111.1
81717,Pos.112.1
91221,3.1
81763,Pos. 2.0 + 3.0
81780,5.0
81781,5.1
81782,5.5
81783,6.0
101511,1.0/2.0
101512,3.0
101513,4.0
101514,5.0
101515,3.0
101516,4.0
101517,1.0
101518,2.0
101519,3.0
101520,1.0
101521,2.0
101522,3.0
101523,4.0
101524,1.0
101525,2.1
101526,3.0
91226,1.0
91228,3.0
91230,4.0
91253,2.0
91280,1.0
91281,1.0
91282,1.0
91283,1.0
91284,2.0
91285,1.0 + 2.0
91286,1.0
91287,2.0
91302,Pos. 5.5
81796,10
81938,4.0
91306,1
91307,3
91308,3
91377,M1
91378,M4
91379,D1
91380,D2
91381,D3
91382,D4
91383,D5
91389,D6
91392,M5
91398,Pos. 30.5
91418,Pos. 2
91419,Pos. 2
91424,Pos. 1.1
91427,1.0
91428,2..0
81968,3.0
81969,3.5
81970,4.0
81971,5.0-5.2
81982,2.0
81983,2.1
82016,5.0 + 5.1
82017,6.0
82018,7.0
82020,9.0
82021,10.0
82026,5.0
82027,5.5
82028,6.0
91566,1.0 / 2.0
91567,1.0 / 2.0
82141,1.0
82142,4.0
82143,9.0
101554,GW
101557,1.0
101558,2.0
101560,4.0
101561,5.0
101562,6.0
101563,9.0
101564,10.0
101566,11.1
101568,32.0
101604,1.0
101605,1.1
101606,1.0
101613,10.0
82030,8.0
82031,9.0
82114,Pos. 1
82115,1.0
82116,230 / 231
82120,1.0 + 3.0
82121,1.0 - 4.0
82123,1.0
82124,3.0
82125,1
82127,2
82128,170
82132,2.1
82133,3.1
82156,6.0
82157,6.1
82158,6.2
82159,6.5
82160,7.0
82161,8.0
82162,9.0
82163,6.0
82164,7.0
82165,8.0
82175,1.0
82177,4.0
82178,5.0
82179,5.1
82180,5.5
82181,6.0
82182,7.0
82184,1.0
82185,1.0
82186,1.0
82188,2.0 + 4.0
82189,2.1 + 4.1
82190,2.2 + 4.2
82195,1.1
101614,24.0
101694,6.0
101696,9.0
101697,9.1
101698,13.0
101699,13.1
82238,1.1
82239,4.0
82240,5.0
82241,4.1
82258,5.0
82296,1.3
82298,7.0
82299,7.1
82300,8.0
82301,9.0
91725,1.0
91727,4.0
82318,1.1
82332,5.0
82333,7.0
82379,2.0 + 3.0
91776,Entrance
91847,1.0
91849,3.0
82413,1.1
101935,1.0
101939,3.0
101940,12.0
101941,23.0
101942,2.0
101943,6.0
101945,2.0
101946,1.0
101947,1.1
101949,2.0
101950,1.0
82469,17.1
82470,17.1
101951,1.0
101952,7.0
101964,1.0
101965,2.0
101967,1.0
101995,1
92023,31.0
92026,20.0 - 20.3
92027,20.0 - 20.3
92040,1.0
82480,1
82481,2
82483,4
82505,LED für LT (gross) hängend
82506,Konverter für LT (gross) hängend
82531,1.0
82532,3.0
92099,1.0
92104,20.0 - 20.3
92105,20.0 - 20.3
92108,210
92126,Pos. 1.0 +2.0
92129,1.0
92130,1.0
92135,Professional
92153,5.1
102041,5.2
82670,1.0
82671,2.0 + 3.0
82672,2.5 + 3.5
92160,1.0
82673,4.0
82691,1.0
82716,1.0 + 2.0
82717,3.0
82718,3.5
82725,3.1
82726,5.1
82743,1.1
82744,2.1
82745,2.0
102071,5.0
102075,3.1
102164,2.0
102166,7.0
102167,8.0
102170,1.1
92271,1
92272,2
92273,2
92274,3
92275,4
92276,5
92277,6
92278,7
92279,8
92280,9
92281,10
92282,11
92283,12
92284,13
92285,14
92286,15
92287,16
92288,17
92289,18
92290,19
92291,20
92292,21
92293,22
92294,23
92295,24
92296,25
92297,26
92298,27
92299,28
92300,29
92301,30
82748,2.0
82756,1
82757,Pos. 2.0
82760,2.0
82765,1.0
82803,1.0
82816,1.0
102289,2.5
102292,30.5
102293,30.5
102295,2.5
102299,2.5
102300,2.0
102301,2.5
102302,2.0
102303,2.5
102305,2.5
102307,20.0
92302,31
92303,32
92304,33
92305,34
92306,35
92307,36
92308,37
92309,38
92310,39
92311,40
92312,41
92313,42
92352,2.1/2.2
92360,4.0
92361,5.0
92362,6.0
82897,3.0
82902,2.0 + 3.0
82975,5.0
102353,11.0
102360,1.0
102413,1.0
102414,2.0 / 3.0
102437,1.1
102438,2.1
102464,1
102465,3.0
102466,4.0
102467,6.0
102468,11.0
83004,1.0
83005,2.1
83103,3.0 + 7.0 + 10.0
92404,28
83179,3.1
83219,1.0
102535,2.0
102536,2.0
102537,2.0
102538,4.0
102539,4.0
102540,4.0
102541,4.0
102542,1.1
102544,2.0
102545,3.0
102546,1.0
102547,2.0
102548,3.0
102549,2.0
102550,2.0
83245,3.0
83322,111.0
83326,1.0
83336,1b / 1c
83341,5.0
83342,6.0
83343,9.0
83344,12.0
102551,3.0
102603,2
92542,3.0
92544,2.0
92546,4.0
92548,3.0
92565,5
92567,8
92569,7
92571,4.0
83345,14.0
83346,1
83364,1.0
83393,20.0
83402,1
102766,1.0
102801,11.2
92601,Pos. 1.2
92633,3.1
83486,1.0
83490,Pos. 1.0
83492,1.0
83493,1.5
83494,110
83498,1.0
83499,1.0
83500,1.0
83544,VAR. B
102894,2.0
102908,2.0
102909,3.0
102913,10
102917,40.0
102919,1.0/2.0
83605,100
83606,210
83607,260
83608,330
83704,5 + 11F
83708,1.0
83709,2.0
92718,1.0
92730,Pos. 4.0
92731,Pos. 1.0
92732,Pos. 1.0
92737,20
92774,1.0
92793,2
92795,1.0
92796,1.0
92797,1.0
92798,1.0
92799,1.0
92800,1.0
92801,1.0
92802,1.0
92803,1.0
92804,2
92805,Variante 1
83767,100.6
83768,101.6
102950,4.1
83853,4.0
83855,5.0
83857,3.1
83897,"Convertisseur pour ""Pharmacie"""
83907,3.0
83908,4.0
83909,7.0
83910,8.0
83911,10.0
83912,13.0
83913,19.0
92940,2.0 + 3.0
83914,20.0
83915,11.0
83916,2.0
83917,5.0
92978,Pos. 1
83918,4.0
92979,Pos. 2
92980,1.1
103062,1.0
92987,1.0
92991,2.0
92992,3.0
92993,3.5
93005,Pos. 5.1
93011,6.0
93013,1.1
93015,2.0
93017,3.0
93019,3.1
93021,4.0
93023,5.0
93025,5.1
93027,7.0
83938,8.0
83995,Pos. 8.0
83997,Pos. 3.0
84007,2.0 + 2.1
84009,3.1
103063,1.1
103064,1.2
103065,2.0
103066,2.1
103086,1.0
103121,Pos. 1
84011,4.0
84026,2.0
84027,2.1
84028,3.0
93054,2.0
93056,3.0
93058,4.0
103158,24.0
103193,1
103194,2
93060,5.0
103195,3
103196,4
93062,6.0
103197,5
103198,5
103199,6
103200,7
103201,8
103202,8
93064,1.0
93066,5.0
93068,2.0
93070,4.0
93072,3.0
84106,1.0
84107,Pos. 1.0
84108,Pos. 2.0
93074,1.0
93076,5.0
93078,4.0
93080,2.0
93082,3.0
93084,6.0
93090,8.0
93092,4.0
93094,3.0
93097,6.0
93099,5.0
93101,7.0
93103,2.0
93105,1.0
93107,3.0 + 4.0
93109,5.0
93111,2.0
93113,2.0
93115,3.0
93117,2.0
84110,121
84116,130
103218,4
103220,Pos 1.0
103225,Pos. 1.0
93119,1.0
93121,8.0
93123,7.0
93125,6.0
93127,5.0
93129,Pos. 3.0 + 4.0
93131,2.0
93133,1.0
93135,2.0
93137,1.0
93139,8.0
93141,7.0
84180,Pos. 5.0
93143,6.0
93145,5.0
93147,4.0
93149,3.0
93151,2.0
93153,1.0
93155,9.0
93157,3.0
93159,2.0
93161,1.0
93163,4.0
93165,3.0
93168,2.0
93170,4.0
93172,3.0
93174,1.0
93176,3.0
93178,2.0
93195,2.0
93197,2.0
93199,1.0
93201,2.0
93203,3.0
93205,1.0
93209,4.0
84193,1.0
84194,1.0
84213,Pos. 3.0
84215,2.4
84218,Pos. 4.0
84245,2.0
84431,2.0
84433,3.0
84435,2.0
103273,10.0
103275,2.0
103277,3.0
93211,2.0
103279,3.1
93213,10.0
93217,9.0
103281,5.0
93219,8.0
93221,7.0
93223,6.0
93225,5.0
93227,4.0
93229,3.0
93231,6.0
93233,5.0
93235,4.0
93237,3.0
93239,2.0
93241,5.0
93243,4.0
93245,3.0
93247,2.0
93249,1.0
93251,4.0
93253,3.0
93255,5.0
93257,2.0
93259,5.0
93261,2.0
93263,1.0
103283,6.0
103285,7.0
103293,1.0
103307,1.0
103437,11
84446,1.0
84480,1.0
84500,1.0
84519,3.0
84532,5.0
84533,5.0 / 6.0
84534,4.0
84545,5.0
93265,3.0
93267,4.0
93269,5.0
93271,4.0
93273,3.0
93275,2.0
93277,1.0
93279,2.0
93281,3.0
93283,4.0
93285,6.0
93287,5.0
93289,3.0
93291,2.0
93293,4.0
93295,2.0
93297,3.0
93299,3.0
93301,2.0
93303,4.0
93305,3.0
93307,2.0
84566,1.1
84597,200
84598,1.0 + 2.0
93309,1.0
93311,4.0
93313,5.0
93315,6.0
93317,4.0
93319,3.0
93321,2.0
93323,5.0
93324,1.0
93325,2.0
93326,3.0
93327,4.0
93328,5.0
93330,6.0
93332,2.0
93334,1.0
93336,2.0
93338,3.0
93340,1.0
93342,11.0
93344,10.0
93346,9.0
93348,8.0
93350,6.7
93352,6.0
103483,10
93354,5.0
93356,4.0
93358,3.0
93360,7.0
93362,2.0
93364,3.0
93366,4.0
93368,5.0
93370,6.0
93372,7.0
93374,7.7
93376,7.0
93378,6.0
93380,5.5
93382,1.0
93384,5.0
93386,2.0
93389,5.1
93391,3.0
93393,7.0
93395,5.0
93397,6.0
93399,4.0
84642,15.0
84644,1.0
84645,3.0
84646,5.0
84647,6.0
84648,7.0
84649,9.0
84650,2.0
84651,4.0
84652,8.0
84670,1.0
84680,201 - 204
84683,3.0
84684,3.0
84685,Pos. 1.0
84686,Pos. 2.0
84689,1.0
103637,1
93401,4.0
93403,3.0
93405,2.0
93414,10.0
93449,Pos. 1.0 / 2.0
93453,2
93465,24.0
93500,7.0
93502,7.0
84745,Pos. 1.3
84768,4.1
84822,1
84823,1.0
84824,2.0
84825,3.0
103727,4.0
103728,6.0
103729,10.0
103730,3.0
103731,4.0
103732,5.0
103806,2.2
103807,3.2
93536,210
93538,Pos. 6.0
93628,1
93630,2.0
93631,1.0a
93632,1.0b
93634,3
93635,31.0
93657,5.0
93700,1.0
93701,2.0
93706,1.0
84827,5.0
84842,Pos. 15.1
84843,Pos. 35.1
84844,Pos. 15.1
84845,Pos. 35.1
84846,1a
84848,1d
84850,1.0
84851,3.0
84852,4.0
84853,1.0
84854,1.0
84870,1.1
84871,2.1
103847,1
103848,1.0
103858,Pos. 1.0
103859,1.0
103860,1.1
103884,4.0
103885,5
103933,2.0
103960,3.2
84945,4.0
84946,4.0
84947,5.0
84948,6.0
84952,Pos. 13.1
84953,110 / 112 / 113
93760,Pos. 4.0
93762,Pos. 3.0
93789,7.0
93849,2.1
103969,30.6
103971,30.5
103993,1.0
103995,9.0
85062,5.0
85088,3.0
85089,3.0
85091,3.1
85092,1.0
85093,1.1
85094,2.0
85095,2.0
85096,3.0
85097,3.1
85099,2.0
93955,Pos 30.5
94012,4.0
94065,1.1
94070,17.0
94075,1.0
94076,2.0 + 3.0
85100,4.0
85101,4.1
85102,4.0
85103,5.0
85105,2.0
85106,2.1
85107,2.0
85108,3.0/4.0
85109,3.0
85110,2.0
85112,3.0
85113,4.0/5.0
85114,4.1
85115,4.1
85117,3.1
85118,3.1
85119,2.0
85120,2.0
85121,2.1
85122,2.1
85123,3.0
85124,3.1
85125,5.0
85126,1.0/2.0
85127,3.0
85128,1.0
85129,6.3
85130,1.1
85131,5.0
85132,11
85179,6.3
104201,7.0
104219,Pos. 1.0 + 1.5
104241,H
94136,Pos. 3.0
94213,Pos. 3
94239,Pos. 1.0
85249,3.0
85250,2.0
94248,Pos. 4.0
94249,3.0
94250,2.0
94260,4.0
94261,Pos. 9.0
94263,20.1
94340,1.0
94431,Pos. 2.0 + 7.0
94433,Pos. 3.0 + 8.0
94438,1.0
104291,1.0
104303,1
104304,2
104311,3.0
104312,3.2
104315,20
104316,10
104320,1.0
104324,2.0
104332,7.0
94442,1.0
94444,2.0
94446,3.0
94463,Pos. 2.0
94465,Pos. 3.0
94476,2.0
94488,Pos. 1.0
94489,Pos. 2.0
94498,5.0 / 7.0
104365,4.0
94570,2.0
94572,3.0
94574,4.0
94576,5.0
94601,1.0
94680,1.1
85492,1.0
85520,4.0 / 5.0
85543,1.0
85544,1.1
85551,9.0
85552,11.0
104501,30.5
104587,2.0
104589,3.0
104590,Pos. 1.2
104592,1.0
94767,4.0 Entrance
94795,Pos. 1.2
94816,1
94818,Pos. 30.1
94819,Pos. 30.2
94820,Pos. 34.1
94821,10_06 / 10_08
94822,10_13
94823,10_14
94829,4
94830,4.1
94834,10_12
94916,2.0
94922,2.1
104819,1.0
104835,1.2
104840,7.0
104842,1.0
104843,2.0
104846,30.0
85756,1.0
85767,Pos. 3.0
85785,Pos. 3.0
85786,Pos. 1.0
85850,1.1
85851,1.1
85852,3.1
85853,5.0
85855,10
85908,4.0
94978,6
94980,8
94981,1.0
94982,6.0
94983,6.1
94984,20_01
94985,20_03 / 20_04
104847,30.5
104883,1.0
85910,Pos. 15.0
85986,Pos. 8.0
86016,1.0.
86017,2.0
95013,02
95021,6.0
95023,7.0
95025,8.0
95027,9.0
95029,10.0
95035,1.0 / 1.1 / 1.2
104909,1.0
104914,1.2/2.2
104915,20
104916,10
104919,1.0
104923,32.3
104924,23.3
104925,3.0
104926,5.0
104927,8.0
104928,14.0
104929,3.0
104933,3.0
104936,10.0
104938,9.0
86047,3.0
86088,1.0
86089,2.0
86090,3.0
86091,4.0
86092,1.0/2.0
86093,1
86094,2
86097,1.0
86098,8.0
86100,Pos. 1
86101,Pos. 2
86102,1.0
86106,1.0
95079,2.0
95089,Pos. 5.2
95091,Pos. 6.1
95092,Pos. 6.2
105019,1.0
105020,1.2
105021,2.2
105022,6.2
105058,17
105059,20
105060,25
105061,30
105062,35
105063,36
105064,37
105075,10
105076,10
105082,1.0
105083,1.0
105084,1.0
105112,10
95099,02.02
95121,2.0
95122,3.0
95123,3.0
86124,Pos. 1
95156,Pos 1
95165,A
95182,Pos. 6.0
86193,1.0
86214,6.0
86348,Pos. 3.0 + 6.0
105279,3.0
105354,5.0
95216,Showroom
95222,1
95240,10_08
105365,3.0
105396,10.1 - 10.20
105397,10.2 & 10.5
105398,10.1 - 10.20
105438,4.0
105440,4.06
95265,4.3
95267,8.3
95269,9.0
86474,1.0
105442,7.01
105444,3.0
105446,20.0
105448,8.0
105450,6.0
105454,1.0 I 2.0
105473,20.0
105474,21.0
105475,22.0
95399,1.0
95403,2.0
86552,Pos. 2.0
86557,Pos. 5.0
86558,Pos. 2.0
86559,Pos. 3.0
86560,Pos. 4.0
86579,2.1
86580,Pos. 7.0
86582,1.1
86583,Pos. 1.0 + 1.5
86591,3.1
86608,Pos. 6.0
86634,Pos. 2.0
86636,Pos. 1.0
95446,30.1
95447,2.0
95448,3.0
95449,4.1
95462,4.0
105688,4.2
105691,2.1
95497,1.1
95498,10.2
95500,1.0
95514,5.6
95694,1.0
95700,Pos 2
95701,Pos 3
95702,4.0
95703,1.0
105755,4.01
105789,1.0
105793,4.05
105794,6.0
105796,1.0 I 2.0 I 2.1
105797,13.0
105799,12.0
105800,10.0
105801,11.0
105875,20
86766,5
86768,Pos. 1.0
86770,10
86776,Pos. 6.0
86841,10.0
86842,1.0
105882,20
105889,20
105897,20
105904,20
105918,20
105923,20
95704,1.0
95710,2.5
86910,1.0
86915,6.0
86942,30.1
95860,1.0
95862,1.0
105930,20
105984,Pos. 2.0
106019,2.1
106023,5.0
106024,9.0
86999,1.0
87010,1.0
87011,1.1
87012,2.0
95998,Pos 4
95999,5.0
96007,3.0
96008,4.0
96014,3.0
96015,4.0
106026,1.0
106027,1.1
106044,3.0
106047,Pos. 6.0
106090,Pos. 2.0
106147,22.0
106154,11.0
106155,7.5
106156,8.5
106157,7.0
106223,3
87129,1.0
87130,1.01
87132,2.0
87133,1.1
87134,2.1
96077,1.0
96081,2.0+3.0+4.0
96082,2.5 + 4.5
96087,Pos. 5
96094,Pos 3
96101,1.0
96103,2.0
106240,23.0
106242,21.0
106297,Pos. 9.0
106351,4.0
106352,4.2
106353,5.2
106354,6.2
106355,9.4
106356,10.4
87305,Pos. 1.0
87331,1.4
87341,6.0 - 6.2
87448,1.0
87455,1.0
87456,2.0
96107,Pos. 2.0
96130,1.0
96133,1.0
96134,210
96144,12.2
96154,2.0
96155,3.0
96156,1.0
106357,9.2
106358,10.2
106359,4.4
106360,5.4
106361,6.4
106362,13.0
106363,9.6
106364,10.6
106450,5.1
106451,8.1
106529,1.0
106531,1.0
87484,10.1/10.2
87555,Pos. 3.0
87575,Pos. 1.0 + 1.5
87577,1.0
87578,2.0
87584,2.0
87585,4.0
96157,0.5
96160,8.0
96162,1.0
96163,1.0
96164,5.0
106621,4.0 / 6.0
106698,Pos. 1-2-3
106779,1.0
106855,2
87597,1.0
96231,Pos. 3.0
96249,6.0
96317,B
106895,1.0
106908,1.0
106911,1.0
106918,3.0
106919,3.1
106920,3.2
106921,3.3
106922,3.1
106923,3.2
106924,3.3
96491,2
96501,4.0
96506,4.0 / 6.0
96605,1.0
96606,9
87724,5.0
87725,2.0
87771,7.0
87775,8.0 + 8.1
87777,9.0
106983,5.0
106984,5.1
106985,14.0
106986,14.1
106987,20.0
106990,1.0/2.0
106994,2.0
106995,2.2
106996,2.3
106997,2.4
106998,1.0
106999,3.0
107000,3.2
107001,3.4
107046,8.2
96708,2
96720,Pos. 1.1
107133,1
107150,4.0
107152,2.0 /3.0
107162,Pos. 7.0
107184,Pos 8.0
87779,7.0
87781,6.5
87783,8.0 + 8.1
87842,10.0
96753,Pos.1.1
96792,1.1
96843,1.0
96844,5.0
87884,2.1
87895,5.0
87896,8.1
87929,2.0
87930,3.0
87931,4.0
87932,5.0
107210,Pos. 1.0
96873,Pos. 1.0
96875,10_12
96891,Pos. 1.0 + 1.5
96894,Pos. 1.0 + 1.5
96897,Pos. 1.0 + 1.5
107289,1.1
107316,5.0
107326,1
107336,9.1
150087,1.0
150088,2.0
150624,4.2
87956,1.4 / 2.4
87958,1.0
88001,Pos. 40.0
88034,1.0
88047,1.0
96917,1
96918,3
96919,4
96920,6.0
96930,2.0
96993,1.0
97062,1.0
97064,204.1
88048,1.5
88049,1.8
107463,3.0
107464,2.0
107465,3.0
107466,4.0 / 6.0
107468,1.0
107469,10.1
107470,11.1
97068,1.0 & 2.0
97069,Pos. 3.0 + 4.0
97070,Pos. 5.0
97075,1.0
88187,1.0
107527,1
107638,7.0
97120,10
97121,20
97122,20
97125,1.0
97126,2.0
97127,3.0
97128,5.0
97129,6.0
97130,7.0
97131,8.0
97203,H
97206,1.0
97207,2.0 + 3.0
97208,4.0
97233,6.0
107653,1
107655,4.2
107665,2.0
107666,1.0+2.0
107675,1.0
107677,1.0
88223,Pos. 1
88235,2.1
88246,3.0
88258,4.0
88260,1.0
107727,3
107833,3.3
97394,1.0
97404,1.0
97406,Pos. 2.0
88262,3.0
88264,5.0
88268,2.0
88269,3.0
88277,2
88278,3
88285,1.0
88331,1.0
97455,1.2
97457,3.0
97459,4.0
97520,1.0
97540,1.0
107899,2.0
107901,1.0
107906,1.0
146205,7.0
107919,1.0
107925,1.0
107941,2.0
107954,190
107979,5.0 / rep.
88412,Pos.2
88415,Pos. 1
88547,Pos. 9.0
88548,1.0
88551,Pos. 3.0 + 5.0
97586,Pos.3
97601,35.5
97625,1.0 / 2.0
97626,3.0 / 4.0
97627,5.0 / 7.0
88561,3.0
88641,1.0
108155,GW
108156,GW
108192,10
108193,11
108194,20
108195,30
108196,31
97750,2.0
97751,3.0
97752,7.0
97753,8.0
88666,6.1
88667,8.0
88668,9.0
88669,10.0
88670,1.0
88672,7.0
88695,30.0 - 30.22
108346,20.0
108403,2.0
108404,2.0
108419,Pos.1.1
108420,Pos. 1.0
97754,9.0
97755,10.0
97756,2.0
97758,1.0
97759,1.0
97760,5.0
97761,7.0
97764,1.0
97765,4.0
97768,5.0
97770,3.0
97771,3.0
97774,5.0
97775,5.0
108422,110a/b
108444,1.0
108599,2.0
88776,3
88870,5
88873,2
88874,7.1
88888,3+6
88890,1
88891,1.0
88892,1.5
88910,6.1
88920,3.0
97828,20
97872,1.0
97873,2.0
97874,3.0
108673,18
108674,18
108675,19
88921,11+12
88923,Pos. 11.0
88925,Pos. 10.0
88936,3.0
88937,7.0
97882,1.2
97883,2.2
97888,1.1
88998,Pos. 1.0 + 1.5
89010,Pos. 1.0 + 1.5
89020,1.3
108858,6.0
108901,1.0
89075,5.1
89082,210.0
89086,2.0
89087,1.0+2.0
89096,Pos. 5.0
89098,Pos. 6.0
109103,10
109104,11
109105,20
109106,30
109107,31
109110,1.2/2.2
109111,31
109112,31
109116,30
89141,1.0
89142,2.0+3.0+4.0+5.0
109178,4.01
89173,4.0
89174,5.0
89196,7.0
89209,2.0
89238,1.1
89243,340
98229,2.0
98239,1.0
98240,1
89262,Pos. 2
89316,3
89318,1.0
98393,1.0
98394,4.0
98395,5.0
98396,6.0
98406,1.0
98407,1.0
98408,1.0
98428,310
98429,5
98431,Pos. 1.0
98456,1.0
89399,2.1
89404,2.0
89405,1.0
89406,2.0
98458,2.0
98501,4.0
89570,9.0
98549,22.0
98550,1
98556,1.0
98557,4.0
98564,1.0
98566,1.0
89605,Pos. 6.0
89607,2.0+3.0+4.0+5.0
89608,2.5 + 3.5
98599,4.0
98600,3.0
98601,5.0
98602,6.0
98603,4.1
98604,3.1
98777,2.0 + 3.0
89633,Pos. 1.0 + 1.5
89636,3.1
89716,5.0
98924,1.0
89781,1.0 / 2.0
89795,2
89796,3
99012,30
89843,2.0
89849,1.0
99028,30-30.1
89913,180
89996,1.0
89997,2.0
89998,3
89999,1.0
90000,2.0
90001,3.0
90002,5.0
99153,1.0
99154,2.0+3.0+5.0
99155,7.0
99250,1.0 / 2.0
99263,20.0
99309,5.3
99388,1.0
99389,2.0+3.0
99416,1.0
99417,3.0
99420,5.0
99421,1.0
99422,4.0 / 6.0
99428,5.0 Leuchttransparent NEU
99429,4.2
99431,1.0
99432,2.0
99433,2.0
99434,3.0
99435,2.0
99440,8.0 / 9.0
99461,4.0
99462,2.0/12.0/14.0
99463,10.0
99464,8.0
99465,14.0
99467,5.0
99468,4.0
99469,10.0
99470,1.0
99471,7.0
99472,11.0
99476,7.0
99538,3.0
99542,8.0
99544,2.0
99546,5.0
99548,1.0
99550,3.0
99552,2.0
99554,2.0
99556,1.0
99665,30
99666,10
99667,15
99668,16
99677,2.5 + 4.5
99678,6.0
99855,1.0 + 2.0
99923,1.0
99924,1.0
99925,1.0
99926,4.0
99927,2.0
99928,4.0
99929,3.0
99930,4.0
99942,1.0
146204,20
145223,1.0
145224,20.0
146238,20.8
150095,1.0
114720,1
114721,2
114722,3
114725,1
114726,1
114727,2
114728,3
114729,4
114730,5
114731,6
114732,7
114733,8
114734,9
114735,10
114736,11
114737,12
114738,13
114739,14
114740,15
114741,16
114742,17
114743,18
114744,19
114745,20
114749,1
114750,2
114751,3
114752,4
114753,5
114754,1
114755,2
114756,3
114757,4
114758,5
114760,1
114761,2
114762,3
114763,1
114764,2
114767,1
114768,2
114776,1
114777,2
114778,3
114779,4
114780,5
114781,6
114782,7
114783,8
114784,9
114785,10
114786,1
114787,2
114788,3
114789,4
114791,1
114792,2
114793,1
114794,1
114795,2
114796,3
114797,4
114798,5
114799,6
114800,1
114801,2
114802,3
114803,4
114804,5
114805,6
114806,7
114809,1
114810,2
114811,3
114812,1
114813,2
114814,3
114815,4
114816,5
114817,6
114818,7
114819,8
114820,9
114827,1
114829,1
114830,6
114831,7
114832,8
114841,1
114842,2
114843,1
114844,2
114845,3
114846,4
114847,5
114848,6
114849,7
114850,8
114854,1
114855,2
114856,3
114857,4
114858,5
114859,6
114860,7
114861,8
114862,9
114863,10
114868,1
114869,2
114870,3
114871,4
114872,5
114873,6
114874,7
114875,8
114876,9
114877,10
114878,11
114879,12
114880,13
114881,14
114882,15
114883,16
114885,1
114886,1
114912,1
114913,2
114914,3
114915,4
114916,1
114918,1
114919,2
114920,3
114921,4
114922,5
114923,6
114924,7
114925,8
114926,9
114927,10
114928,11
114929,12
114937,13
114938,14
114939,15
114940,16
114941,17
114942,18
114943,19
114944,20
114945,21
114946,22
114947,23
114948,24
114949,25
114950,26
114951,27
114952,28
114953,29
114954,30
114955,31
114957,1
114958,2
114959,3
114960,4
114961,5
114962,10
114963,13
114971,1
114972,2
114973,3
114974,4
114975,5
114976,6
114977,7
114978,8
114979,9
114980,10
114981,11
114982,12
115000,1
115001,2
115002,3
115003,4
115052,1
115053,2
115054,3
115055,4
115056,4a
115057,4b
115058,5
115061,1
115062,2
115063,3
115064,4
115065,4a
115066,4b
115067,5
115070,1
115071,1
115072,2
115073,1
115074,2
115075,3
115076,4
115077,5
115078,5a
115123,1
115125,1
115126,2
115128,1
115129,2
115130,3
115131,4
115132,5
115133,6
115134,7
115135,8
115138,1
115139,2
115140,1
115141,1
115142,2
115143,3
115144,4
115145,5
115146,6
115147,7
115148,8
115150,1
115151,2
115152,3
115153,4
115154,1
115155,1
115156,1
115157,1
115158,1
115159,2
115160,3
115161,4
115162,5
115164,1
115165,2
115166,4
115167,5
115168,6
115169,7
115170,8
115171,1
115172,1
115173,2
115174,3
115175,4
115176,5
115177,6
115178,1
115179,2
115180,3
115181,4
115182,5
115183,6
115184,6.1
115185,6.2
115208,1
115209,2
115210,3
115211,4
115212,5
115213,6
115214,7
115215,1
115216,2
115217,3
115218,4
115219,5
115220,6
115221,1
115222,2
115223,4
115224,1
115225,1
115226,2
115227,1
115228,2
115242,1
115243,2
115244,2a
115245,3
115246,3a
115248,1
115250,7
115251,8
115256,1
115257,2
115258,3
115259,4
115260,5
115261,5a
115262,6
115263,6a
115267,1
115268,2
115269,3
115270,4
115271,5
115272,6
115273,7
115274,8
115291,1
115306,1
115307,2
115308,3
115323,1
115324,1
115325,2
115327,1
115328,2
115329,3
115330,4
115331,1
115332,2
115333,3
115334,4
115335,5
115344,1
115345,2
115346,3
115347,4
115348,5
115357,1
115358,2
115364,1
115365,2
115366,3
115367,4
115368,5
115369,6
115370,7
115371,8
115372,9
115373,10
115374,11
115375,12
115376,13
115377,14
115378,15
115383,11
115384,12
115385,13
115386,14
115387,15
115390,1
115391,2
115392,3
115393,4
115394,5
115395,6
115396,7
115397,8
115398,9
115399,10
115407,16
115408,17
115409,18
115410,19
115411,20
115412,21
115413,22
115414,23
115415,24
115464,1
115465,2
115466,3
115467,4
115468,4a
115469,5
115470,5a
115471,6
115472,6a
115474,1
115475,2
115476,8
115477,9
115513,20
115514,21
115515,22
115516,23
115517,24
115518,25
115519,26
115520,27
115521,28
115522,29
115523,30
115524,31
115525,32
115526,33
115529,34
115530,35
115531,36
115532,37
115533,38
115534,39
115535,40
115536,41
115537,42
115538,43
115539,44
115540,45
115541,46
115542,47
115543,48
115544,49
115545,50
115546,51
115547,52
115548,53
115549,54
115550,55
115551,56
115552,57
115553,58
115554,59
115555,60
115565,1
115566,2
115579,1
115580,1
115581,2
115584,1
115585,2
115586,3
115587,4
115588,5
115589,6
115590,7
115591,8
115592,9
115593,10
115594,11
115597,1
115598,2
115599,3
115600,1
115601,2
115602,3
115603,4
115604,5
115605,6
115606,1
115607,2
115608,1
115609,1
115610,2
115611,3
115612,4
115613,5
115614,6
115615,1
115616,2
115617,3
115618,4
115619,5
115620,6
115621,7
115622,8
115623,9
115624,10
115625,11
115626,12
115627,13
115628,14
115629,15
115630,16
115631,17
115632,18
115633,19
115634,20
115635,21
115637,1
115638,2
115639,3
115640,4
115641,5
115642,6
115643,7
115644,8
115645,9
115646,10
115647,11
115648,12
115649,13
115651,1
115652,2
115653,3
115654,4
115655,1
115656,2
115657,3
115658,4
115707,1
115708,2
115710,1
115712,1
115713,2
115714,3
115715,4
115716,5
115717,6
115718,7
115719,8
115720,9
115721,10
115722,11
115723,12
115724,13
115725,14
115726,15
115727,16
115728,17
115729,18
115730,19
115731,20
115732,21
115733,22
115734,23
115735,24
115736,25
115737,26
115738,27
115739,28
115740,29
115741,30
115742,31
115746,1
115747,2
115748,3
115749,4
115750,5
115751,6
115752,7
115753,8
115754,9
115755,10
115756,11
115757,12
115758,13
115759,14
115760,15
115761,16
115762,17
115763,18
115764,19
115765,20
115766,21
115767,22
115768,23
115769,24
115770,25
115771,26
115772,27
115773,28
115774,29
115775,30
115779,1
115780,1a
115781,2
115782,3
115783,3a
115786,1
115787,2
115788,3
115789,4
115790,5
115791,6
115792,7
115793,8
115794,1
115795,2
115796,3
115797,4
115798,5
115799,6
115800,7
115801,7a
115802,8
115803,8a
115804,9
115805,10
115817,1
115818,3
115819,6
115820,9
115821,11
115822,14
115823,16
115824,17
115825,2
115826,4
115827,5
115828,7
115829,8
115830,10
115831,12
115832,13
115833,15
115840,1
115841,2
115842,3
115846,1
115847,2
115848,1
115849,2
115850,3
115851,4
115852,5
115853,6
115854,1
115855,2
115856,3
115857,4
115858,5
115859,6
115860,1
115861,2
115862,3
115863,4
115864,1
115865,2
115866,3
115867,4
115868,5
115869,6
115870,7
115871,8
115872,9
115873,10
115874,11
115875,12
115877,1
115891,1
115892,2
115893,3
115894,4
115895,5
115896,6
115897,7
115898,8
115899,9
115900,10
115901,11
115902,12
115906,1
115907,1
115908,2
115909,1
115910,2
115911,3
115912,4
115913,5
115914,6
115931,1
115932,2
115933,5
115934,6
115935,7
115955,1
115956,2
115957,3
115958,4
115959,5
115960,4
115961,15
115962,16
115963,17
115964,18
115976,1
115977,2
115978,3
115979,4
115980,5
115981,6
115982,7
115983,8
115984,9
115985,10
115986,11
115987,12
115988,13
115995,1
115996,2
115997,3
115998,4
116001,1
116002,2
116003,3
116004,4
116005,5
116006,6
116007,7
116008,8
116009,1
116010,2
116011,3
116012,4
116013,5
116014,6
116015,7
116016,8
116017,9
116018,1
116019,1a
116021,1
116022,1
116023,2
116024,3
116025,4
116116,1
116122,1
116123,2
116124,3
116125,1
116126,2
116127,3
116128,1
116129,2
116130,3
116142,1
116143,2
116144,3
116145,4
116146,1
116147,2
116148,3
116149,4
116150,5
116151,6
116154,1
116155,2
116156,3
116157,4
116158,5
116159,6
116160,7
116161,8
116165,1
116166,2
116167,3
116168,4
116169,5
116170,6
116171,7
116172,8
116173,9
116174,10
116175,11
116176,12
116177,13
116178,14
116179,15
116180,16
116181,17
116183,1
116184,2
116185,3
116186,4
116187,5
116188,6
116191,1
116192,2
116193,3
116194,4
116195,5
116196,6
116197,7
116198,8
116199,9
116200,10
116201,11
116202,12
116203,13
116204,14
116205,15
116206,16
116207,17
116208,18
116209,19
116210,20
116211,1
116212,2
116213,3
116214,4
116215,5
116216,6
116217,7
116218,8
116219,9
116220,10
116221,11
116222,12
116223,13
116224,14
116225,15
116226,16
116227,17
116228,18
116229,19
116230,20
116242,1
116243,1
116244,1
116245,2
116246,3
116247,4
116249,1
116250,1
116281,1
116282,1
116283,2
116284,3
116285,4
116286,5
116287,1
116288,1
116289,2
116290,3
116291,1
116292,2
116293,3
116294,4
116295,5
116296,6
116297,7
116298,8
116301,2
116302,3
116304,1
116305,2
116306,3
116307,4
116308,5
116309,6
116310,7
116311,8
116312,9
116313,10
116314,11
116315,12
116316,13
116324,1
116325,2
116326,3
116327,4
116328,5
116329,6
116330,7
116331,8
116332,9
116333,10
116334,11
116335,12
116353,1
116354,2
116355,3
116376,1
116377,2
116378,3
116379,4
116380,5
116384,1
116385,2
116386,3
116387,4
116388,5
116389,6
116390,7
116391,8
116392,14
116393,14a
116394,15
116395,15a
116432,1
116434,1
116435,2
116436,3
116437,4
116438,5
116439,6
116440,7
116441,8
116442,9
116443,10
116444,11
116445,12
116446,13
116450,1
116451,2
116452,3
116454,1
116455,2
116456,5
116457,6
116458,7
116459,9
116460,10
116461,11
116462,11a
116463,12
116464,12a
116612,1
116613,2
116614,3
116615,4
116616,5
116631,1
116632,2
116633,3
116634,4
116635,5
116636,1
116637,1
116638,2
116639,3
116640,4
116641,1
116642,2
116643,3
116645,1
116646,1
116647,2
116648,3
116649,4
116650,5
116651,6
116652,7
116653,8
116654,1
116655,2
116656,3
116657,4
116658,5
116659,6
116660,7
116679,1
116680,2
116681,3
116682,4
116683,5
116684,6
116685,7
116689,1
116690,2
116691,3
116692,4
116695,1
116696,2
116697,3
116698,1
116699,2
116700,3
116701,4
116703,26
116704,21
116705,21a
116708,1
116709,2
116710,3
116711,4
116712,5
116713,6
116714,7
116715,8
116716,9
116718,1
116719,2
116720,3
116724,1
116725,2
116726,3
116736,1
116737,2
116738,3
116739,4
116741,1
116742,2
116743,3
116744,4
116745,5
116746,6
116747,7
116748,8
116749,9
116750,10
116751,11
116752,12
116753,13
116754,14
116755,15
116756,16
116757,17
116758,18
116759,19
116760,20
116761,21
116762,22
116763,23
116764,24
116770,25
116771,26
116772,27
116773,28
116774,29
116775,30
116776,31
116777,32
116778,33
116779,34
116780,35
116781,36
116782,37
116783,38
116784,39
116785,40
116786,41
116787,42
116788,43
116789,44
116790,45
116791,46
116792,47
116795,1
116796,2
116797,3
116798,4
116799,5
116800,6
116801,7
116802,8
116803,2
116804,3
116805,4
116806,5
116807,6
116808,7
116809,8
116810,9
116811,10
116812,11
116813,12
116814,13
116815,14
116816,15
116817,16
116823,1
116824,2
116825,3
116826,4
116827,5
116828,6
116829,7
116830,8
116831,9
116832,10
116833,11
116834,12
116835,13
116836,14
116837,15
116838,16
116839,17
116840,18
116841,19
116842,20
116843,21
116846,1
116847,2
116848,3
116849,4
116850,5
116862,1
116863,2
116864,3
116865,4
116866,1
116867,2
116868,1
116869,2
116870,3
116871,1
116872,2
116873,3
116874,4
116875,5
116876,1
116878,1
116879,2
116880,3
116881,4
116884,1
116885,2
116886,3
116887,4
116888,5
116889,6
116890,7
116891,8
116892,22
116893,23
116894,24
116895,25
116896,26
116897,27
116898,28
116899,29
116900,30
116901,31
116902,32
116903,33
116904,34
116905,35
116906,36
116907,37
116908,38
116909,39
116911,1
116912,2
116913,3
116914,4
116915,5
116916,6
116917,1
116918,2
116919,3
116920,4
116921,5
116922,6
116923,7
116924,8
116925,9
116926,10
116934,1
116935,1
116936,2
116937,3
116938,4
116939,5
116940,6
116941,7
116942,8
116950,1
116951,1
116952,2
116953,3
116954,4
116955,5
116956,6
116957,7
116958,8
116959,9
116960,10
116961,11
116962,13
116963,14
116964,15
116965,16
116985,1
116986,2
116987,2a
116989,1
116990,2
116991,3
116992,4
116993,5
116994,6
116995,7
116996,8
116997,9
116998,10
116999,11
117000,12
117001,13
117008,1
117009,2
117010,3
117011,4
117012,5
117013,6
117014,7
117015,1
117016,2
117017,3
117018,3a
117019,3b
117020,3c
117021,4
117022,5
117023,5a
117024,5b
117025,5c
117026,5d
117027,6
117028,6a
117029,6b
117030,6c
117031,6d
117032,7
117033,7a
117034,8
117035,8a
117036,9
117037,10
117038,11
117039,12
117040,13
117041,14
117042,15
117043,16
117044,17
117047,1
117048,2
117049,3
117050,4
117051,5
117052,6
117058,1
117059,1
117060,2
117061,3
117062,4
117063,5
117064,6
117065,7
117066,8
117067,9
117068,1
117069,2
117070,3
117071,4
117072,5
117073,32
117074,6
117075,7
117076,8
117077,9
117078,10
117079,11
117080,12
117081,13
117082,14
117083,15
117084,16
117085,17
117086,18
117087,19
117088,20
117089,21
117090,22
117091,23
117092,24
117093,25
117094,26
117095,27
117096,28
117097,29
117098,30
117099,31
117100,32
117101,33
117102,34
117103,35
117104,36
117112,1
117113,2
117116,23
117118,1
117119,2
117120,3
117121,4
117122,5
117123,6
117124,7
117125,8
117126,9
117129,1
117130,2
117131,3
117132,4
117133,5
117134,6
117135,7
117136,8
117137,9
117138,10
117139,11
117140,12
117141,13
117142,14
117143,15
117144,16
117145,17
117146,18
117147,19
117148,20
117149,21
117150,22
117151,23
117152,24
117153,25
117154,26
117155,27
117157,1
117158,29
117159,30
117160,31
117164,1
117166,1
117167,2
117168,3
117169,4
117170,5
117171,6
117172,8
117173,9
117174,10
117175,11
117176,12
117177,13
117178,14
117179,15
117180,16
117181,17
117184,1
117185,2
117186,3
117187,4
117188,5
117189,6
117190,7
117191,8
117192,9
117193,10
117194,11
117195,12
117196,13
117197,14
117198,15
117199,16
117207,1
117208,2
117209,3
117210,4
117211,5
117212,6
117213,7
117214,8
117215,9
117216,10
117217,11
117218,12
117219,13
117220,14
117221,15
117222,16
117223,17
117224,18
117225,19
117226,20
117227,21
117228,22
117229,23
117230,24
117231,25
117232,26
117233,27
117234,28
117235,29
117236,30
117237,31
117238,33
117255,10
117258,1
117259,2
117260,3
117261,3a
117262,4
117263,4a
117266,4
117267,5
117271,1
117272,2
117273,3
117274,4
117276,1
117277,2
117281,1
117282,2
117283,3
117284,4
117289,1
117290,1
117291,2
117292,3
117293,1
117294,2
117295,3
117296,4
117297,5
117299,1
117303,1
117304,2
117305,3
117306,4
117307,5
117308,6
117311,1
117312,2
117313,3
117314,4
117315,5
117316,1
117317,2
117318,3
117319,4
117320,5
117321,6
117322,7
117323,8
117324,9
117325,10
117326,11
117327,12
117328,13
117329,14
117330,15
117331,16
117332,17
117333,18
117344,1
117345,5
117346,6
117347,6a
117350,5
117351,6
117352,7
117353,8
117354,9
117355,10
117356,11
117358,1
117359,2
117360,3
117361,4
117362,6
117363,7
117364,8
117365,9
117366,10
117367,11
117368,12
117369,13
117370,14
117386,1
117387,2
117388,3
117389,4
117390,5
117391,6
117392,7
117393,8
117394,9
117395,1
117396,2
117397,3
117399,1
117400,2
117401,3
117402,1
117403,2
117407,1
117408,2
117409,3
117410,4
117411,5
117412,6
117413,7
117414,8
117415,9
117416,10
117417,11
117418,12
117419,13
117420,14
117421,15
117422,16
117423,17
117424,18
117425,19
117426,20
117427,21
117428,22
117429,23
117430,24
117431,25
117432,26
117433,27
117434,28
117435,29
117436,30
117437,31
117438,32
117439,33
117440,34
117441,35
117442,36
117443,37
117444,38
117479,1
117480,2
117481,3
117482,1
117483,2
117484,3
117485,4
117486,5
117487,6
117488,7
117489,8
117490,9
117491,10
117492,11
117493,12
117494,13
117495,13a
117496,14
117497,14a
117498,15
117499,16
117500,17
117501,18
117502,18a
117503,19
117504,19a
117511,1
117512,2
117513,3
117514,4
117515,5
117521,1
117522,2
117523,3
117524,4
117525,5
117526,6
117527,7
117528,8
117529,1
117530,2
117531,3
117532,4
117533,5
117534,6
117543,1
117544,1
117545,2
117546,3
117547,4
117549,1
117550,1
117551,2
117553,1
117555,1
117556,2
117557,3
117558,4
117559,5
117560,6
117561,7
117562,8
117563,9
117564,10
117565,11
117566,12
117567,13
117568,14
117569,15
117570,16
117571,17
117572,18
117573,19
117574,20
117575,21
117576,22
117577,23
117578,24
117579,25
117580,26
117581,27
117582,28
117583,29
117584,30
117585,31
117586,32
117587,33
117588,34
117589,35
117590,36
117661,1
117662,2
117663,1
117664,2
117665,3
117666,4
117667,1
117668,2
117669,3
117670,4
117671,5
117672,6
117673,7
117674,8
117675,9
117676,10
117677,11
117678,1
117679,2
117680,1
117681,2
117682,3
117683,4
117684,5
117685,6
117686,7
117687,8
117688,9
117689,10
117690,11
117691,12
117692,13
117693,14
117694,15
117707,1
117708,2
117709,3
117710,4
117711,5
117712,6
117713,7
117714,8
117715,9
117716,10
117717,11
117718,12
117719,13
117720,14
117721,15
117722,16
117723,17
117724,18
117725,19
117726,20
117727,1
117728,2
117760,1
117761,2
117762,3
117763,4
117764,5
117765,6
117766,7
117767,8
117768,9
117769,10
117770,11
117771,12
117772,13
117773,14
117774,15
117775,16
117776,17
117777,18
117778,19
117779,20
117780,21
117781,22
117782,23
117783,24
117784,25
117785,26
117786,27
117787,28
117788,29
117789,30
117790,31
117791,33
117792,34
117793,35
117794,36
117795,37
117796,38
117797,39
117798,40
117799,41
117800,42
117801,43
117802,44
117803,45
117804,46
117805,47
117806,48
117807,49
117808,50
117809,51
117810,52
117811,53
117812,54
117813,55
117814,56
117815,57
117816,58
117817,59
117818,60
117822,1
117823,2
117824,3
117825,20
117826,21
117827,22
117828,23
117829,24
117830,25
117831,26
117832,27
117833,28
117834,29
117835,30
117836,31
117837,32
117838,33
117839,34
117840,35
117841,36
117842,37
117843,38
117844,39
117845,40
117846,41
117847,42
117848,43
117849,44
117850,45
117851,46
117852,47
117853,48
117857,1
117858,2
117859,3
117860,4
117861,5
117862,6
117863,7
117864,8
117865,9
117866,10
117867,11
117868,12
117869,13
117873,1
117874,2
117875,3
117876,4
117877,5
117878,6
117879,7
117880,8
117881,9
117882,10
117883,11
117884,12
117885,13
117886,14
117887,15
117888,16
117915,1
117916,2
117917,3
117918,4
117919,5
117923,1
117924,2
117925,3
117926,4
117927,5
117928,6
117929,7
117930,8
117931,9
117932,10
117933,11
117934,12
117935,13
117936,14
117937,15
117938,16
117939,17
117943,1
117944,1
117945,2
117947,1
117959,1
117960,2
117961,3
117962,4
117963,5
117964,6
117965,7
117966,8
117967,9
117968,9a
117969,10
117970,11
117971,12
117972,13
117973,14
117974,15
117975,16
117976,17
117977,18
117978,19
117979,20
118016,Pos. 10
118017,Pos. 20
118018,Pos. 70
118019,Pos. 80
118020,Pos. 90
118021,center-signaletik
118022,center-signaletik
118023,center-signaletik
118024,center-signaletik
118025,center-signaletik
118026,center-signaletik
118069,1
118070,2
118072,1
118073,2
118074,3
118075,4
118076,5
118084,1
118085,2
118086,3
118087,4
118088,5
118089,6
118090,7
118091,8
118092,9
118093,10
118094,11
118095,12
118096,13
118097,14
118098,15
118099,16
118100,17
118101,18
118102,19
118103,20
118105,1
118106,2
118107,3
118108,4
118109,5
118110,1
118111,2
118112,3
118113,4
118114,5
118115,6
118116,7
118117,8
118118,9
118119,10
118121,1
118122,2
118123,3
118124,4
118125,5
118126,6
118127,7
118128,8
118129,9
118130,10
118131,11
118132,12
118133,13
118134,14
118135,15
118136,16
118137,17
118142,1
118143,2
118146,4
118147,16
118148,17
118149,18
118150,18a
118151,19
118152,19a
118155,1
118156,2
118157,3
118158,4
118159,5
118160,6
118161,7
118162,8
118163,8a
118164,9
118165,10
118167,1
118168,2
118169,3
118170,4
118171,5
118172,6
118173,7
118174,1
118175,2
118176,3
118177,4
118178,5
118179,6
118180,7
118181,8
118182,9
118183,10
118184,11
118185,12
118186,13
118187,14
118188,15
118189,16
118191,1
118192,2
118193,3
118194,1
118195,2
118196,3
118197,4
118198,5
118199,6
118200,1
118201,2
118214,3
118218,1
118219,2
118220,3
118221,4
118224,40
118225,41
118226,42
118227,43
118228,44
118229,45
118230,46
118231,47
118232,48
118233,49
118234,50
118235,51
118236,52
118237,53
118238,54
118239,55
118241,77
118242,78
118243,79
118244,80
118245,81
118246,82
118247,83
118248,84
118249,85
118265,86
118266,87
118267,88
118268,89
118269,90
118270,91
118271,92
118272,93
118273,94
118274,95
118275,96
118276,97
118277,98
118278,99
118279,100
118280,101
118281,102
118282,103
118283,104
118284,105
118285,106
118286,107
118287,108
118289,1
118290,1
118291,2
118292,3
118293,4
118295,1
118296,2
118297,3
118298,4
118299,5
118300,6
118306,1
118307,2
118308,3
118309,4
118310,5
118311,6
118312,7
118313,8
118314,9
118315,10
118316,11
118317,12
118320,1
118321,2
118323,1
118324,2
118325,1
118326,2
118327,1
118328,2
118329,3
118330,1
118331,2
118332,3
118333,4
118334,5
118338,1
118339,2
118340,1
118341,2
118342,3
118344,56
118345,57
118346,58
118347,59
118348,60
118349,61
118350,62
118351,63
118352,64
118353,65
118354,66
118355,67
118356,68
118357,69
118358,70
118359,71
118360,72
118361,73
118362,74
118363,75
118364,76
118366,1
118367,2
118368,3
118370,1
118371,2
118372,3
118437,1
118438,3
118439,4
118440,5
118441,6
118442,7
118443,8
118444,9
118445,10
118446,11
118447,12
118448,13
118449,14
118450,15
118451,1
118452,2
118453,3
118454,4
118462,1
118463,1
118464,2
118465,3
118466,4
118467,5
118468,6
118469,7
118471,1
118472,2
118473,3
118474,4
118475,5
118476,6
118477,1
118478,2
118479,3
118480,4
118481,5
118482,6
118483,1
118484,2
118485,3
118486,4
118487,5
118488,6
118489,7
118490,8
118491,1
118492,2
118493,3
118494,4
118495,5
118496,6
118497,7
118498,8
118500,1
118501,2
118502,3
118503,4
118504,1
118505,2
118507,1
118508,2
118509,3
118510,4
118511,1
118512,2
118513,3
118514,4
118515,5
118516,6
118517,7
118518,8
118519,1
118520,2
118524,1
118525,2
118531,1
118532,2
118555,1
118556,2
118557,3
118558,4
118559,5
118560,6
118561,7
118614,1
118615,2
118616,3
118617,4
118618,5
118619,6
118620,7
118621,8
118622,9
118623,1
118624,2
118625,3
118626,4
118627,5
118628,6
118629,7
118630,8
118631,9
118632,10
118633,11
118634,12
118635,13
118636,14
118637,15
118638,16
118639,17
118640,18
118641,1
118642,2
118643,3
118644,4
118645,5
118646,6
118648,1
118649,1
118651,1
118652,2
118653,1
118654,2
118655,3
118657,1
118658,2
118665,15
118675,1
118676,2
118677,3
118678,4
118679,5
118680,6
118681,7
118682,8
118683,9
118684,1
118707,6
118708,8
118709,44
118710,45
118711,46
118712,1
118713,2
118714,3
118715,4
118716,5
118717,1
118718,2
118719,3
118720,4
118721,5
118723,1
118724,2
118725,3
118726,4
118727,5
118728,6
118731,1
118732,2
118733,3
118734,4
118735,5
118736,6
118737,7
118738,8
118739,1
118740,2
118741,3
118744,16
118764,1
118765,1
118766,1
118767,2
118768,3
118769,4
118770,5
118771,6
118772,7
118773,8
118774,9
118775,10
118776,11
118777,12
118778,13
118779,14
118811,1
118812,2
118813,3
118814,4
118815,5
118816,6
118817,7
118818,8
118819,9
118820,10
118821,11
118822,12
118831,1
118832,2
118833,3
118834,4
118836,1
118837,1
118838,4
118839,1
118840,2
118841,3
118842,4
118843,5
118844,6
118846,1
118847,2
118848,3
118849,4
118850,5
118851,6
118852,7
118853,8
118854,9
118855,10
118856,11
118857,12
118858,13
118859,14
118860,15
118861,16
118862,17
118863,18
118864,19
118865,20
118866,21
118867,22
118868,23
118869,24
118870,25
118871,26
118872,27
118873,28
118874,29
118875,30
118876,31
118882,1
118883,2
118884,3
118885,4
118886,5
118887,6
118888,7
118889,8
118890,9
118891,10
118892,11
118893,12
118894,13
118895,14
118896,15
118897,16
118898,17
118899,18
118900,19
118901,20
118902,21
118903,22
118906,1
118907,2
118908,3
118909,4
118910,5
118911,6
118912,7
118913,8
118914,9
118915,10
118916,11
118917,12
118918,13
118919,14
118920,15
118923,1
118924,2
118927,1
118928,2
118929,3
118930,4
118931,1
118932,2
118933,3
118934,4
118935,5
118936,6
118937,7
118938,8
118939,9
118940,10
118941,11
119020,1
119021,2
119022,3
119023,4
119024,1
119025,2
119026,3
119027,4
119028,5
119029,1
119030,2
119031,3
119032,4
119033,5
119037,1
119038,2
119039,3
119040,3a
119041,4
119042,4a
119043,5
119044,1
119045,2
119046,1
119047,2
119048,3
119049,4
119050,5
119051,6
119052,7
119053,1
119054,2
119055,3
119056,4
119057,5
119058,5a
119059,6
119060,6a
119062,1
119063,2
119064,3
119065,4
119066,5
119086,1
119087,2
119088,1
119089,2
119090,3
119091,4
119092,5
119093,6
119094,7
119095,8
119096,9
119097,10
119098,11
119099,12
119100,13
119101,14
119102,15
119103,16
119104,17
119105,18
119106,19
119107,20
119108,21
119109,22
119111,1
119112,2
119113,3
119114,1
119116,1
119117,2
119118,3
119119,4
119120,5
119121,6
119122,7
119123,8
119124,9
119125,10
119126,11
119127,12
119128,13
119129,14
119130,15
119131,16
119132,17
119133,18
119134,19
119135,20
119162,1
119163,2
119164,3
119165,4
119166,5
119167,6
119168,7
119169,8
119170,9
119171,10
119172,11
119173,12
119176,1
119177,2
119178,3
119179,4
119180,5
119181,6
119182,1
119183,2
119184,3
119185,4
119186,5
119187,6
119188,7
119241,Pos.3.0
119275,1
119276,2
119277,3
119278,3a
119279,4
119280,4a
119281,5
119284,1
119285,2
119286,3
119287,4
119288,5
119289,6
119290,7
119291,8
119292,9
119293,10
119294,11
119295,1
119296,2
119297,3
119298,4
119299,5
119300,6
119301,7
119302,8
119312,1
119313,2
119314,3
119315,4
119316,5
119317,6
119318,7
119319,8
119320,9
119321,10
119322,11
119323,12
119325,1
119326,2
119327,3
119328,4
119329,5
119330,6
119331,6a
119332,7
119335,5
119336,1
119337,1
119338,1
119339,2
119340,3
119341,4
119343,1
119344,2
119345,3
119346,1
119347,1
119348,2
119350,1
119351,2
119369,1
119375,1
119376,2
119377,3
119378,4
119379,5
119380,6
119392,1
119393,2
119394,3
119395,4
119396,2
119397,3
119398,4
119399,19
119400,20
119401,21
119403,1
119404,2
119405,3
119406,4
119407,5
119408,6
119409,7
119410,8
119414,1
119415,2
119416,3
119417,4
119418,5
119419,6
119420,7
119421,8
119422,9
119423,10
119424,11
119425,12
119426,13
119427,14
119428,15
119429,16
119430,17
119431,18
119432,19
119433,20
119434,21
119435,22
119436,23
119437,24
119438,25
119439,26
119440,27
119441,28
119442,29
119443,30
119444,31
119445,32
119446,33
119447,34
119448,35
119449,36
119453,1
119454,2
119455,3
119456,4
119457,5
119458,6
119459,7
119460,8
119461,9
119462,10
119463,1
119464,2
119465,3
119466,4
119467,5
119468,6
119469,7
119470,8
119471,9
119472,10
119473,11
119474,12
119475,13
119476,14
119477,15
119478,16
119479,17
119480,18
119481,19
119482,20
119483,21
119484,22
119485,23
119486,24
119487,25
119488,26
119489,27
119490,28
119491,29
119492,30
119493,31
119494,32
119495,33
119496,34
119497,35
119498,36
119499,37
119500,38
119511,1
119513,1
119514,2
119515,3
119588,1
119589,2
119590,1
119591,2
119592,3
119593,4
119594,5
119595,6
119596,7
119597,8
119598,9
119599,10
119600,11
119601,1
119602,2
119603,3
119604,4
119605,4a
119606,5
119607,5a
119608,6
119609,6a
119611,1
119612,2
119613,3
119614,4
119615,5
119617,1
119620,1
119621,2
119623,1
119624,5
119625,27
119626,28
119643,1
119644,2
119645,1
119646,2
119647,3
119648,4
119649,5
119650,6
119651,7
119652,8
119653,9
119654,10
119655,11
119656,12
119657,13
119658,14
119659,15
119663,1
119664,2
119665,25
119666,26
119667,27
119668,28
119669,29
119670,30
119671,31
119672,32
119673,33
119674,34
119675,35
119676,36
119677,37
119678,38
119679,39
119680,40
119681,41
119682,42
119683,43
119684,44
119685,45
119686,46
119687,47
119688,48
119689,49
119690,50
119698,1
119699,2
119700,3
119701,4
119702,5
119703,6
119704,7
119705,8
119707,1
119708,2
119709,3
119710,4
119711,5
119712,6
119713,7
119714,8
119715,9
119716,10
119717,11
119718,12
119719,13
119720,14
119721,15
119722,16
119723,17
119724,18
119725,19
119726,20
119727,21
119728,22
119729,23
119730,24
119731,25
119732,26
119733,27
119734,28
119735,29
119736,30
119737,31
119738,32
119739,33
119740,34
119741,35
119742,36
119743,37
119744,38
119745,39
119746,40
119747,41
119748,42
119749,43
119750,44
119751,45
119752,46
119753,47
119754,48
119755,49
119756,50
119761,1
119762,2
119763,3
119764,4
119765,5
119766,6
119767,7
119768,8
119769,9
119770,10
119771,11
119772,12
119773,13
119774,14
119775,15
119776,16
119777,17
119778,18
119779,19
119780,20
119781,21
119782,22
119783,23
119784,24
119785,25
119786,26
119787,27
119788,28
119789,29
119790,30
119791,31
119792,32
119793,33
119794,34
119795,35
119796,36
119797,37
119798,38
119807,1
119808,1a
119809,1b
119810,2
119811,2a
119812,2b
119813,3
119814,3a
119815,3b
119816,4
119817,4a
119818,4b
119819,5
119820,5a
119821,5b
119853,1
119866,1
119867,2
119868,3
119869,4
119870,5
119871,6
119922,1
119923,2
119924,1
119925,2
119926,4
119927,5
119928,6
119929,7
119930,8
119931,9
119941,1
119942,1
119943,2
119944,3
119945,4
119946,5
119947,6
119948,7
119951,1
119952,2
119953,3
119954,4
119955,5
119956,1
119957,1
119958,2
119959,3
119960,4
119961,5
119962,6
120013,1
120014,2
120015,3
120016,4
120018,1
120019,2
120020,3
120021,1
120040,1
120041,1
120042,2
120043,1
120044,2
120045,3
120046,4
120047,1
120048,2
120049,3
120050,4
120051,5
120052,6
120053,7
120054,1
120055,2
120056,3
120057,4
120058,5
120059,6
120060,7
120061,8
120062,9
120063,10
120064,11
120065,12
120066,13
120067,1
120068,2
120069,3
120070,4
120071,5
120072,6
120073,7
120075,1
120076,1
120078,1
120079,2
120081,1
120082,2
120083,3
120091,1
120092,2
120093,3
120094,4
120096,1
120097,2
120098,3
120099,4
120101,1
120102,2
120103,3
120105,1
120106,2
120107,3
120108,4
120109,5
120110,6
120111,7
120112,8
120113,9
120116,1
120117,1
120118,1
120119,2
120120,3
120121,4
120122,5
120123,6
120124,7
120125,8
120126,9
120162,1
120165,1
120166,1
120167,2
120168,3
120169,4
120170,5
120171,1
120172,1
120173,2
120174,3
120175,4
120176,5
120177,6
120178,7
120179,8
120180,1
120181,2
120182,3
120183,4
120184,5
120185,6
120186,7
120187,8
120188,9
120189,10
120190,11
120191,12
120192,13
120193,14
120194,15
120195,16
120196,17
120199,9
120200,10
120201,11
120202,12
120203,13
120204,14
120205,15
120206,16
120207,18
120210,1
120211,2
120212,3
120215,1
120217,1
120218,2
120219,3
120220,4
120221,5
120222,6
120223,7
120224,8
120225,9
120226,10
120230,1
120231,2
120232,3
120233,4
120238,1
120239,2
120240,3
120241,4
120242,5
120243,6
120244,7
120247,1
120248,2
120249,3
120250,4
120251,5
120252,6
120253,7
120254,8
120255,9
120256,10
120259,11
120260,12
120261,13
120262,14
120263,1
120264,2
120265,3
120266,4
120268,1
120269,2
120270,3
120271,4
120272,1
120273,11
120274,15
120275,16
120276,17
120277,18
120278,19
120279,20
120280,21
120337,1
120338,2
120339,3
120340,4
120341,5
120342,6
120343,7
120346,1
120347,2
120348,3
120349,4
120350,5
120351,6
120355,1
120356,1
120357,2
120358,3
120359,4
120360,5
120361,6
120362,7
120363,8
120364,9
120365,10
120367,1
120368,2
120369,3
120370,4
120371,5
120373,1
120374,2
120375,3
120376,4
120377,5
120378,6
120379,7
120380,8
120381,9
120382,10
120383,11
120384,12
120385,13
120386,14
120387,15
120388,16
120389,17
120390,18
120391,19
120397,1
120398,2
120399,3
120400,4
120401,5
120402,6
120403,7
120404,8
120405,9
120406,10
120407,11
120408,12
120409,13
120410,14
120411,15
120412,16
120413,17
120414,18
120415,19
120416,20
120417,21
120418,22
120419,23
120420,24
120421,25
120422,26
120423,27
120424,28
120425,29
120426,30
120427,31
120428,32
120429,33
120430,34
120431,35
120432,36
120433,37
120434,38
120473,1
120474,2
120475,3
120476,4
120477,5
120478,6
120479,7
120480,8
120482,1
120483,2
120484,3
120485,4
120486,5
120487,6
120488,7
120489,8
120490,9
120523,1
120524,2
120525,3
120531,1
120532,2
120533,4
120534,4a
120535,5
120536,5a
120537,1
120538,2
120539,3
120540,4
120541,5
120542,6
120544,1
120545,2
120546,3
120547,4
120548,5
120549,6
120550,7
120551,8
120552,9
120553,10
120554,11
120555,12
120556,13
120557,14
120558,15
120559,16
120605,3
120606,4
120607,5
120608,6
120609,7
120610,8
120611,8a
120613,2
120614,3
120615,4
120616,5
120617,6
120618,7
120619,8
120620,8a
120622,1
120623,2
120624,1
120625,2
120626,3
120627,4
120628,5
120629,1
120630,2
120631,3
120632,4
120633,1
120634,1
120635,2
120636,3
120637,4
120638,5
120639,6
120640,7
120641,8
120642,9
120643,10
120644,11
120645,12
120679,8
120680,1
120681,1
120682,2
120683,3
120684,1
120685,6
120686,8
120689,1
120690,2
120691,1
120692,4
120693,1
120694,1
120695,2
120696,1
120697,2
120698,1
120699,2
120700,3
120701,4
120702,5
120703,6
120704,7
120705,8
120706,9
120707,10
120713,1
120714,2
120715,3
120717,1
120718,2
120719,3
120720,4
120721,5
120722,6
120723,7
120724,8
120725,9
120726,10
120727,11
120728,1
120729,2
120730,1
120731,2
120732,3
120733,4
120734,5
120735,6
120736,7
120737,8
120738,9
120739,10
120740,11
120741,12
120745,1
120746,2
120747,3
120748,4
120749,5
120750,6
120751,7
120752,8
120753,9
120754,10
120755,11
120756,12
120757,13
120758,14
120759,15
120760,16
120761,17
120762,18
120763,19
120764,20
120765,21
120782,1
120783,2
120784,3
120785,4
120786,5
120787,6
120788,7
120789,8
120791,1
120792,2
120793,3
120794,4
120795,5
120796,6
120797,7
120798,8
120799,9
120800,10
120801,11
120802,12
120803,13
120804,14
120805,15
120806,16
120845,1
120846,2
120847,3
120848,4
120849,5
120850,1
120851,2
120852,1
120853,1
120854,14
120858,3
120895,1
120896,2
120897,3
120898,4
120899,5
120900,6
120901,7
120903,1
120904,2
120916,34
120917,35
120918,36
120919,37
120920,38
120921,39
120922,40
120923,41
120924,42
120925,43
120926,44
120927,45
120928,46
120929,47
120930,48
120931,49
120932,50
120933,51
120934,52
120935,53
120936,54
120937,55
120938,56
120939,57
120940,58
120941,59
120942,60
120943,61
120944,62
120945,63
120946,64
120947,65
120948,66
120949,67
120950,68
120951,69
120952,70
120953,71
120954,72
120955,73
120956,74
120957,75
120959,1
120964,1
120965,2
120966,3
120967,4
120968,5
120969,6
120970,7
120971,8
120972,9
120973,10
120974,1
120975,2
120976,3
120977,4
120978,5
120979,6
120980,17
120985,1
120986,2
120987,3
120988,4
120989,5
120990,6
120991,7
120992,1
120995,1
120996,1
121003,1
121004,2
121005,3
121006,4
121007,5
121008,6
121009,7
121010,8
121011,9
121012,10
121013,11
121014,12
121015,13
121016,14
121017,15
121018,16
121019,17
121020,18
121021,19
121022,20
121023,21
121024,22
121025,23
121026,24
121027,25
121028,26
121029,27
121033,1
121034,1
121035,2
121036,3
121037,4
121038,5
121039,6
121040,7
121041,8
121042,9
121043,10
121044,11
121045,12
121046,1
121048,1
121049,2
121050,3
121051,4
121052,5
121053,6
121054,7
121055,8
121056,9
121057,10
121058,11
121059,21
121060,22
121061,23
121082,1
121083,1
121084,2
121085,3
121086,4
121087,5
121088,6
121089,7
121090,8
121091,9
121092,10
121093,11
121094,12
121095,13
121096,14
121097,15
121098,16
121099,17
121100,18
121101,19
121102,20
121103,21
121104,22
121105,23
121106,24
121107,25
121108,1
121110,1
121111,2
121112,3
121113,4
121151,1
121152,2
121153,3
121154,4
121155,5
121156,1
121157,1
121158,2
121159,3
121160,4
121161,5
121162,1
121163,12
121164,13
121165,14
121166,1
121167,2
121168,3
121169,1
121170,2
121171,3
121172,4
121173,5
121174,6
121175,7
121176,8
121177,9
121178,10
121179,11
121180,12
121181,13
121182,14
121183,15
121184,16
121185,17
121186,18
121187,19
121188,20
121189,21
121190,23
121191,24
121192,25
121193,26
121194,27
121195,28
121196,29
121197,30
121198,31
121199,32
121200,33
121208,1
121209,1a
121210,2
121211,2a
121212,3
121213,3a
121214,4
121216,1
121217,2
121218,3
121219,2
121220,3
121221,4
121222,5
121223,6
121224,7
121225,1
121226,2
121227,3
121228,4
121229,5
121230,6
121231,7
121232,8
121235,9
121236,10
121237,11
121238,12
121239,1
121309,1
121310,1
121311,2
121312,3
121313,4
121314,5
121315,6
121316,7
121323,1
121324,2
121328,11
121329,12
121330,13
121331,14
121332,15
121333,16
121334,17
121335,18
121336,19
121337,20
121338,21
121339,22
121340,23
121341,24
121342,25
121343,26
121344,27
121345,28
121346,29
121347,30
121348,31
121349,32
121350,33
121351,34
121352,35
121353,36
121354,37
121355,38
121356,39
121357,40
121358,41
121359,42
121360,43
121361,44
121362,45
121363,46
121364,47
121365,48
121369,3
121370,4
121371,5
121372,6
121373,7
121374,8
121375,9
121376,10
121377,11
121378,12
121379,13
121380,14
121381,15
121382,16
121383,17
121384,18
121385,19
121386,20
121387,21
121388,22
121389,23
121390,24
121391,25
121392,26
121393,27
121394,28
121395,29
121396,30
121397,31
121398,32
121399,33
121400,34
121401,35
121402,36
121403,37
121404,38
121405,39
121406,40
121407,41
121432,1
121434,1
121435,2
121436,3
121437,4
121438,5
121439,1
121440,2
121441,3
121442,4
121443,5
121444,6
121470,1
121475,1
121476,2
121477,1
121478,2
121479,3
121480,4
121481,5
121482,6
121483,7
121484,8
121485,9
121486,1
121487,2
121488,3
121489,4
121490,1
121491,2
121492,3
121493,4
121494,5
121495,6
121496,7
121498,1
121499,2
121500,3
121517,1
121518,2
121519,3
121520,4
121521,5
121522,6
121526,1
121527,2
121528,3
121529,4
121530,5
121531,6
121533,1
121534,2
121535,16
121536,35
121538,1
121539,2
121540,3
121541,4
121542,5
121543,6
121544,7
121545,8
121546,9
121547,10
121548,11
121549,12
121550,13
121551,14
121552,15
121553,16
121554,17
121555,18
121556,19
121557,20
121558,21
121563,1
121564,2
121565,3
121566,4
121567,5
121568,6
121569,1
121570,2
121571,3
121572,4
121617,1
121618,1
121619,2
121620,3
121621,4
121624,1
121625,2
121626,3
121627,4
121628,5
121629,6
121630,7
121631,8
121632,8a
121661,1
121662,2
121663,1
121664,1
121676,1
121677,2
121678,3
121679,4
121680,5
121681,5a
121682,6
121683,7
121684,8
121685,8a
121686,9
121688,1
121689,2
121690,3
121691,4
121692,5
121693,6
121694,7
121695,8
121696,9
121697,10
121698,11
121699,1
121700,2
121701,1
121702,1
121703,2
121704,1
121705,2
121706,1
121707,1
121708,1
121709,2
121710,3
121711,4
121712,5
121713,6
121714,7
121715,8
121717,1
121718,2
121719,3
121720,4
121721,5
121722,6
121723,7
121724,8
121725,1
121726,2
121727,3
121728,4
121729,5
121730,6
121731,7
121732,8
121733,1
121734,2
121735,3
121737,1
121738,2
121739,3
121740,4
121741,5
121742,6
121743,1
121744,2
121745,3
121746,4
121748,1
121749,2
121750,3
121751,4
121762,1
121763,2
121764,3
121765,4
121766,5
121767,6
121768,7
121769,8
121770,9
121771,10
121772,11
121773,12
121774,13
121776,1
121777,2
121778,3
121789,1
121790,2
121791,3
121792,4
121793,5
121794,1
121795,2
121796,3
121797,4
121798,1
121799,2
121800,3
121801,4
121803,1
121804,2
121805,3
121806,4
121808,1
121809,2
121810,3
121811,4
121821,1
121822,2
121823,3
121824,4
121825,5
121826,6
121827,7
121828,8
121829,9
121830,10
121831,11
121832,12
121833,13
121834,14
121835,15
121838,1
121839,2
121840,3
121841,4
121842,5
121843,6
121844,7
121845,8
121846,9
121847,10
121848,11
121849,12
121850,13
121851,14
121852,15
121853,16
121854,17
121855,18
121856,19
121857,20
121858,21
121859,22
121860,23
121861,24
121865,1
121866,2
121867,3
121899,1
121900,2
121901,3
121902,4
121903,5
121904,6
121905,7
121906,8
121908,1
121909,2
121910,3
121911,4
121912,5
121913,6
121914,6a
121915,7
121916,8
121917,9
121923,1
121924,2
121925,3
121926,4
121927,5
121994,5
121995,1
121996,2
121997,3
121998,4
121999,5
122000,6
122001,7
122002,8
122003,9
122004,10
122005,11
122006,12
122007,13
122008,14
122009,15
122010,16
122011,17
122012,18
122013,19
122014,20
122015,21
122016,22
122017,23
122024,1
122025,2
122026,3
122027,4
122028,5
122029,6
122030,7
122031,8
122033,1
122069,1
122070,2
122071,2
122072,3
122073,4
122077,3
122082,1
122083,2
122084,1
122085,2
122086,3
122087,4
122088,5
122089,6
122090,1
122091,1
122092,1
122093,2
122094,3
122095,4
122096,5
122097,6
122098,7
122099,8
122100,9
122101,10
122102,11
122103,12
122104,13
122105,14
122106,15
122107,16
122109,1
122110,2
122111,3
122112,4
122113,5
122114,6
122115,7
122116,8
122117,9
122118,10
122119,11
122120,12
122122,1
122123,1
122124,1
122125,2
122126,3
122129,1
122130,2
122131,3
122132,4
122133,5
122134,6
122136,6
122137,1
122138,2
122139,3
122140,4
122141,5
122142,6
122151,18
122187,177
122188,178
122189,179
122190,180
122191,181
122192,182
122193,183
122194,184
122195,185
122196,186
122197,187
122198,188
122199,189
122200,190
122201,191
122202,192
122203,193
122204,194
122205,195
122206,196
122207,197
122208,198
122209,199
122210,200
122211,201
122212,202
122213,203
122214,204
122218,31
122219,32
122220,33
122221,34
122222,35
122223,36
122224,37
122225,38
122226,39
122227,40
122228,41
122229,42
122230,1
122231,2
122232,3
122233,4
122234,5
122235,6
122236,7
122237,8
122261,1
122262,2
122263,3
122264,4
122265,5
122266,6
122267,7
122268,8
122269,9
122270,10
122271,11
122272,12
122273,13
122274,14
122275,15
122276,16
122277,17
122278,18
122279,19
122280,20
122281,21
122282,22
122283,22.2
122284,23
122285,24
122286,25
122287,26
122288,27
122289,28
122290,29
122291,30
122292,31
122293,32
122294,33
122295,34
122296,35
122297,36
122298,37
122334,1
122335,1a
122336,2
122337,2a
122374,1
122375,2
122376,3
122377,4
122378,5
122379,6
122380,7
122382,1
122383,2
122384,3
122397,1
122398,2
122399,3
122400,4
122401,5
122402,6
122403,7
122404,8
122405,9
122406,10
122407,11
122408,12
122409,13
122410,14
122411,15
122412,16
122413,17
122416,1
122417,2
122418,3
122419,4
122420,5
122421,6
122422,7
122423,8
122424,1
122425,2
122426,3
122427,4
122428,5
122429,6
122430,7
122431,8
122432,9
122434,1
122435,2
122436,3
122437,4
122438,1
122439,2
122440,1
122441,2
122442,1
122443,2
122444,3
122445,7
122446,1
122447,2
122448,3
122449,4
122450,5
122451,6
122452,7
122453,8
122456,1
122457,2
122458,4
122459,5
122460,6
122461,7
122465,162
122466,172
122467,174
122472,1
122473,2
122474,1
122475,2
122476,3
122477,4
122478,5
122479,6
122480,7
122481,8
122488,1
122489,2
122490,3
122491,4
122492,5
122493,6
122494,7
122495,8
122496,9
122497,10
122498,11
122499,12
122500,13
122501,14
122502,15
122518,1
122519,2
122520,1
122521,2
122522,3
122523,4
122524,5
122525,6
122541,1
122542,2
122574,1
122575,2
122576,3
122577,4
122578,5
122638,1
122639,2
122640,3
122641,1
122642,1
122643,2
122644,3
122645,4
122646,5
122647,6
122648,7
122652,1
122653,2
122654,3
122655,4
122656,5
122657,6
122658,7
122660,1
122661,2
122662,3
122663,4
122664,5
122665,6
122666,7
122667,8
122668,9
122669,10
122670,11
122671,12
122672,13
122673,14
122674,15
122675,16
122676,17
122677,18
122678,19
122679,20
122680,21
122681,22
122682,23
122683,24
122684,25
122685,26
122686,27
122687,28
122688,29
122689,30
122690,31
122691,32
122692,33
122693,34
122694,35
122695,36
122696,37
122697,38
122698,39
122699,40
122700,41
122728,1
122729,2
122735,1
122737,1
122738,13
122739,14
122740,15
122741,1
122742,1
122743,2
122744,3
122745,4
122746,5
122747,6
122748,7
122749,8
122750,9
122751,10
122752,11
122753,12
122754,13
122755,14
122756,15
122757,16
122758,17
122839,1
122840,2
122841,3
122842,4
122843,5
122844,6
122845,7
122846,8
122847,1
122848,2
122849,3
122850,4
122851,5
122852,6a
122853,6b
122854,7
122875,1
122876,2
122877,3
122878,4
122879,5
122880,6
122881,1
122882,2
122883,3
122884,4
122885,5
122886,6
122887,1
122888,2
122889,1
122891,1
122892,1
122893,1
122894,2
122895,1
122896,2
122897,3
122898,4
122899,1
122900,2
122901,3
122902,4
122903,5
122904,6
122905,7
122906,8
122907,9
122908,10
122909,11
122910,12
122911,13
122912,14
122913,15
122914,16
122915,17
122916,18
122917,19
122918,20
122919,21
122923,12
122924,13
122938,1
122939,2
122940,3
122941,4
122942,5
122943,6
122944,7
122945,8
122946,9
122947,10
122948,11
122949,12
122953,8
122954,21
122955,25
122956,31
122957,32
122958,33
122964,1
122965,2
122966,3
122967,4
122968,5
122969,6
122970,7
122971,8
122972,9
122973,10
122974,11
122975,12
122976,13
122977,14
122978,15
122979,16
122980,17
122981,18
122982,19
122983,20
122984,21
122985,22
122986,23
122987,24
122988,25
122989,26
122990,27
122991,28
122992,29
122993,30
122994,31
122995,32
122996,33
122997,34
122998,35
122999,36
123000,37
123001,38
123002,39
123022,1
123023,2
123024,3
123025,4
123026,5
123050,40
123051,41
123052,42
123053,43
123054,44
123055,45
123056,46
123057,47
123058,48
123059,49
123060,50
123061,51
123062,66
123063,67
123064,76
123065,77
123066,52
123067,53
123068,54
123069,55
123070,56
123071,57
123072,58
123073,59
123074,60
123075,61
123076,62
123077,63
123078,64
123079,65
123080,68
123081,69
123082,70
123083,71
123084,72
123085,73
123086,74
123087,75
123088,76.1
123089,77.1
123119,1
123120,1
123121,2
123164,POS 1
123165,POS 2
123166,POS 3 /15 / 18
123167,POS 4 / 5 / 11
123168,POS 6
123169,POS 7
123170,POS 8 / 9 / 10
123171,POS 12 / 13 / 14
123172,POS 16 / 18
123182,1
123183,2
123184,3
123185,4
123186,5
123187,6
123188,7
123189,8
123190,9
123191,10
123225,1
123228,1
123229,2
123230,3
123231,4
123232,5
123237,6
123238,7
123239,8
123240,9
123241,10
123242,11
123243,1
123244,2
123245,3
123246,4
123247,5
123248,1
123249,2
123250,3
123251,4
123252,5
123253,6
123254,7
123255,8
123256,9
123257,10
123258,11
123259,12
123260,13
123261,14
123262,15
123263,16
123264,17
123265,18
123266,19
123267,20
123268,21
123269,22
123270,23
123271,24
123272,25
123273,26
123274,27
123275,28
123276,29
123277,30
123278,31
123279,32
123280,33
123281,34
123282,35
123333,1
123334,2
123335,3
123336,4
123337,1
123338,2
123393,1
123394,1
123395,2
123396,3
123397,4
123398,5
123399,6
123400,7
123401,8
123402,9
123403,10
123404,11
123405,12
123406,13
123407,14
123408,15
123409,16
123410,17
123470,4
123471,1
123472,2
123473,3
123474,4
123475,5
123476,6
123477,7
123478,8
123479,9
123480,10
123481,11
123482,12
123483,1
123484,1
123485,2
123486,4
123487,6
123488,8
123489,26
123491,1
123492,2
123493,3
123494,6
123495,7
123496,8
123497,9
123501,4
123502,6
123503,8
123504,26
123506,1
123507,2
123508,3
123509,4
123510,5
123511,6
123512,7
123513,8
123514,9
123515,10
123516,11
123517,12
123518,13
123524,1
123525,2
123526,3
123527,4
123528,5
123529,6
123530,7
123531,8
123532,9
123533,10
123534,11
123548,1
123549,2
123552,1
123553,2
123554,3
123555,4
123556,5
123557,6
123558,7
123559,8
123560,9
123561,10
123562,11
123563,1
123564,2
123565,3
123566,4
123567,5
123568,6
123569,7
123570,8
123571,9
123572,10
123573,11
123574,1
123575,2
123576,3
123577,4
123578,5
123579,6
123580,7
123581,16
123582,29
123583,36
123611,1
123612,2
123613,3
123615,1
123616,2
123617,3
123618,4
123619,5
123620,6
123621,7
123622,8
123623,9
123624,16
123625,17
123626,18
123627,19
123628,20
123629,21
123630,22
123631,23
123632,24
123633,25
123634,1
123635,2
123636,3
123637,4
123638,5
123639,1
123640,1
123641,2
123642,3
123643,4
123644,5
123645,6
123646,7
123647,8
123648,9
123649,10
123651,4
123653,1
123654,2
123655,3
123656,4
123658,1
123659,2
123660,3
123661,4
123662,14
123663,15
123664,16
123665,17
123666,18
123667,19
123668,20
123669,21
123670,22
123671,23
123672,24
123673,25
123674,26
123675,27
123676,28
123677,29
123678,30
123679,31
123681,1
123684,2
123685,3
123686,4
123687,5
123688,6
123689,7
123690,8
123691,9
123692,10
123693,11
123694,12
123695,13
123696,14
123697,15
123698,16
123699,17
123700,18
123701,19
123702,20
123703,21
123704,22
123705,23
123714,1
123715,2
123716,3
123717,4
123718,5
123733,1
123734,2
123735,3
123736,4
123737,4a
123738,4b
123739,5
123753,1
123754,1
123755,1
123756,1
123757,1
123769,1
123770,1
123771,2
123772,3
123773,4
123774,5
123775,6
123776,7
123778,1
123779,2
123780,3
123781,4
123782,5
123783,6
123784,7
123785,8
123786,9
123787,10
123788,11
123789,12
123790,13
123791,14
123792,15
123793,1
123794,2
123795,3
123796,4
123797,5
123798,6
123799,8
123800,9
123801,1
123802,2
123803,3
123804,4
123805,5
123806,6
123807,7
123808,8
123809,9
123810,10
123811,11
123812,12
123813,13
123814,14
123815,15
123816,16
123817,17
123818,18
123819,19
123820,20
123821,21
123822,22
123823,23
123834,1
123835,2
123836,3
123837,4
123838,5
123839,6
123935,1
123937,1
123938,2
123939,3
123940,5
123941,6
123942,7
123944,1
123945,1a
123946,2
123947,2a
123964,1
123965,2
123966,3
123967,4
123968,5
123969,1
123970,2
123971,4
123972,5
123973,6
123974,1
123975,2
123976,3
123977,4
123978,5
123979,1
123980,2
123981,3
123982,1
123983,2
123984,3
123985,4
123986,1
123987,2
123988,3
123989,4
123990,1
123991,2
123992,3
123993,4
123994,1
123995,2
123996,3
123997,4
123998,5
123999,6
124000,7
124001,8
124002,9
124003,10
124004,11
124005,12
124006,13
124007,14
124008,1
124009,2
124010,3
124011,4
124012,5
124015,1
124016,2
124017,1
124018,1
124019,1
124020,2
124021,1
124022,2
124023,3
124024,4
124025,5
124026,6
124027,7
124028,8
124029,9
124030,10
124031,11
124032,12
124033,13
124034,14
124035,15
124036,16
124037,17
124038,18
124039,19
124040,20
124041,21
124042,22
124043,23
124044,24
124046,1
124047,2
124048,3
124049,4
124051,1
124061,1
124062,2
124063,3
124064,4
124065,5
124066,6
124067,7
124068,8
124069,9
124070,10
124071,11
124072,12
124073,13
124074,14
124075,15
124076,16
124077,17
124078,18
124079,19
124080,20
124081,21
124127,1
124128,2
124129,3
124130,4
124131,5
124132,6
124134,1
124135,2
124136,3
124137,4
124138,5
124139,6
124140,7
124141,1
124142,2
124143,4
124144,5
124145,1
124146,2
124147,3
124148,4
124149,1
124150,2
124151,3
124152,4
124153,5
124154,6
124155,7
124156,7A
124157,8
124158,8A
124159,9
124160,10
124161,1
124162,2
124163,3
124164,5
124165,8
124166,9
124167,8
124168,9
124170,8
124171,1
124172,2
124173,3
124174,4
124175,5
124176,6
124177,7
124178,8
124179,9
124180,10
124181,11
124182,12
124183,13
124184,14
124185,1
124186,2
124187,3
124188,4
124189,5
124190,6
124191,7
124192,8
124193,9
124194,10
124195,11
124196,12
124197,13
124198,14
124199,15
124200,16
124201,17
124202,18
124203,2
124204,3
124205,1
124206,2
124207,3
124208,4
124209,5
124210,6
124226,1
124227,2
124228,3
124229,4
124230,5
124231,6
124233,7
124234,8
124235,9
124236,10
124237,11
124238,12
124239,13
124240,14
124241,15
124242,16
124243,17
124244,18
124245,19
124246,20
124247,20a
124248,21
124249,21a
124250,22
125190,7
124251,22a
124252,23
124253,23a
124258,1
124259,2
124260,3
124261,4
124262,5
124263,6
124264,7
124265,8
124266,9
124267,10
124268,11
124269,12
124270,13
124271,14
124272,15
124273,16
124274,17
124275,18
124276,19
124277,20
124278,21
124279,22
124280,23
124281,24
124282,25
124287,1
124315,1
124316,2
124317,3
124318,4
124319,5
124320,6
124321,7
124322,8
124323,9
124324,1
124325,2
124326,3
124327,4
124328,1
124329,1
124330,1
124331,2
124332,3
124333,4
124334,5
124335,6
124336,7
124337,1
124341,1
124342,2
124343,1
124344,2
124345,3
124346,4
124347,5
124348,6
124349,7
124350,8
124351,9
124362,1
124363,2
124390,1
124391,2
124392,3
124393,4
124394,5
124395,6
124396,7
124397,8
124398,1
124399,2
124400,2a
124401,3
124402,4
124403,5
124404,6
124405,7
124434,1
124435,2
124436,3
124437,4
124438,5
124439,6
124440,9
124441,10
124442,11
124443,12
124444,13
124445,14
124446,15
124447,16
124448,17
124449,18
124450,19
124451,20
124452,21
124453,31
124471,2
124472,1
124473,2
124474,3
124475,4
124476,5
124477,6
124490,1
124491,20
124492,21
124493,22
124494,23
124495,24
124496,1
124497,1
124498,2
124499,3
124500,4
124501,5
124502,6
124503,7
124504,8
124505,1
124506,2
124507,3
124508,4
124509,5
124510,1
124511,2
124512,3
124513,1
124514,2
124515,3
124516,4
124517,5
124518,6
124519,7
124520,8
124521,9
124522,10
124523,11
124524,1
124525,1
124526,1
124527,2
124528,3
124530,1
124531,2
124532,3
124534,1
124535,2
124536,3
124537,5
124540,1
124541,1
124542,2
124543,3
124544,4
124548,1
124549,2
124550,3
124551,4
124552,5
124553,6
124554,7
124555,8
124556,9
124557,10
124558,11
124561,1
124563,1
124564,2
124565,3
124566,4
124567,5
124568,6
124569,7
124570,8
124571,9
124619,1
124626,1
124627,2
124629,1
124630,1
124631,2
124632,3
124633,4
124634,5
124636,1
124637,2
124638,3
124639,4
124640,5
124649,1
124650,2
124651,1
124652,2
124654,1
124655,2
124656,3
124657,4
124658,5
124659,6
124660,7
124661,8
124662,9
124663,10
124664,11
124665,12
124666,13
124667,14
124668,15
124669,16
124670,17
124671,18
124672,19
124673,20
124674,31
124679,17
124680,18
124681,19
124682,20
124683,21
124684,22
124685,23
124686,24
124687,25
124688,26
124689,27
124690,28
124691,29
124692,30
124693,31
124694,1
124695,2
124696,3
124697,4
124698,5
124699,6
124700,7
124722,1
124723,2
124725,1
124726,2
124727,1
124728,2
124730,5
124731,6
124732,7
124733,8
124734,9
124735,10
124736,11
124737,12
124738,13
124739,14
124740,15
124741,16
124742,17
124743,18
124744,19
124749,1
124750,2
124762,1
124763,2
124764,3
124765,4
124766,5
124767,1
124768,2
124769,1
124770,2
124771,3
124772,4
124773,5
124775,1
124784,1
124785,2
124786,3
124787,4
124788,5
124789,6
124790,1
124791,2 - 3
124792,4 - 5
124794,1
124795,1
124796,2
124797,3
124798,4
124799,5
124800,6
124801,7
124802,8
124803,9
124804,10
124805,11
124806,12
124807,13
124808,14
124809,15
124810,16
124812,1
124814,1
124815,2
124816,3
124817,4
124818,5
124819,1
124820,2
124821,3
124822,4
124823,5
124824,1
124825,2
124826,3
124827,4
124828,5
124829,6
124830,7
124831,1
124832,2
124833,3
124834,4
124835,5
124836,6
124837,7
124838,8
124839,9
124840,10
124841,11
124842,12
124843,13
124847,1
124848,2
124849,3
124850,4
124851,5
124852,6
124853,7
124854,8
124855,9
124856,10
124857,11
124858,12
124859,13
124860,14
124861,15
124862,16
124863,17
124864,18
124865,19
124866,20
124867,21
124868,22
124869,23
124870,24
124871,25
124872,26
124873,27
124874,28
124875,29
124876,30
124880,POS 1
124881,POS 2.0
124882,POS 2.1
124884,POS 3
124885,POS 4
124886,POS 5
124887,POS 6
124888,POS 7
124889,POS 8
124964,1
124983,1
124987,1
124988,2
124989,1
124990,2
124991,3
124992,4
124993,5
124994,6
124995,7
124996,8
124997,9
124998,10
124999,1
125000,1
125001,2
125002,3
125003,4
125004,5
125006,1
125009,1
125010,2
125011,3
125012,4
125013,5
125014,6
125015,7
125018,1
125020,46
125021,46+
125022,57
125023,73
125048,9
125049,10
125050,11
125051,12
125052,13
125057,1
125058,2
125059,3
125060,1
125116,1
125117,2
125118,3
125119,4
125152,2
125153,1
125154,2
125155,3
125156,4
125157,5
125158,6
125159,7
125160,1
125161,2
125163,1
125164,1
125165,2
125166,3
125167,4
125168,5
125169,6
125170,7
125171,8
125172,6
125174,9
125175,1
125176,2
125177,3
125178,4
125179,5
125180,6
125181,7
125182,8
125183,9
125184,1
125185,2
125186,3
125187,4
125188,5
125189,6
125191,8
125192,9
125202,1
125203,2
125204,3
125207,1
125233,1
125234,2
125235,3
125236,4
125237,5
125238,5a
125241,1
125242,1
125243,2
125244,3
125245,4
125246,5
125247,6
125248,1
125249,2
125250,3
125251,4
125252,5
125253,1
125254,2
125255,3
125256,4
125257,5
125258,6
125259,7
125260,8
125291,1
125292,2
125293,3
125294,4
125299,1
125301,1
125302,2
125303,3
125308,1
125309,1
125310,2
125311,3
125312,4
125313,5
125314,6
125315,1
125316,2
125317,3
125318,4
125320,1
125321,2
125322,3
125323,4
125324,5
125325,6
125326,7
125327,1
125328,2
125329,3
125330,4
125331,5
125332,6
125333,7
125334,8
125335,9
125336,10
125337,11
125338,12
125341,1
125342,2
125343,3
125344,4
125345,5
125346,6
125347,7
125348,8
125349,9
125350,10
125351,11
125352,12
125353,13
125354,14
125355,15
125356,16
125357,17
125358,18
125359,19
125360,20
125361,21
125362,22
125363,23
125364,24
125365,25
125366,26
125367,27
125371,7
125372,1
125373,1
125374,1
125375,2
125376,3
125377,4
125392,5
125393,1
125394,2
125395,3
125396,4
125397,5
125398,6
125399,7
125400,8
125401,9
125402,10
125403,11
125404,12
125405,13
125406,14
125410,1
125411,2
125412,3
125413,4
125414,1
125415,2
125416,16
125417,17
125418,18
125419,19
125420,20
125421,21
125422,22
125423,23
125424,24
125425,25
125426,26
125427,27
125428,28
125429,29
125430,30
125431,31
125432,32
125433,33
125472,1
125474,8
125476,1
125477,2
125478,3
125479,5
125480,6
125481,7
125483,1
125484,2
125485,3
125486,4
125487,5
125488,6
125489,7
125490,8
125492,1
125493,2
125494,3
125511,1
125512,1
125513,2
125514,3
125515,4
125516,5
125517,6
125518,7
125519,8
125520,9
125521,10
125522,11
125523,12
125524,13
125525,14
125526,15
125527,1
125528,2
125532,1
125533,2
125534,3
125535,4
125536,5
125537,6
125538,7
125539,8
125540,9
125541,10
125542,1
125543,2
125544,3
125545,4
125546,5
125549,1
125551,1
125552,1
125553,2
125554,3
125558,1
125559,2
125560,3
125561,4
125562,5
125563,6
125564,7
125565,8
125566,9
125567,10
125568,11
125569,12
125570,13
125583,1
125584,2
125585,3
125586,4
125587,5
125588,6
125589,7
125590,8
125591,1
125593,1
125594,2
125595,3
125596,4
125597,5
125598,6
125599,7
125600,8
125601,9
125602,10
125603,11
125604,12
125605,13
125606,14
125607,15
125608,16
125609,17
125611,1
125612,2
125613,3
125614,4
125615,5
125616,6
125617,7
125618,8
125619,9
125620,10
125621,11
125622,12
125623,13
125625,1
125631,1
125632,2
125633,3
125634,4
125635,4a
125636,5
125637,5a
125638,6
125639,6a
125640,7
125641,7a
125642,7b
125652,1
125653,2
125654,3
125655,4
125656,5
125657,6
125658,7
125659,8
125660,9
125661,10
125692,1
125694,1
125695,2
125696,3
125697,4
125698,A
125699,D
125700,F
125701,J
125702,K
125703,M
125704,H
125706,1
125707,2
125708,3
125709,4
125710,5
125711,6
125712,7
125713,1
125743,1
125744,2
125745,3
125748,9
125751,1
125752,2
125755,1
125756,1
125766,1
125767,2
125768,3
125769,4
125770,5
125771,6
125772,7
125773,8
125774,9
125775,10
125776,1
125777,2
125778,3
125779,4
125780,5
125781,6
125782,7
125800,1
125801,2
125802,3
125803,4
125804,5
125805,7
125806,8
125807,9
125808,10
125829,1
125830,2
125831,3
125832,4
125833,5
125834,5a
125835,6
125855,1
125856,1.1
125857,2
125858,2.1
125859,3
125860,4
125876,1
125877,1
125878,2
125879,3
125880,4
125881,5
125883,1
125884,2
125885,3
125886,4
125887,5
125888,6
125889,7
125890,8
125891,9
125892,10
125893,11
125894,12
125895,13
125896,14
125897,15
125898,16
125899,1
125900,2
125901,3
125902,4
125903,5
125906,1
125907,2
125908,3
125909,4
125910,5
125911,6
125912,7
125913,8
125914,9
125915,10
125916,11
125917,12
125918,13
125919,14
125920,15
125921,16
125922,1
125923,2
125924,3
125925,4
125926,5
125927,6
125928,7
125929,1
125930,2
125931,3
125932,4
125933,5
125934,6
125935,7
125939,8
125940,31
125941,62
125942,65
125943,68
125944,68+
125945,69
125946,69+
125947,74
125948,78
125949,79
125950,80
125951,81
125952,82
125953,83
125961,1
125962,2
125963,3
125967,1
125968,2
125969,3
125970,4
125971,5
125972,1
125973,2
125974,3
125975,4
125976,5
125977,6
125978,7
125979,1
125980,2
125981,3
125982,4
125984,1
125985,2
126027,1
126028,2
126029,3
126030,4
126031,5
126032,7
126033,9
126034,10
126037,17
126038,18
126039,19
126040,20
126041,21
126042,22
126043,23
126044,24
126045,25
126046,26
126047,27
126048,28
126049,29
126050,1
126051,2
126052,3
126053,4
126054,5
126055,6
126056,9
126057,1
126058,2
126059,1
126060,2
126061,1
126062,2
126063,3
126064,4
126065,5
126066,6
126067,1
126068,2
126069,3
126070,4
126071,5
126072,6
126073,7
126074,8
126075,9
126076,10
126083,16
126084,27
126085,28
126121,6
126130,1
126131,2
126132,3
126133,4
126134,5
126135,6
126136,7
126137,8
126138,9
126139,10
126140,11
126141,12
126142,13
126143,14
126144,15
126145,16
126146,17
126147,1
126148,2
126158,1
126159,2
126160,3
126161,4
126162,5
126163,1
126164,2
126165,3
126166,4
126167,5
126168,6
126169,7
126170,8
126171,9
126172,10
126173,11
126174,12
126175,13
126176,14
126177,15
126178,16
126179,17
126180,18
126181,19
126193,1
126194,1
126195,1
126197,1
126198,2
126199,3
126200,4
126201,5
126202,6
126203,7
126204,8
126206,1
126207,1
126208,2
126209,3
126210,4
126211,5
126212,6
126213,7
126214,8
126215,1
126216,2
126217,3
126218,4
126219,1
126220,2
126221,3
126222,4
126223,5
126226,1
126227,2
126228,3
126233,1
126234,2
126235,3
126236,4
126237,5
126238,6
126239,7
126240,1
126241,2
126242,1
126243,2
126244,3
126262,1
126263,2
126264,3
126265,4
126266,5
126267,6
126268,7
126269,8
126270,9
126271,10
126272,11
126273,12
126274,13
126275,14
126276,15
126277,16
126278,17
126279,18
126280,19
126281,1
126282,2
126283,3
126284,1
126285,2
126286,3
126287,4
126290,1
126291,8
126292,1
126293,2
126294,3
126295,4
126297,1
126298,2
126299,3
126300,4
126301,5
126312,10
126313,11
126314,12
126315,13
126316,1
126317,2
126318,3
126319,4
126320,5
126321,6
126322,7
126323,8
126324,9
126325,10
126326,11
126327,12
126328,13
126341,1
126342,2
126344,POS 1
126361,1
126363,1
126381,1
126382,2
126383,3
126384,1
126385,2
126387,1
126388,2
126389,1
126390,2
126391,3
126392,4
126393,5
126394,6
126395,7
126396,8
126397,9
126403,1
126405,1
126406,2
126407,3
126408,1
126409,2
126410,3
126411,4
126412,5
126413,6
126414,7
126415,8
126420,1
126422,1
126423,2
126424,1
126426,1
126427,2
126428,3
126429,4
126430,5
126431,6
126432,7
126433,8
126434,1
126435,2
126436,1
126437,1
126454,1
126455,2
126456,3
126472,1
126473,2
126474,3
126475,4
126476,5
126477,6
126478,7
126479,8
126480,9
126481,10
126482,11
126483,12
126484,13
126485,14
126486,15
126487,16
126488,6
126489,1
126490,2
126491,3
126492,4
126500,1
126519,1
126521,1
126522,2
126523,3
126524,4
126525,5
126526,6
126527,7
126528,8
126529,1
126530,2
126532,1
126533,5
126534,1
126535,2
126536,3
126537,4
126538,5
126539,6
126540,7
126541,8
126542,9
126544,1
126545,2
126546,3
126547,4
126548,5
126549,6
126550,7
126551,8
126552,9
126553,1
126554,1
126555,5
126556,1
126557,2
126612,1
126613,1
126614,2
126615,3
126616,4
126618,1
126619,1
126620,2
126621,3
126622,4
126623,5
126624,6
126625,7
126626,8
126627,9
126628,10
126629,11
126630,12
126631,13
126632,1
126634,1
126635,2
126636,3
126637,4
126638,5
126639,6
126640,7
126641,8
126642,9
126643,10
126644,11
126645,12
126646,1
126647,2
126649,1
126650,2
126651,3
126652,4
126653,5
126654,6
126655,7
126656,8
126657,9
126658,10
126659,11
126660,12
126661,13
126662,14
126663,15
126664,16
126667,1
126668,1a
126669,2
126670,2a
126671,3
126672,4
126673,4a
126674,5
126675,6
126676,7
126677,8
126678,9
126679,10
126683,1
126684,2
126685,3
126686,4
126688,1
126689,1
126690,2
126691,3
126692,4
126693,1
126694,1
126695,1
126696,2
126697,3
126698,4
126699,5
126700,6
126701,7
126702,8
126703,9
126704,10
126705,11
126706,12
126707,13
126708,14
126709,15
126710,16
126711,17
126712,1
126713,2
126714,3
126715,4
126716,5
126717,6
126718,7
126719,8
126720,9
126721,10
126722,11
126723,1
126724,2
126725,3
126726,4
126727,5
126739,1
126740,2
126741,3
126742,4
126743,5
126744,5a
126745,6
126746,7
126747,7a
126748,8
126749,9
126750,10
126751,11
126752,12
126753,13
126754,14
126755,15
126756,16
126757,16a
126761,1
126762,1
126763,2
126764,1
126767,3
126775,1
126776,2
126777,1
126778,2
126780,1
126781,2
126782,3
126783,4
126784,5
126812,1
126813,2
126814,3
126815,4
126816,1
126817,2
126818,3
126819,4
126820,5
126821,6
126822,7
126823,8
126854,1
126855,2
126856,3
126857,4
126858,5
126861,1
126863,1
126864,2
126865,3
126866,4
126867,5
126868,1
126869,2
126877,1
126915,7
126916,9
126917,1
126918,2
126919,3
126920,4
126921,5
126941,1
126942,2
126943,3
126944,4
126945,4a
126946,4b
126947,4c
126950,1
126951,2
126953,1
126955,1
126956,2
126957,3
126958,4
126959,5
126960,6
126961,1
126962,2
126963,3
126964,4
126965,5
126966,6
126969,1
126970,2
126971,1
126972,2
126973,1
126974,2
126975,3
126976,4
126981,1
126983,1
126984,2
126985,3
126986,4
126987,5
126988,6
126989,7
126990,1
126991,2
126992,32
126993,33
126994,1
126995,2
126996,3
126999,1
127000,2
127001,3
127002,4
127003,5
127004,6
127030,1
127031,2
127032,3
127033,4
127034,5
127035,6
127036,7
127037,8
127038,9
127039,10
127040,11
127041,12
127042,13
127043,14
127048,1
127049,2
127050,3
127058,1
127059,2
127060,3
127061,4
127062,5
127063,6
127064,7
127078,1
127079,2
127080,3
127081,4
127082,5
127083,5a
127087,1
127088,2
127089,2a
127090,3
127093,1
127094,2
127095,3
127096,1
127097,2
127098,3
127099,4
127100,5
127101,6
127105,1
127106,2
127107,3
127108,4
127109,5
127110,6
127111,7
127112,8
127113,9
127114,10
127115,11
127116,12
127117,13
127118,14
127131,1
127132,2
127133,3
127134,4
127135,5
127136,6
127137,7
127138,8
127139,9
127140,10
127141,11
127142,12
127143,13
127144,14
127145,15
127146,16
127147,17
127157,1
127158,1
127159,2
127160,3
127161,4
127162,5
127163,6
127164,7
127165,8
127166,9
127167,1
127168,2
127169,3
127170,4
127171,5
127172,6
127173,7
127174,8
127175,9
127176,1
127177,2
127187,1
127188,2
127189,3
127190,3.1
127191,4
127192,5
127193,6
127194,7
127195,8
127196,9
127197,1
127213,1
127214,3
127215,1
127216,2
127217,3
127218,4
127219,5
127220,6
127225,14.1
127226,3.0
127227,3.0
127231,1
127232,1a
127242,1
127243,2
127244,3
127245,4
127246,5
127247,6
127248,7
127249,8
127250,9
127251,10
127254,1
127255,1
127271,1
127272,2
127273,1
127274,2
127277,1
127278,2
127279,3
127280,4
127282,1
127283,2
127284,3
127285,4
127286,5
127289,1
127290,2
127291,3
127292,4
127293,5
127294,6
127295,7
127296,1
127297,2
127298,3
127299,4
127300,5
127301,6
127302,7
127303,8
127304,6
127305,14
127308,1
127309,2
127310,3
127311,4
127312,5
127313,6
127314,7
127315,8
127316,9
127317,10
127318,11
127319,12
127320,13
127321,14
127323,1
127325,1
127326,2
127327,3
127328,1
127329,2
127330,3
127333,1
127334,1
127336,1
127337,2
127338,3
127339,1
127340,2
127342,1
127350,1
127351,2
127352,3
127353,4
127354,5
127355,6
127356,7
127357,8
127358,9
127359,1
127360,2
127361,3
127362,4
127363,5
127364,6
127365,7
127368,1
127369,2
127370,3
127371,4
127374,1
127375,2
127376,3
127377,4
127378,5
127379,6
127380,7
127381,8
127382,9
127383,10
127384,11
127385,12
127386,13
127389,1
127390,2
127391,3
127392,4
127393,5
127394,6
127397,1
127398,2
127399,3
127400,4
127402,1
127403,2
127404,4
127405,5
127406,5a
127411,1
127413,1
127414,2
127415,3
127416,4
127417,1
127418,2
127419,3
127420,4
127421,5
127422,6
127432,1
127433,2
127434,3
127435,4
127436,5
127437,1
127438,2
127439,3
127453,3
127454,1
127455,2
127464,5
127465,1
127466,1
127467,1
127468,2
127469,1
127470,2
127471,3
127472,4
127474,1
127475,2
127476,1
127477,2
127484,3a
127498,1
127499,1
127500,2
127501,3
127502,4
127504,1
127505,2
127506,3
127507,4
127508,5
127509,1
127510,2
127511,3
127512,4
127513,5
127514,6
127515,7
127517,1
127518,2
127519,3
127520,4
127521,5
127522,6
127523,7
127524,8
127525,9
127526,10
127527,12
127528,11
127563,1
127564,1
127565,2
127566,3
127567,1
127568,2
127569,3
127570,4
127571,5
127577,1
127578,2
127579,3
127580,4
127581,5
127582,6
127583,7
127584,8
127585,9
127586,10
127596,1
127597,2
127598,3
127599,4
127600,5
127601,6
127602,7
127603,8
127604,9
127605,10
127606,11
127607,12
127614,1
127615,2
127616,3
127617,4
127618,5
127619,1
127622,1
127623,2
127626,1
127627,2
127628,3
127629,1
127630,2
127631,3
127632,4
127633,5
127634,6
127635,7
127636,8
127651,1
127652,2
127653,3
127654,4
127655,5
127656,6
127657,1
127658,2
127659,3
127660,1
127661,2
127662,3
127663,4
127664,5
127665,6
127675,6
127676,1
127677,2
127678,1
127679,2
127681,1
127682,2
127683,3
127684,4
127685,5
127686,6
127687,7
127688,8
127689,9
127690,10
127691,11
127692,12
127693,13
127701,1
127702,2
127703,3
127704,4
127705,5
127706,6
127707,7
127776,1
127777,2
127778,3
127779,4
127780,5
127781,6
127782,7
127783,8
127784,9
127786,1
127787,2
127788,3
127789,1
127790,2
127791,3
127792,2
127795,1
127796,2
127797,3
127798,4
127799,5
127800,6
127801,1
127802,1
127803,1
127809,1
127810,2
127811,3
127812,4
127813,5
127814,6
127815,7
127816,8
127817,9
127818,10
127819,11
127820,12
127821,13
127822,14
127823,15
127824,16
127825,17
127826,18
127829,1
127830,2
127831,3
127832,3a
127833,4
127834,4a
127835,4b
127836,5
127837,5a
127838,6
127839,7
127840,8
127841,9
127842,10
127843,11
127844,12
127860,1
127861,2
127862,3
127863,5
127864,6
127865,7
127872,Pos. 3
127873,Pos. 3.2
127874,Pos. 4
127875,Pos. 1
127876,Pos. 2.1 à 2.12
127877,Pos. 5
127900,1
127901,2
127902,3
127903,4
127904,5
127905,6
127906,7
127907,8
127908,9
127909,10
127924,1
127925,2
127926,3
127927,4
127928,5
127929,6
127930,7
127931,8
127932,9
127933,10
127934,11
127936,1
127937,2
127938,3
127939,4
127940,5
127941,1
127942,1
127943,1
127944,2
127945,3
127946,4
127947,5
127948,17
127949,22
127950,1
127951,2
127952,3
127953,4
127954,5
127955,6
127956,7
127957,8
127958,9
127959,10
127960,1
127961,2
127962,3
127966,3
127967,1
127968,2
127969,3
127970,4
127971,5
127972,6
127973,7
127974,8
127975,9
127976,10
127977,11
127978,12
127979,13
127980,14
127981,15
127982,16
127983,17
127984,18
127985,19
127988,1
127989,2
127990,3
127991,4
127992,5
127993,6
127994,7
127995,8
127996,9
127997,10
127998,11
127999,12
128000,13
128012,1
128013,2
128014,3
128015,4
128021,1
128099,1
128100,2
128101,3
128102,4
128103,1
128104,2
128105,3
128106,4
128107,5
128108,6
128109,7
128110,8
128111,9
128112,10
128113,11
128114,12
128115,13
128116,1
128117,2
128118,3
128119,4
128120,5
128122,POS 3
128123,POS 5
128124,POS 6
128141,1
128142,2
128143,3
128144,4
128145,5
128158,1
128159,2
128160,3
128162,11
128163,1
128164,2
128165,3
128166,4
128167,5
128168,6
128169,7
128170,8
128171,9
128172,10
128173,11
128174,12
128175,13
128176,14
128181,1
128182,2
128183,3
128184,4
128185,5
128194,1
128195,2
128196,3
128197,4
128198,5
128199,6
128202,1
128203,2
128204,1
128205,2
128207,1
128208,2
128209,3
128210,4
128211,5
128223,1
128229,2
128230,3
128231,4
128232,5
128233,6
128234,7
128235,8
128236,9
128237,10
128238,11
128239,12
128240,13
128241,14
128242,15
128243,16
128248,2
128249,3
128250,4
128251,5
128252,6
128253,7
128254,8
128255,9
128256,10
128257,11
128258,12
128259,13
128260,14
128261,15
128262,16
128264,1
128265,2
128266,3
128267,4
128268,5
128269,6
128270,7
128271,8
128272,9
128273,10
128274,11
128275,12
128276,13
128277,14
128278,15
128279,16
128280,17
128281,18
128282,19
128283,20
128284,21
128285,22
128286,23
128287,24
128288,25
128289,26
128290,27
128291,28
128292,29
128293,30
128294,31
128295,32
128296,33
128297,34
128298,35
128305,12
128306,13
128307,10
128308,1
128309,2
128310,3
128311,4
128312,5
128313,6
128314,7
128315,12
128316,13
128317,14
128318,15
128319,16
128320,17
128321,18
128322,19
128323,1
128324,2
128325,3
128326,4
128327,5
128329,11
128330,12
128332,1
128333,2
128334,3
128335,4
128336,5
128337,6
128338,7
128339,8
128340,1
128341,2
128342,3
128343,4
128344,5
128345,1
128346,2
128348,1
128349,2
128350,3
128351,4
128352,5
128353,6
128354,7
128355,8
128356,9
128357,10
128358,11
128361,1
128362,2
128363,3
128364,4
128365,5
128366,6
128367,7
128368,8
128369,9
128370,10
128371,11
128372,12
128373,13
128374,14
128379,5.0
128445,3
128446,3a
128447,4
128448,4a
128449,4b
128450,5
128451,5a
128455,1
128456,2
128457,3
128472,1
128473,2
128474,3
128475,4
128476,5
128477,6
128478,7
128479,8
128480,9
128481,10
128483,1
128484,2
128485,3
128486,4
128487,5
128488,6
128489,7
128490,8
128491,12
128493,1
128494,20
128495,1
128496,2
128497,3
128498,4
128499,5
128500,6
128501,7
128502,8
128503,9
128504,10
128505,11
128506,12
128507,13
128509,1
128510,2
128511,3
128512,4
128513,5
128514,6
128515,7
128516,8
128517,9
128518,10
128522,1
128523,2
128525,1
128526,2
128527,3
128528,4
128529,1
128530,2
128531,3
128532,4
128533,5
128534,6
128535,7
128536,8
128537,9
128538,10
128539,11
128542,1
128544,1
128545,1
128546,2
128547,3
128548,4
128549,5
128550,6
128551,7
128552,8
128553,9
128554,10
128555,11
128556,12
128557,13
128558,14
128559,15
128560,16
128561,17
128562,18
128563,19
128564,20
128565,21
128566,22
128567,23
128568,24
128569,25
128570,26
128571,27
128572,28
128573,29
128574,30
128575,31
128576,32
128578,1
128579,2
128580,3
128581,4
128582,5
128583,6
128584,7
128621,19
128622,20
128624,1
128625,2
128626,3
128627,4
128628,5
128629,3
128630,4
128631,5
128632,6
128633,7
128634,8
128635,9
128636,10
128638,1
128639,2
128640,3
128641,4
128642,5
128643,6
128644,7
128645,8
128647,1
128648,2
128649,3
128650,4
128651,5
128652,6
128653,7
128654,8
128655,9
128656,1
128657,2
128658,3
128659,4
128660,5
128661,6
128662,7
128663,8
128664,9
128665,1
128666,2
128667,3
128668,4
128669,5
128672,1
128673,2
128674,3
128675,4
128676,5
128677,6
128678,7
128679,1
128680,2
128681,3
128682,4
128683,5
128684,6
128685,7
128686,8
128687,9
128688,10
128689,11
128690,12
128691,13
128692,14
128693,15
128697,1
128698,1
128700,1
128701,2
128702,3
128719,1
128720,2
128726,1
128727,2
128728,3
128729,4
128730,5
128731,6
128732,1
128733,2
128734,3
128735,4
128736,5
128738,1
128739,2
128758,POS 1
128759,POS 2
128760,POS 3
128761,POS 4
128768,1
128769,2
128770,1
128771,2
128772,3
128773,4
128774,5
128775,6
128776,7
128777,1
128778,2
128779,3
128780,4
128781,1
128782,2
128783,3
128784,4
128785,5
128786,6
128787,7
128788,1
128789,2
128790,2a
128791,2b
128792,2c
128821,POS 1
128822,POS 2.2
128823,POS 3
128824,POS 6.1/6.2
128825,POS 5
128856,3
128888,1
128889,2
128890,3
128891,4
128896,1
128897,2
128898,3
128899,4
128900,5
128901,6
128902,7
128903,8
128904,9
128905,10
128907,1
128908,1a
128909,1b
128910,2
128911,3
128912,4
128913,5
128914,6
128922,1
128923,2
128924,3
128925,4
128926,5
128927,1
128928,2
128929,3
128930,4
128931,5
128932,6
128935,1
128936,1
128937,2
128938,3
128939,1
128940,2
128941,3
128942,4
128943,5
128944,6
128945,7
128946,8
128947,9
128948,10
128949,11
128950,12
128951,13
128952,14
128953,15
128954,16
128955,17
128956,18
128957,19
128958,20
128959,21
128960,22
128961,23
128962,24
128965,1
128966,1
128967,2
128968,1
128970,1
128971,2
128972,3
128973,4
128974,5
128975,6
128976,7
128978,1
128979,2
128982,1
128983,1a
128984,2
128985,2a
128986,2b
128987,2c
128988,2d
128989,2e
128993,1
128994,2
128995,2a
128998,14
129002,1
129003,2
129004,3
129005,4
129006,5
129007,6
129008,7
129104,1.0
129105,2.0
129106,3.0
129107,4.0
129108,5.0
129109,20.0
129114,1
129115,2
129116,3
129117,4
129118,5
129121,1
129122,2
129123,3
129124,4
129142,1
129143,2
129144,1
129145,2
129146,3
129147,4
129148,5
129149,6
129150,7
129151,8
129152,1
129153,2
129154,3
129155,4
129156,5
129157,6
129158,7
129159,1
129160,2
129161,3
129162,4
129163,1
129164,2
129165,3
129166,4
129167,1
129168,2
129169,3
129170,4
129171,1
129194,1
129195,2
129196,3
129197,4
129198,5
129199,6
129200,1
129201,2
129202,1
129203,11
129204,1
129222,1
129223,2
129224,3
129225,4
129226,5
129227,6
129228,7
129229,8
129230,9
129231,10
129232,11
129233,12
129234,13
129235,13a
129236,13b
129237,13c
129248,2
129264,1
129265,2
129266,1
129267,2
129268,1
129269,2
129270,1
129271,2
129272,1
129273,2
129274,3
129275,4
129276,5
129277,6
129278,7
129279,8
129280,9
129281,1
129282,2
129283,3
129284,4
129285,5
129286,6
129287,7
129288,11
129289,12
129290,13
129291,14
129292,15
129293,16
129294,17
129295,18
129296,19
129297,20
129298,21
129299,22
129300,23
129301,24
129302,25
129303,26
129304,27
129341,1
129342,1a
129343,2
129344,3
129345,4
129346,5
129347,6
129348,7
129349,8
129350,9
129351,10
129352,11
129353,12
129354,13
129355,14
129361,1
129362,2
129363,3
129364,4
129365,5
129366,6
129367,7
129368,8
129369,9
129370,10
129371,11
129372,12
129373,13
129374,14
129375,15
129376,16
129377,17
129378,18
129379,19
129380,20
129381,21
129382,22
129409,1
129410,2
129411,1
129412,2
129413,3
129414,4
129415,5
129416,1
129418,4
129419,5
129420,6
129424,1
129425,2
129426,3
129427,4
129428,5
129429,6
129431,3
129432,4
129433,5
129435,1
129436,2
129438,1
129439,2
129440,3
129441,4
129442,5
129443,6
129444,7
129445,8
129446,9
129447,10
129448,11
129449,12
129450,13
129451,14
129452,15
129453,16
129454,17
129455,18
129456,19
129457,1
129458,2
129459,3
129460,1
129462,1
129488,2
129489,3
129490,1
129491,1
129493,1
129494,2
129495,3
129496,4
129497,5
129498,6
129499,7
129500,8
129501,9
129502,10
129503,10a
129504,10b
129505,11
129506,12
129507,13
129508,13a
129553,1
129554,2
129555,3
129556,4
129557,4a
129560,1
129561,2
129562,3
129563,4
129564,5
129565,6
129575,1
129576,2
129577,3
129578,1
129579,2
129580,3
129581,4
129588,1
129589,2
129590,3
129593,1
129594,2
129595,3
129596,4
129597,5
129598,6
129599,7
129600,8
129601,9
129613,2
129614,3
129615,4
129616,5
129617,6
129618,7
129631,10.0
129643,1
129644,2
129655,3
129656,1
129657,2
129658,3
129659,4
129660,5
129661,6
129662,7
129663,8
129664,8a
129665,1
129666,2
129667,1
129690,1
129693,1
129694,2
129697,1
129698,1
129699,1
129700,2
129701,3
129702,4
129703,5
129704,6
129705,7
129706,8
129707,9
129708,10
129709,11
129710,12
129711,13
129712,14
129713,15
129714,1
129717,1
129718,2
129719,3
129720,4
129721,5
129724,1
129725,2
129726,3
129727,4
129728,5
129729,6
129730,7
129731,7a
129732,7b
129775,1
129776,2
129779,1
129780,2
129781,3
129782,4
129783,5
129785,1
129786,2
129787,3
129789,1
129790,2
129791,3
129792,4
129793,5
129794,6
129795,7
129796,8
129797,1
129798,2
129799,3
129800,4
129801,5
129802,6
129803,7
129804,8
129805,9
129806,10
129807,11
129808,12
129809,13
129827,8.0
129828,11.0
129829,12.0
129830,14.0
129831,17.0
129869,1
129870,2
129871,1
129872,2
129873,3
129874,4
129875,5
129876,6
129877,7
129878,8
129879,9
129880,10
129881,11
129882,12
129886,3
129887,32
129890,1
129891,1
129892,2
129903,1
129904,2
129905,3
129906,4
129913,1
129914,2
129915,3
129916,4
129917,5
129918,6
129919,7
129920,8
129921,9
129922,10
129923,11
129924,12
129925,13
129926,14
129927,15
129928,16
129929,17
129930,18
129931,19
129932,20
129933,21
129934,22
129935,23
129936,24
129937,25
129946,1.0
129947,1
129948,2
129950,1
129951,2
129953,POS 1
129954,POS 2
129956,11
129957,1
129958,2
129959,3
129960,4
129961,5
129962,6
129963,7
129964,8
129965,9
129966,10
129967,11
129975,1
129976,2
129977,3
129978,4
129979,5
129980,6
129981,7
129983,1
129984,1a
129985,1b
129990,1
129991,2
129992,3
129993,4
129994,5
129995,6
129996,7
129997,8
129998,9
130009,A1
130010,A2
130011,A3
130014,1
130015,2
130016,3
130017,4
130018,5
130019,6
130020,7
130021,8
130022,9
130023,10
130024,11
130027,1
130030,1
130031,2
130032,3
130033,4
130034,5
130035,6
130036,7
130037,1
130038,2
130039,3
130040,4
130041,1
130042,2
130043,3
130044,4
130045,5
130046,24
130047,26
130048,27
130049,29
130051,1
130052,2
130053,3
130054,4
130055,5
130057,1
130058,1
130059,2
130060,3
130061,4
130062,5
130063,6
130064,7
130076,1.0
130090,1
130091,2
130092,3
130093,4
130094,5
130095,6
130120,1.0
130121,2.0
130122,3.0
130123,1.0
130124,2.0
130146,1
130147,2
130148,1
130149,2
130151,1
130152,2
130153,1
130156,1
130157,1
130158,2
130159,3
130160,4
130161,5
130167,12
130213,1
130214,2
130215,3
130216,4
130257,1
130258,1a
130259,2
130260,3
130261,4
130262,4a
130263,5
130264,6
130265,7
130266,8
130267,9
130270,1
130271,2
130272,3
130273,4
130282,POS 1
130283,POS 2
130333,1
130334,2
130335,3
130336,4
130337,5
130338,6
130339,7
130340,8
130341,9
130352,1
130353,2
130354,3
130355,4
130356,5
130357,6
130358,7
130359,8
130385,5
130386,7
130387,7a
130388,7b
130389,7.1
130390,7.1a
130391,7.1b
130392,8
130393,9
130394,10
130395,11
130396,12
130398,6
130400,1
130401,4
130402,1
130403,2
130404,3
130405,4
130406,5
130407,6
130408,7
130409,8
130410,9
130411,10
130412,11
130413,12
130414,1
130415,4
130416,5
130417,1
130418,A
130419,B
130420,C
130421,D
130422,E
130425,1
130426,2
130427,3
130428,4
130429,5
130437,1
130438,2
130439,3
130440,4
130441,5
130442,6
130443,7
130444,A
130445,B
130446,C
130447,D
130448,E
130449,F
130455,1
130462,1
130463,2
130464,3
130465,4
130470,1
130471,2
130477,1
130478,1
130479,2
130480,3
130481,4
130482,5
130483,6
130484,7
130485,8
130486,9
130487,10
130488,11
130489,12
130490,13
130491,14
130492,15
130493,16
130494,17
130495,18
130496,POS 1
130497,POS 2
130498,POS 3
130499,POS 4
130500,POS 5
130647,POS 1
130648,POS 2
130692,1
130693,2
130694,3
130695,4
130696,5
130697,6
130698,7
130699,8
130701,1
130703,1
130704,2
130705,3
130706,4
130707,5
130708,6
130709,7
130710,8
130711,9
130720,1
130721,2
130722,3
130723,4
130724,5
130725,6
130726,1
130727,2
130728,3
130729,4
130730,5
130752,100
130753,140
130754,160
130755,200
130756,220
130757,180
130758,240
130759,320
130760,340
130761,350a
130762,350b
130763,360
130764,420
130765,450
130766,460
130767,1
130768,2
130769,3
130770,1
130771,2
130772,3
130773,4
130774,5
130775,6
130792,1
130793,2
130794,3
130795,4
130796,5
130797,6
130798,7
130799,8
130800,9
130801,10
130805,1
130806,2
130807,3
130808,4
130810,1
130811,1
130813,15
130814,1
130815,1
130816,2
130817,3
130818,4
130824,1
130825,2
130826,3
130827,4
130829,1
130830,2
130837,1
130838,2
130839,3
130840,4
130843,1
130844,1
130846,1
130847,2
130848,3
130851,1
130852,2
130853,3
130854,4
130855,5
130856,6
130857,6a
130869,1
130872,7
130873,1
130874,2
130875,3
130876,4
130877,5
130878,1
130879,2
130880,3
130881,4
130882,5
130883,6
130884,1
130885,2
130886,3
130887,4
130888,5
130889,6
130890,7
130891,8
130892,9
130893,10
130894,1
130895,2
130896,3
130897,4
130898,5
130899,6
130924,5
130927,1
130928,2
130971,1
130972,2
130973,3
130974,4
130975,5
130976,6
130977,7
130978,8
130989,1
130990,2
130991,3
130992,4
130993,5
130994,6
130995,1
130996,2
130997,3
130999,1
131000,2
131001,3
131002,4
131003,5
131004,6
131005,7
131006,8
131007,9
131008,10
131009,11
131010,12
131011,13
131012,14
131013,15
131014,16
131015,17
131016,18
131017,19
131019,1
131020,2
131021,1
131022,1
131023,2
131024,3
131025,4
131029,1
131030,2
131033,1
131034,2
131035,3
131036,4
131040,1
131041,2
131042,3
131043,4
131044,5
131045,6
131046,7
131047,8
131048,9
131049,10
131050,11
131051,12
131052,1
131053,2
131054,3
131055,4
131056,5
131057,5a
131060,1
131091,1
131092,2
131093,3
131094,4
131095,5
131099,1
131100,2
131101,3
131102,4
131103,5
131104,6
131105,7
131106,8
131107,9
131108,10
131109,11
131110,12
131111,13
131112,14
131113,15
131114,16
131115,17
131133,1
131134,2
131136,1
131137,2
131138,3
131139,4
131140,1
131141,2
131142,3
131143,4
131144,5
131145,1
131147,1
131148,2
131149,3
131151,1
131152,2
131153,3
131154,4
131155,5
131156,6
131157,7
131158,8
131213,1
131214,1
131215,2
131216,3
131217,4
131218,5
131219,6
131226,1
131227,2
131228,1
131229,2
131230,3
131231,4
131232,5
131233,5a
131234,5b
131247,1
131248,1
131249,1
131250,2
131251,1
131252,2
131253,1
131254,2
131255,3
131256,4
131257,1
131258,2
131259,3
131261,1
131262,2
131263,3
131264,1
131265,2
131266,3
131268,1
131269,2
131270,3
131271,4
131272,5
131273,6
131284,1
131285,2
131286,3
131287,4
131288,5
131289,6
131290,7
131291,8
131292,9
131293,10
131294,11
131295,12
131296,13
131297,14
131298,15
131299,16
131300,17
131301,18
131302,19
131303,20
131304,21
131305,22
131306,23
131307,24
131308,25
131309,26
131310,27
131311,28
131312,29
131313,30
131314,31
131315,32
131316,33
131317,34
131318,35
131319,36
131320,37
131326,1
131348,3
131349,4
131350,5
131351,7
131353,1
131354,2
131355,3
131356,4
131357,5
131358,1
131359,2
131360,3
131361,4
131362,5
131363,1
131364,2
131365,3
131378,1
131379,2
131380,1
131381,2
131414,1
131415,2
131416,3
131417,4
131418,5
131419,6
131425,1
131426,2
131427,3
131428,4
131429,5
131430,6
131431,7
131432,8
131433,9
131434,9a
131435,10
131436,10a
131437,11
131438,11a
131439,12
131440,12a
131441,13
131442,13a
131443,14
131444,14a
131445,15
131446,15a
131447,16
131448,16a
131449,17
131450,17a
131454,1
131455,2
131456,3
131457,4
131458,5
131459,6
131460,7
131461,8
131462,9
131463,10
131464,180
131466,POS 1
131467,POS. 1.1
131468,POS. 3
131469,POS. 4.1
131470,POS. 4.2
131471,POS. 5.1 - 5.2  - 7.2
131472,POS. 7.1
131473,POS. 6
131474,POS. 8.1
131475,POS. 8.2
131476,POS. 9.1
131477,POS. 9.2
131478,POS. 11
131489,1
131490,1
131491,2
131492,3
131493,4
131494,5
131495,6
131497,1
131498,2
131499,3
131500,4
131501,5
131502,6
131503,7
131504,8
131505,9
131507,1
131508,1
131509,2
131510,3
131511,4
131512,1
131513,2
131514,3
131515,4
131516,5
131517,6
131518,7
131519,8
131520,9
131521,10
131522,11
131525,2
131526,3
131527,4
131528,5
131529,6
131530,1
131531,2
131532,3
131533,4
131534,5
131535,6
131536,7
131537,8
131538,9
131539,10
131540,11
131541,12
131542,13
131543,14
131544,15
131545,16
131546,17
131547,18
131549,3
131551,1
131552,2
131553,3
131554,4
131555,5
131556,6
131557,7
131558,8
131559,1
131560,2
131561,3
131562,4
131563,5
131564,1
131565,2
131566,3
131567,4
131568,5
131569,6
131570,7
131571,8
131572,9
131573,1
131574,4
131575,5
131577,1
131582,1
131583,2
131584,3
131585,4
131586,5
131587,6
131588,7
131589,8
131590,9
131591,10
131592,11
131593,12
131594,13
131595,14
131596,15
131597,16
131598,17
131599,18
131603,1
131604,1
131605,2
131606,3
131607,4
131608,1
131609,2
131610,1
131611,2
131612,3
131613,4
131633,1
131634,2
131635,3
131636,4
131637,5
131638,6
131639,7
131640,8
131645,1
131646,2
131647,3
131648,4
131649,5
131650,6
131653,1
131654,1
131655,2
131656,3
131657,5
131658,1
131659,2
131660,4
131661,4a
131664,1
131665,2
131666,3
131667,4
131668,5
131669,6
131670,7
131676,1
131677,2
131678,3
131679,4
131680,5
131681,6
131682,7
131683,8
131684,9
131685,10
131686,11
131687,12
131688,12a
131689,13
131690,13a
131691,13b
131694,1
131695,2
131696,3
131697,4
131701,1
131703,1
131704,1
131705,2
131706,1
131707,2
131708,3
131709,4
131710,5
131711,6
131712,1
131713,2
131714,3
131715,4
131716,5
131717,6
131718,7
131719,8
131720,9
131721,10
131722,11
131779,1
131780,2
131781,1
131782,2
131783,1
131784,2
131785,1
131786,2
131787,3
131788,1
131791,1
131793,1
131794,2
131795,5
131796,1
131797,2
131798,3
131799,4
131800,1
131801,2
131802,3
131803,1
131804,2
131805,3
131806,4
131807,5
131808,6
131809,7
131810,1
131811,2
131812,3
131813,4
131814,5
131815,6
131816,7
131817,8
131818,9
131819,10
131820,1
131821,2
131822,3
131823,4
131824,5
131825,6
131827,1
131828,2
131831,1
131832,2
131833,3
131846,1
131849,POS 1
131854,1
131855,2
131856,3
131857,4
131858,5
131859,6
131860,7
131861,8
131862,9
131863,1
131864,2
131865,3
131866,4
131867,5
131884,1
131885,2
131886,3
131887,4
131888,5
131889,6
131890,7
131891,8
131892,9
131893,10
131894,11
131895,12
131896,13
131897,14
131898,15
131899,16
131900,17
131901,18
131902,19
131903,20
131904,21
131905,22
131906,23
131907,24
131908,25
131909,26
131910,27
131914,1
131915,2
131916,3
131917,4
131918,5
131919,6
131920,7
131921,8
131922,9
131923,10
131925,1
131926,1
131927,2
131928,3
131929,4
131930,5
131931,6
131932,1
131933,2
131934,3
131935,4
131936,5
131938,1
131939,2
131940,3
131941,4
131947,12
131948,1
131949,2
131950,3
131951,4
131952,5
131953,6
131954,7
131955,8
131956,9
131957,10
131958,11
131960,1
131961,2
131962,3
131963,4
131964,5
131965,6
131966,7
131967,8
131968,9
132007,14
132008,15
132009,16
132010,17
132011,C6
132017,1
132018,1
132019,2
132020,3
132021,4
132022,5
132023,1
132024,1
132025,2
132026,3
132034,1
132035,2
132036,3
132037,4
132038,5
132039,6
132040,7
132041,8
132044,1
132045,2
132047,1
132048,2
132049,3
132050,4
132051,5
132052,6
132053,7
132054,8
132055,9
132056,1
132057,2
132058,1
132059,2
132060,3
132061,4
132063,1
132064,2
132065,3
132066,4
132067,5
132070,1
132071,2
132072,3
132073,4
132074,5
132075,6
132076,7
132077,8
132078,9
132079,10
132080,11
132081,12
132082,13
132083,14
132084,1
132085,2
132086,3
132087,4
132088,5
132089,6
132090,7
132091,8
132092,9
132093,10
132094,11
132095,12
132096,13
132097,1
132098,1
132100,1
132101,2
132103,1
132104,2
132105,3
132106,4
132107,5
132108,6
132109,7
132110,8
132111,9
132112,10
132113,11
132114,12
132115,13
132116,14
132117,15
132118,16
132119,17
132121,1
132125,1
132126,2
132127,3
132128,4
132129,1
132130,2
132131,3
132132,4
132133,4a
132134,4b
132150,1
132151,2
132152,3
132153,4
132155,7
132156,1
132157,2
132158,3
132159,4
132161,1
132162,1
132163,1
132169,4
132170,5
132171,6
132172,1
132173,2
132174,3
132175,4
132225,POS 1 / a
132226,POS 2
132243,1.0
132248,1
132249,2
132250,3
132251,4
132252,5
132253,6
132255,3
132257,1
132258,2
132259,1
132260,2
132261,1
132262,1
132263,2
132264,1
132265,2
132266,3
132267,4
132268,5
132269,6
132270,7
132271,8
132272,9
132273,10
132274,1
132275,2
132276,3
132277,4
132278,6
132279,7
132280,8
132281,1
132282,2
132284,1
132285,1
132286,2
132287,3
132288,4
132289,5
132290,1
132291,2
132292,3
132293,1
132294,2
132295,1
132296,1
132297,2
132298,3
132299,4
132344,1
132345,1
132346,2
132347,3
132348,4
132349,5
132366,1
132367,2
132369,1
132370,2
132371,17
132373,1
132374,2
132375,1
132376,1
132377,1
132378,1
132379,2
132380,1
132382,1
132383,2
132384,3
132385,4
132386,5
132387,6
132388,7
132389,8
132390,1
132391,1
132392,2
132396,1
132397,2
132398,3
132399,4
132400,5
132401,6
132402,7
132403,8
132404,9
132405,10
132406,11
132407,12
132408,13
132409,14
132410,15
132411,16
132412,17
132413,18
132414,19
132415,20
132418,1
132419,2
132420,3
132422,1
132423,2
132424,3
132425,1
132426,2
132427,3
132428,4
132429,5
132430,6
132431,7
132437,2
132438,3
132439,4
132440,8
132441,9
132442,14
132443,15
132444,17
132445,10
132446,11-12
132447,13
132450,1
132451,2
132452,3
132453,4
132454,6
132455,7
132456,5
132457,5a
132460,2
132461,3
132462,9
132463,10
132464,12
132465,11
132466,16
132467,15-14
132468,13
132481,1
132482,2
132483,3
132484,4
132485,5
132486,6
132487,7
132488,8
132489,2
132490,1
132491,2
132492,3
132502,1
132503,2
132504,3
132505,4
132506,5
132507,6
132508,7
132509,1
132510,2
132511,1
132512,2
132513,3
132514,1
132516,1
132517,1
132521,1
132522,2
132523,3
132524,4
132525,5
132531,1
132532,2
132533,3
132534,4
132535,5
132536,7
132537,8
132538,9
132539,10
132540,11
132541,12
132542,13
132544,1
132545,2
132546,3
132547,4
132548,5
132549,6
132550,7
132551,8
132552,9
132553,10
132554,11
132556,1
132557,1
132558,1
132559,1a
132560,2
132561,2a
132562,3
132563,3a
132564,4
132565,5
132596,1
132597,2
132598,3
132599,4
132603,1
132604,2
132605,3
132606,4
132607,5
132608,6
132609,7
132610,8
132611,9
132612,10
132613,11
132614,12
132615,13
132616,1
132617,2
132618,3
132619,4
132620,5
132626,26
132631,1
132632,2
132633,3
132634,4
132635,5
132676,1
132677,2
132679,1
132680,2
132681,4
132682,3
132691,1
132692,1
132693,2
132694,3
132695,4
132696,1
132697,2
132698,3
132699,4
132700,5
132701,1
132702,2
132703,3
132705,1
132708,2
132709,3
132710,4
132711,5
132712,7
132713,1
132714,6
132716,2
132718,1
132719,2
132720,3
132721,4
132722,5
132723,6
132724,16
132725,17
132726,18
132727,19
132728,20
132729,21
132730,22
132733,1
132734,2
132735,3
132736,4
132782,1
132783,2
132784,3
132785,4
132786,1
132787,2
132788,3
132789,4
132790,5
132791,6
132792,7
132793,8
132794,9
132795,10
132796,11
132797,12
132798,13
132799,1
132800,1a
132801,1b
132802,1c
132812,1
132836,1
132837,1
132838,2
132839,3
132840,4
132842,1
132843,2
132844,3
132845,4
132846,5
132849,1
132850,21
132851,22
132852,23
132853,24
132854,1
132855,2
132856,3
132857,4
132859,1
132860,2
132861,3
132887,Pos. 2 + 3
132888,Pos. 4
132889,Pos. 5
132890,Pos. 6
132954,Pos. 1
132955,Pos. 2
132956,Pos. 3
132957,Pos. 4 & 5
132958,Pos. 6 & 7
132962,1
132963,2
132964,3
132965,4
132966,5
132967,6
132968,7
132969,8
132970,1
132971,2
132987,1
132988,1
132989,1
132990,1a
132993,1
132994,2
132995,3
132996,4
132997,5
132998,6
132999,7
133000,8
133002,1
133003,1
133004,1
133005,2
133006,3
133007,4
133008,5
133009,6
133010,7
133011,8
133012,9
133013,10
133014,11
133015,11a
133019,1
133021,1
133022,2
133023,3
133024,4
133025,5
133026,6
133027,7
133028,8
133029,9
133030,10
133031,11
133032,1
133034,1
133035,2
133071,1
133072,3
133073,1
133074,1
133075,2
133076,3
133077,4
133078,5
133079,6
133080,7
133081,8
133082,9
133083,10
133109,1
133110,2
133111,3
133112,4
133113,5
133114,6
133115,7
133116,8
133117,9
133118,10
133119,11
133120,12
133121,13
133122,14
133123,15
133124,16
133125,17
133134,1
133135,2
133136,3
133137,4
133138,5
133139,6
133144,1
133145,2
133146,3
133147,4
133148,5
133149,6
133150,7
133151,1
133152,1a
133154,1
133155,1
133156,2
133157,3
133158,4
133160,1
133161,1
133162,2
133170,1
133173,2
133175,1
133176,5
133177,6
133179,1
133180,2
133181,3
133182,4
133184,1
133185,2
133186,3
133187,4
133188,5
133189,6
133190,7
133191,8
133192,9
133193,10
133194,11
133214,1
133218,Pos.2
133219,Pos. 3
133270,1
133271,2
133272,3
133273,4
133274,4a
133275,5
133276,5a
133277,5b
133280,1
133281,2
133282,8
133283,8a
133284,11
133285,11a
133288,1
133289,2
133290,3
133291,4
133292,1
133293,2
133294,3
133295,4
133296,4a
133297,5
133298,6
133299,7
133300,8
133301,9
133302,9a
133306,1
133307,2
133308,3
133309,1
133310,2
133311,3
133312,4
133316,1
133317,2
133318,3
133319,4
133320,5
133321,6
133322,7
133323,8
133324,9
133325,10
133326,11
133327,12
133328,13
133329,14
133330,15
133331,16
133332,17
133333,18
133344,1
133345,2
133346,3
133347,4
133348,5
133349,6
133350,7
133352,1
133353,2
133354,1
133355,2
133358,1
133359,1
133360,2
133361,3
133362,4
133363,5
133364,6
133365,7
133366,8
133367,9
133368,10
133369,11
133370,12
133371,13
133372,14
133374,1
133375,2
133376,3
133377,4
133378,5
133379,6
133380,7
133381,8
133382,9
133383,10
133384,11
133385,12
133386,13
133387,14
133388,15
133389,16
133390,17
133391,18
133393,1
133394,2
133395,3
133396,4
133399,7
133401,1
133402,2
133403,3
133404,4
133405,5
133406,6
133407,7
133408,8
133409,9
133410,10
133411,11
133423,1
133424,2
133425,3
133426,4
133427,5
133429,6
133430,7
133431,8
133432,9
133433,10
133434,11
133446,1
133447,2
133448,3
133449,4
133450,5
133451,6
133452,7
133453,8
133454,1
133455,2
133456,3
133457,4
133458,5
133459,6
133460,7
133461,8
133462,9
133465,Page 8
133466,Page 10
133471,1
133472,2
133473,3
133474,4
133475,5
133476,1
133477,2
133478,3
133479,4
153056,4.0
133556,1
133557,2
133558,3
133559,4
133561,1
133562,2
133563,3
133564,4
133565,5
133566,6
133567,7
133568,8
133569,9
133570,1
133571,2
133572,3
133573,4
133574,5
133575,6
133576,1
133577,2
133578,3
133579,4
133580,1
133581,2
133582,3
133583,4
133584,5
133585,6
133586,7
133587,8
133588,9
133589,10
133590,11
133591,12
133595,1
133610,1
133611,1
133612,2
133613,3
133615,1
133616,2
133617,3
133618,4
133619,5
133620,6
133621,7
133622,7a
133623,9
133624,10
133625,11
133628,1
133632,1
133633,1a
133634,1b
133635,1c
133644,1
133645,1a
133646,2
133647,2a
133648,2b
133649,3
133650,4
133651,5
133652,6
133653,7
133654,8
133655,9
133656,10
133657,11
133658,12
133662,1
133663,2
133664,3
133665,4
133666,5
133667,1
133668,1
133669,2
133670,2
133671,3
133672,4
133673,5
133674,6
133675,7
133676,1
133677,2
133678,1
133679,2
133680,3
133681,4
133682,5
133683,6
133684,7
133685,8
133686,1
133687,2
133688,3
133689,4
133690,1
133691,2
133719,18
133720,19
133721,1
133722,2
133723,3
133724,4
133725,5
133726,6
133727,7
133729,1
133730,2
133731,3
133732,4
133733,5
133734,1
133735,2
133736,3
133739,1
133740,2
133741,3
133742,4
133744,1
133745,2
133749,1
133750,2
133751,3
133752,4
133753,5
133754,1
133756,11
133757,13
133759,1
133760,2
133762,1
133763,2
133764,3
133765,4
133766,5
133767,12
133768,13
133769,14
133770,15
133771,16
133772,17
133773,18
133789,18
133792,1
133795,1
133796,2
133797,3
133798,4
133799,5
133800,6
133801,7
133802,8
133803,9
133804,10
133805,11
133806,12
133807,13
133808,14
133809,15
133810,16
133811,17
133812,1
133813,2
133814,3
133815,4
133816,5
133832,pos.1.1
133837,1
133843,1
133844,1a
133845,1b
133855,1
133856,2
133857,3
133858,4
133859,5
133860,16
133861,17
133862,18
133863,19
133864,32
133865,33
133866,10-25
133867,11-26
133868,6
133869,7
133870,8
133871,9
133872,12
133873,13
133874,14
133875,15
133876,20
133877,21
133878,22
133879,23
133880,24
133881,27
133882,28
133883,29
133884,30
133885,31
133892,1
133893,2
133894,3
133895,4
133896,5
133897,6
133898,7
133899,8
133900,9
133901,10
133902,11
133903,7
133904,8
133905,9
133906,10
133907,11
133908,12
133909,13
133910,14
133911,15
133912,16
133913,17
133914,18
133915,19
133916,20
133917,21
133918,22
133919,1
133921,1
133922,7
133923,16
133924,2
133926,1
133927,2
133928,3
133929,4
133930,5
133931,6
133932,7
133933,8
133934,9
133935,10
133936,POS.1
133937,POS.3
133943,1
133944,2
133945,3
133946,4
133947,5
133948,6
133949,7
133950,8
133951,9
133952,10
133953,11
133954,12
133956,POS.1
133962,1
133963,2
133964,3
133965,4
133966,5
133967,6
133978,1
133984,1
133985,1
133986,1
133987,1
133988,2
133989,3
133990,4
133991,5
133992,1
133993,1
133994,2
133995,1
133998,1
133999,2
134000,3
134001,4
134002,5
134003,6
134004,7
134005,8
134006,9
134007,10
134008,11
134009,12
134010,13
134011,14
134012,15
134013,16
134014,17
134015,18
134016,19
134017,20
134018,21
134019,22
134020,23
134064,Pos. 3
134067,1
134097,1
134098,2
134099,3
134100,4
134101,5
134102,6
134103,7
134104,8
134105,9
134106,1
134107,2
134108,3
134109,4
134110,5
134111,6
134114,1
134117,1
134120,16
134121,17
134122,1
134123,2
134124,3
134125,4
134126,5
134127,6
134128,7
134129,8
134130,1
134131,1
134132,2
134133,3
134137,11
134138,12
134139,13
134140,14
134141,15
134171,1
134172,1
134173,2
134177,1
134178,2
134179,3
134180,4
134181,5
134182,6
134183,7
134185,1
134186,2
134187,3
134188,4
134189,5
134192,1
134193,2
134194,3
134195,4
134196,5
134197,6
134198,7
134199,8
134200,9
134202,1
134203,1
134204,1
134206,1
134207,2
134208,4
134209,1
134211,1
134212,2
134213,3
134214,4
134215,5
134216,6
134220,2.0
134223,7
134224,8
134225,9
134226,10
134227,11
134228,12
134229,13
134230,14
134231,15
134232,16
134233,17
134234,18
134235,19
134236,21
134237,22
134238,23
134244,1
134245,2
134246,3
134247,4
134248,5
134249,6
134250,1
134252,1
134253,2
134254,3
134255,4
134256,5
134257,6
134258,1
134263,1
134264,1
134265,2
134268,1
134269,1
134270,2
134271,3
134272,4
134273,5
134274,6
134275,7
134276,8
134288,1
134289,2
134290,3
134291,4
134292,5
134293,6
134294,7
134295,8
134297,23
134298,24
134299,25
134300,26
134301,27
134302,28
134303,29
134304,30
134305,31
134306,32
134307,33
134308,34
134309,35
134310,36
134311,37
134312,38
134315,1
134317,1
134318,2
134319,3
134320,4
134321,5
134383,1
134385,4
134386,5
134387,6
134388,7
134391,1
134392,1
134393,2
134394,3
134395,4
134396,5
134397,6
134398,7
134399,8
134401,1
134402,2
134403,3
134404,4
134405,1
134406,2
134407,3
134410,1
134411,2
134413,1
134414,2
134415,3
134416,4
134417,5
134418,1
134419,2
134420,3
134421,4
134422,5
134423,6
134426,1
134459,POS. 2
134483,1
134484,2
134485,3
134487,1
134488,2
134519,1
134520,2
134540,POS 2
134557,17
134558,18
134572,1
134618,1
134619,2
134620,3
134621,4
134622,5
134623,6
134624,7
134625,8
134626,9
134627,10
134628,11
134629,12
134630,13
134631,14
134632,15
134633,16
134634,17
134637,1
134639,1
134640,2
134641,3
134642,4
134643,5
134644,6
134645,7
134646,8
134647,9
134650,39
134651,40
134652,41
134653,42
134654,43
134655,44
134656,45
134657,46
134658,47
134659,48
134663,13
134664,14
134666,1
134667,2
134668,3
134669,4
134670,5
134671,6
134672,7
134673,8
134675,24
134676,25
134677,26
134678,27
134679,28
134686,19
134687,20
134688,21
134689,22
134690,23
134692,1
134693,2
134696,18
134697,19
134698,20
134699,21
134700,22
134701,23
134702,24
134703,25
134704,26
134705,27
134706,28
134707,29
134708,30
134709,31
134710,32
134711,33
134712,34
134713,35
134714,36
134715,37
134716,38
134717,39
134718,40
134719,41
134720,42
134721,43
134722,44
134723,45
134724,46
134725,47
134726,48
134727,49
134728,50
134729,51
134730,52
134731,53
134732,54
134733,55
134734,56
134735,57
134736,58
134737,59
134745,1
134746,2
134748,POS. 1
134764,1
134765,2
134766,3
134767,4
134768,5
134769,6
134770,7
134771,8
134772,9
134773,10
134774,11
134775,12
134786,1
134787,2
134788,3
134789,4
134791,1
134792,2
134793,3
134794,4
134797,1
134798,2
134799,3
134800,1
134802,1
134803,2
134804,1
134806,1
134807,2
134808,1
134809,2
134810,3
134815,1
134816,2
134820,49
134821,50
134822,51
134823,52
134824,53
134825,54
134826,55
134827,56
134828,57
134829,58
134832,3
134833,4
134834,5
134835,6
134836,7
134837,8
134838,9
134839,10
134840,11
134841,1
134842,2
134843,3
134844,4
134845,5
134846,6
134847,7
134848,8
134849,9
134862,1
134863,2
134864,3
134865,4
134866,5
134867,6
134868,7
134869,8
134870,9
134871,10
134873,1
134874,1
134875,2
134876,3
134877,4
134878,1
134879,2
134880,3
134881,4
134882,5
134883,6
134884,7
134886,1
134887,2
134888,3
134889,4
134898,1
134899,2
134900,3
134901,4
134902,5
134903,6
134904,7
134905,1
134906,2
134907,3
134908,4
134909,5
134910,6
134911,1
134912,2
134913,3
134914,4
134917,1
134918,2
134919,3
134920,4
134921,5
134922,6
134923,7
134924,8
134925,9
134933,POS.1
134934,POS.2
134970,1
134971,2
134972,3
134973,4
134974,5
134975,6
134976,1
134977,1
134978,2
134979,1
134980,2
134981,1
134993,60
134994,61
134995,62
134996,63
134997,64
134998,65
134999,66
135000,67
135001,68
135002,69
135003,70
135004,71
135005,72
135006,73
135007,74
135008,75
135009,76
135010,77
135011,78
135015,9
135036,1
135038,1
135039,1
135042,POS. A
135043,POS. B
135044,POS. C
135049,Pos. 1
135093,1
135094,2
135095,3
135096,4
135097,5
135098,6
135099,1
135134,1
135135,2
135170,B
135252,1
135253,2
135254,3
135273,1
135274,2
135275,3
135276,4
135277,5
135278,6
135279,7
135280,8
135281,9
135282,10
135285,1
135286,2
135287,3
135288,4
135289,5
135290,6
135291,7
135292,8
135293,9
135294,10
135295,11
135305,1
135306,2
135307,3
135308,4
135309,5
135329,Pos. 1
135330,Pos. 2 SUD
135331,Pos. 3 OUEST
135343,1
135344,2
135345,1
135346,2
135347,3
135348,4
135349,5
135350,1
135351,A
135352,B
135353,C
135354,D
135355,E
135356,F
135357,A
135358,B
135359,C
135360,D
135363,59
135364,60
135365,31
135366,1
135367,2
135385,1
135386,2
135387,3
135388,1
135389,1a
135390,2
135391,2b
135394,2
135395,3
135396,1
135397,2
135398,3
135399,1
135400,1
135401,1
135402,2
135403,3
135404,4
135405,5
135406,1
135407,2
135408,3
135409,1
135410,4
135411,5
135412,6
135413,7
135414,8
135415,9
135416,10
135417,11
135418,12
135419,13
135424,1
135425,2
135426,3
135427,4
135428,5
135445,Pos. 1
135446,Pos. 2 & 3
135451,POS 1
135452,POS 2
135466,1
135467,2
135468,1
135469,1a
135470,1b
135527,1
135528,2
135529,3
135530,4
135532,1
135533,1
135534,1
135535,2
135536,3
135537,4
135538,5
135539,6
135540,7
135541,8
135542,9
135543,10
135544,11
135545,12
135546,13
135547,14
135548,15
135549,1
135550,2
135551,3
135552,4
135553,5
135554,6
135555,7
135556,8
135557,9
135558,10
135559,11
135560,12
135561,13
135563,1
135564,2
135565,3
135567,1
135568,2
135569,3
135570,4
135571,5
135572,6
135573,7
135574,8
135575,1
135576,2
135577,3
135578,4
135579,5
135580,6
135581,7
135582,8
135583,9
135585,1
135590,Pos D + F
135591,Pos. G
135624,1
135647,1
135648,2
135649,3
135650,4
135651,5
135652,6
135653,7
135654,8
135655,1
135656,2
135657,3
135658,4
135660,1
135661,2
135662,3
135663,4
135664,5
135665,6
135680,1.0
135681,2.0
135688,1
135690,1
135691,2
135692,3
135693,4
135694,5
135695,6
135696,7
135697,8
135698,9
135699,10
135700,11
135701,12
135702,13
135703,14
135704,15
135705,16
135706,17
135707,18
135708,19
135709,20
135710,21
135717,1
135718,2
135719,2a
135720,2b
135721,2c
135722,2d
135723,2e
135784,26
135786,17
135787,31
135788,34
135789,79
135791,1
135792,2
135793,3
135794,4
135795,5
135796,6
135797,7
135798,8
135799,9
135800,10
135801,11
135802,12
135803,13
135804,14
135805,15
135806,16
135807,17
135808,18
135809,1
135810,2
135812,1
135813,2
135814,3
135815,4
135816,1
135817,2
135818,3
135819,4
135820,5
135821,6
135822,7
135823,8
135824,9
135825,10
135826,11
135827,12
135828,13
135829,14
135830,15
135831,16
135832,17
135833,18
135834,1
135835,2
135836,3
135837,4
135838,5
135839,6
135840,1
135844,1
135848,16.0
135867,POS. 1
135868,POS.2
135870,1
135871,1a
135872,1b
135924,1
135956,Pos 6-7-8
135958,Pos 1
135959,Pos 2
135960,Pos 5
135979,1
135980,1
135981,1
135982,2
135983,3
135984,4
135985,1
135986,2
135987,3
135988,4
135989,5
135990,1
135991,2
135992,3
135993,4
135994,5
135995,6
135997,1
135998,2
135999,3
136000,4
136001,5
136003,1
136004,2
136005,3
136006,4
136007,5
136008,6
136009,7
136010,8
136011,9
136012,10
136013,11
136018,1
136019,2
136020,3
136021,4
136022,5
136023,6
136024,7
136025,8
136026,9
136027,10
136028,11
136029,12
136030,13
136031,14
136033,1
136034,2
136035,3
136036,1
136037,3
136038,4
136039,5
136040,6
136041,7
136043,1
136044,2
136045,3
136046,4
136047,5
136048,6
136049,7
136050,8
136051,1
136052,2
136053,3
136054,4
136055,5
136056,6
136057,7
136058,8
136059,9
136060,10
136061,11
136062,12
136063,13
136064,14
136065,15
136066,16
136067,17
136068,18
136069,19
136070,20
136071,21
136072,22
136073,23
136078,1
136079,2
136081,1
136082,2
136084,1
136085,1
136086,2
136087,3
136088,4
136089,5
136090,6
136091,7
136116,Pos 1
136117,Pos 2
136118,Pos 3
136119,Pos 4
136120,Pos 8
136121,Pos 9
136122,Pos 10
136123,Pos 11
136124,Pos 12
136125,Pos 13
136126,Pos 6
136127,Pos 14
136204,POS 2
136213,Pos. 2
136215,Pos. 3
136225,1
136227,1
136228,2
136229,1
136230,2
136231,3
136232,4
136233,1
136235,1
136236,2
136237,1
136238,2
136239,3
136240,4
136241,5
136242,6
136243,7
136244,8
136246,1
136247,2
136248,3
136249,4
136250,5
136251,6
136252,7
136253,8
136254,1
136255,2
136256,3
136257,4
136258,5
136259,6
136260,7
136261,8
136262,1
136263,2
136264,3
136265,4
136266,1
136267,1
136268,3
136269,1
136270,2
136271,3
136272,4
136273,1
136274,1
136275,1
136277,1
136278,2
136279,1
136280,2
136318,1
136319,2
136320,3
136321,4
136322,5
136323,6
136324,7
136340,POS 5 & 6
136341,POS 5
136349,POS 1
136350,POS 2
136351,POS 3
136352,POS 9 - 10
136370,1
136371,1
136372,2
136373,3
136374,4
136375,5
136376,6
136377,7
136378,8
136379,9
136380,10
136381,11
136396,1
136397,2
136398,3
136399,4
136400,5
136401,6
136402,7
136405,1
136406,2
136407,3
136409,1
136410,1
136411,2
136412,3
136413,4
136414,5
136415,6
136416,7
136421,1
136422,2
136423,3
136424,4
136425,5
136426,6
136427,7
136428,8
136429,9
136430,10
136452,1
136453,2
136454,3
136455,4
136456,5
136457,6
136458,7
136459,1
136460,2
136461,3
136462,4
136463,5
136464,6
136465,7
136466,8
136468,1
136469,2
136470,3
136471,4
136472,5
136473,6
136474,7
136475,8
136476,9
136477,10
136478,11
136479,12
136482,1
136484,1
136485,2
136486,3
136487,4
136498,1
136499,2
136500,3
136501,4
136502,5
136503,6
136504,7
136505,8
136506,9
136507,10
136508,11
136509,12
136510,13
136511,14
136512,15
136513,16
136514,17
136515,18
136516,19
136517,20
136518,21
136519,22
136520,23
136521,24
136522,25
136523,26
136524,27
136525,28
136526,29
136527,30
136528,31
136553,1
136554,2
136555,3
136556,4
136557,5
136558,1
136559,2
136560,3
136561,4
136562,5
136563,6
136564,7
136565,8
136566,9
136567,10
136568,11
136569,12
136570,13
136571,14
136572,15
136573,16
136574,17
136575,18
136576,19
136577,20
136578,21
136579,22
136580,23
136581,24
136582,25
136583,26
136584,27
136585,28
136586,29
136587,30
136588,31
136589,32
136590,33
136605,POS 1
136618,1
136619,1
136620,2
136621,3
136622,4
136623,5
136624,6
136625,7
136626,8
136627,9
136628,10
136629,11
136633,1
136635,1
136636,2
136637,3
136638,4
136639,5
136640,6
136641,7
136642,8
136643,9
136644,10
136645,11
136646,12
136647,13
136648,14
136649,15
136650,16
136651,17
136652,18
136653,19
136654,20
136655,21
136656,22
136657,23
136658,24
136659,25
136660,26
136661,27
136662,28
136663,29
136664,30
136665,31
136666,32
136667,33
136668,34
136669,35
136670,36
136671,37
136672,38
136677,1
136678,1
136679,2
136680,1
136728,1
136730,1
136733,1
136734,2
136735,3
136736,4
136737,5
136738,6
136739,5
136740,7
136741,8
136742,12
136743,14
136744,21
136745,22
136746,24
136747,16
136748,18
136749,18a
136750,20
136751,20a
136772,1
136810,1
136815,1
136816,2
136817,3
136818,4
136819,5
136820,6
136821,7
136822,8
136823,9
136824,10
136825,11
136826,7
136829,1
136830,1
136832,1
136833,2
136834,3
136835,4
136836,5
136837,6
136838,7
136839,8
136844,1
136845,2
136846,3
136847,4
136848,5
136849,6
136850,7
136851,8
136852,9
136853,10
136854,11
136855,12
136856,13
136866,1
136867,2
136868,3
136869,4
136870,5
136871,6
136872,7
136873,8
136874,9
136875,10
136876,11
136877,12
136878,13
136879,14
136944,1
136945,2
136946,3
136947,4
136949,1
136950,2
136951,3
136952,4
136953,5
136954,6
136955,2
136956,3
136957,4
136958,7
136959,9
136967,1
136968,2
136969,3
136970,4
136971,5
136972,6
136978,1
136979,2
136980,3
136981,4
136982,5
136983,6
136984,7
136985,8
136986,9
136987,10
136988,11
136989,12
136990,13
136991,14
136998,1
136999,2
137000,3
137001,4
137002,5
137003,6
137007,1
137008,2
137009,3
137010,4
137011,5
137012,6
137013,7
137014,8
137015,9
137016,10
137017,11
137018,12
137019,13
137020,14
137021,15
137022,16
137023,17
137024,18
137025,19
137026,20
137027,21
137028,22
137029,23
137030,24
137031,25
137036,1
137037,2
137038,3
137039,4
137040,5
137041,6
137042,7
137043,8
137044,9
137045,10
137046,11
137047,12
137048,13
137049,14
137050,15
137051,16
137052,17
137053,18
137055,POS.1 a
137056,POS. 1 b
137058,POS. 1 c
137060,POS. 3
137061,POS. 6.1 / 6.2
137062,POS 5.1
137064,POS 5.2
137067,POS. 9
137069,POS. 16
137084,1
137085,1
137086,2
137087,3
137088,4
137089,5
137090,6
137091,7
137092,8
137093,9
137106,1
137107,2
137108,1
137109,2
137110,3
137111,4
137112,5
137113,6
137114,6.1
137115,7
137116,8
137117,9
137118,10
137119,11
137120,12
137121,13
137122,14
137123,15
137124,16
137125,17
137126,18
137127,19
137128,20
137129,21
137130,22
137131,23
137132,24
137133,25
137134,1
137135,2
137136,3
137137,4
137138,5
137139,6
137140,7
137141,8
137142,9
137143,10
137144,11
137145,12
137146,13
137147,14
137148,15
137149,16
137150,17
137151,18
137152,19
137153,20
137154,21
137155,22
137156,23
137157,24
137158,25
137159,26
137160,27
137161,28
137162,29
137163,30
137164,31
137165,32
137180,1
137181,2
137182,3
137186,3
137187,4
137188,1
137189,2
137190,3
137191,4
137192,5
137193,6
137194,7
137195,8
137196,9
137198,1
137202,1
137203,2
137204,3
137205,4
137206,5
137207,6
137208,7
137209,8
137210,9
137211,10
137212,1
137213,2
137214,3
137218,1
137219,2
137220,3
137248,1
137249,2
137250,3
137251,4
137252,5
137253,6
137255,1
137256,2
137257,3
137258,6
137260,1
137263,4
137264,5
137265,1
137266,2
137267,3
137268,4
137269,5
137270,6
137272,1
137273,1
137274,2
137275,3
137276,4
137277,6
137278,7
137279,8
137282,1
137283,2
137284,5
137315,1
137316,2
137317,3
137318,4
137319,5
137320,6
137321,7
137322,8
137323,9
137324,10
137349,1
137350,2
137351,3
137352,4
137353,1
137354,2
137355,3
137356,4
137357,5
137358,5a
137485,1
137486,2
137487,3
137488,4
137489,5
137490,6
137491,7
137492,8
137493,9
137494,1
137495,2
137496,3
137497,4
137498,5
137499,6
137500,7
137503,1
137504,1
137505,2
137506,3
137507,1
137509,1
137510,1
137511,2
137512,3
137513,4
137514,5
137515,6
137516,7
137517,8
137519,1
137520,1
137521,2
137522,3
137523,4
137524,5
137525,6
137526,1
137527,2
137528,3
137529,4
137530,5
137531,6
137532,7
137533,8
137534,9
137535,10
137536,11
137537,12
137538,13
137539,14
137540,15
137541,16
137542,17
137543,18
137547,POS 1
137548,POS 2
137553,1
137554,2
137555,3
137556,4
137557,1
137558,2
137559,3
137560,4
137561,1
137562,2
137563,3
137564,4
137565,1
137566,2
137567,4
137568,5
137569,6
137570,7
137572,1
137573,2
137574,3
137575,4
137576,5
137577,6
137578,7
137582,Pos 1
137583,Pos 3
137647,POS. 1
137648,POS. 2
137671,Position 4
137672,Position 4
137673,Position 4
137674,Position 4.5
137675,Position 5
137676,Position 6
137677,Position 7
137678,Position 8
137695,Position 5
137696,Position 5
137697,Position 5
137698,Position 5.1
137699,Position 5.1
137700,Position 5.1
137701,Position 5.5
137702,Position 5
137703,Position 6
137805,1
137806,2
137807,1
137808,4
137809,5
137810,6
137811,7
137812,8
137813,9
137814,10
137815,11
137816,12
137817,13
137820,1
137821,2
137822,3
137823,4
137824,5
137825,6
137826,7
137827,8
137828,9
137829,10
137832,1
137833,2
137834,3
137835,4
137836,5
137837,6
137838,7
137843,5
137845,1
137846,2
137847,3
137854,1
137855,2
137856,3
137857,4
137858,5
137859,6
137860,7
137861,8
137867,1
137868,2
137869,3
137870,4
137871,5
137872,6
137873,7
137874,8
137875,1
137876,2
137877,3
137878,4
137879,1
137880,1
137881,1
137882,2
137883,3
137896,1
137897,2
137898,3
137899,4
137900,5
137903,1
137904,18
137905,2
137906,3
137907,1
137908,2
137909,3
137911,1
137912,5
137913,2
137914,6-7
137915,8-9
137917,1
137918,2
137919,3
137920,4
137921,5
137922,6
137923,8
137924,7
137925,7a
137948,1
137949,2
137950,3
137951,4
137952,5
137953,6
137954,7
137955,8
137956,9
137957,10
137958,11
137959,12
137960,13
137961,14
137962,15
137963,16
137964,17
137965,18
137966,19
137967,20
137968,21
137969,22
137970,23
138005,1
138006,1
138007,2
138008,1
138009,2
138010,3
138011,1
138012,2
138013,1
138014,2
138015,3
138016,4
138017,5
138018,6
138019,7
138020,8
138021,1
138022,2
138027,1
138028,2
138029,3
138039,1
138040,2
138041,3
138042,4
138043,5
138044,6
138045,11
138046,12
138047,13
138048,14
138049,15
138050,16
138051,17
138052,18
138053,19
138054,21
138055,22
138059,7
138060,8
138061,9
138062,10
138096,1
138098,1
138099,2
138100,3
138106,1
138107,2
138108,3
138109,4
138110,5
138111,6
138112,7
138113,1
138114,2
138115,3
138116,4
138117,5
138118,6
138119,7
138120,8
138121,9
138122,10
138123,11
138124,12
138125,13
138126,14
138127,15
138129,1
138130,2
138131,3
138132,4
138133,5
138134,6
138135,7
138136,8
138137,1
138138,2
138139,3
138140,4
138141,5
138142,6
138143,7
138144,8
138145,10
138146,10a
138168,1
138169,2
138170,3
138171,1
138172,2
138173,3
138174,4
138175,5
138176,6
138177,7
138178,8
138179,9
138180,10
138181,11
138182,12
138197,1
138198,2
138199,1
138200,1a
138201,1b
138202,2
138203,6
138204,8
138205,9
138206,10
138207,11
138208,4
138209,4a
138210,5
138211,5a
138213,7
138214,7a
138215,12
138219,1
138220,2
138221,3
138222,4
138223,5
138224,6
138225,7
138226,8
138318,1
138319,2
138320,3
138321,4
138322,5
138323,6
138324,7
138325,8
138326,9
138327,10
138328,11
138329,12
138330,13
138331,14
138332,15
138333,16
138337,3
138338,4
138339,1
138340,2
138341,3
138342,1
138343,2
138344,3
138345,4
138346,5
138349,1
138350,2
138351,3
138352,4
138353,5
138354,6
138355,7
138356,8
138357,9
138358,10
138359,11
138360,12
138361,13
138362,14
138363,15
138364,16
138366,1
138367,2
138368,3
138369,4
138370,5
138371,6
138372,7
138373,8
138374,9
138375,10
138378,1
138379,2
138380,3
138381,4
138382,5
138383,6
138384,7
138385,8
138386,9
138388,1
138389,2
138390,1
138391,2
138392,3
138393,4
138394,5
138395,6
138396,7
138397,4
138400,1
138401,2
138402,3
138403,4
138404,1
138405,2
138406,3
138407,4
138408,5
138409,6
138410,7
138411,8
138412,9
138413,10
138414,11
138415,12
138416,13
138418,1
138419,2
138420,3
138421,4
138422,5
138444,1
138445,2
138447,1
138448,2
138449,1
138450,2
138453,1
138456,1
138457,1
138458,2
138459,3
138460,4
138486,Position 1
138487,Position 2
138488,Position 3
138489,Position 4
138490,Position 5
138493,1
138494,2
138495,1
138496,5
138498,1
138499,1
138500,2
138501,3
138502,4
138503,5
138504,12
138505,13
138509,1
138510,2
138511,3
138512,4
138513,5
138514,6
138515,7
138516,8
138517,9
138518,1
138519,2
138520,3
138523,1
138524,2
138525,1
138526,2
138555,1
138556,1
138557,2
138558,3
138559,4
138560,1
138561,1
138562,2
138563,3
138564,4
138565,5
138566,6
138567,7
138568,8
138569,9
138579,1
138580,1
138581,1
138582,2
138583,3
138584,4
138585,5
138586,6
138587,7
138588,7a
138589,8
138590,8a
138591,1
138592,2
138593,3
138595,1
138596,2
138597,3
138598,4
138599,5
138600,6
138601,7
138602,8
138603,9
138604,10
138605,11
138606,12
138607,13
138608,14
138651,1
138652,2
138653,3
138654,4
138655,11
138656,5
138657,6
138658,6a
138659,7
138660,7a
138769,Position 1
138770,Posiiton 2
138771,Position 3
138772,Position 4
138796,1
138797,2
138798,3
138802,1
138803,2
138804,3
138805,4
138806,5
138807,6
138808,7
138809,8
138810,9
138811,10
138812,11
138813,12
138814,13
138815,14
138816,15
138817,16
138818,17
138819,18
138823,1
138824,2
138825,3
138826,4
138827,5
138828,6
138831,1
138832,2
138833,3
138834,1
138835,2
138836,3
138837,4
138838,5
138839,6
138840,7
138841,8
138842,1
138843,2
138844,3
138845,4
138846,1
138847,2
138848,3
138850,1
138851,2
138852,1
138853,2
138854,1
138857,POS 1
138858,POS.2
138859,POS. 3
138860,POS. 4
138865,POS.1
138867,POS.3
138876,4
138877,5
138961,1
138962,2
138963,1
138964,2
138965,3
138966,4
138967,5
138968,6
138969,7
138970,8
138971,9
138972,10
138973,11
138974,12
138975,13
138976,14
138977,15
138978,16
138979,17
138980,18
138981,19
138982,20
138990,1
138991,2
139013,1
139014,2
139015,3
139016,4
139017,5
139018,6
139019,7
139020,1
139021,2
139022,3
139023,4
139026,1
139027,2
139028,3
139029,4
139030,5
139031,6
139032,7
139033,8
139034,9
139035,10
139036,11
139037,12
139038,1
139039,2
139040,3
139041,1
139042,1
139043,2
139044,3
139045,4
139046,5
139047,6
139048,7
139049,8
139050,10
139051,Position 7
139052,Position 7
139053,Position 7
139054,Position 7.1
139055,Position 7.1
139056,Position 8
139057,Position 5.5
139063,1
139064,2
139065,3
139066,4
139067,5
139068,6
139069,1
139070,8
139074,POS 1
139075,POS 5
139096,1
139097,2
139098,3
139100,2
139101,3
139102,4
139103,5
139104,6
139105,2
139106,Pos A1
139107,Pos A2
139108,Pos B1
139109,Pos B3
139110,Pos B4
139111,Pos C1
139112,Pos adhéfif
139113,Pos peinture
139115,1
139116,2
139117,3
139118,4
139119,5
139120,6
139121,7
139122,8
139123,9
139124,10
139125,11
139127,1
139129,1
139130,2
139131,3
139132,4
139133,5
139134,6
139135,7
139136,8
139137,9
139148,POS 2.1 / 2.2 /
139149,POS. 10
139150,POS. 13 - POS 14
139151,POS.15
139152,POS. 17
139153,POS. 18
139154,POS. 20
139155,POS. 23
139156,POS. 27 / 28
139175,1
139176,1
139177,2
139178,3
139179,4
139180,5
139206,1
139207,2
139208,5
139209,7
139211,8
139212,3
139213,4
139214,6
139216,1
139217,2
139218,3
139219,4
139220,1
139221,1
139222,2
139223,3
139224,4
139225,5
139226,6
139227,7
139228,9
139229,11
139230,13
139231,18
139234,POS. 1A
139235,POS. 3.1 et 3.2
139236,Pos. 4
139237,POS. 5
139238,POS. 6.1
139240,1
139241,2
139242,1
139243,1
139244,2
139245,3
139246,4
139248,1
139249,1
139250,2
139251,1
139252,2
139261,Position 1
139262,Position 2
139263,Position 3
139264,Position 4
139323,Pos. 1&2
139324,Pos. 1à17
139325,Pos. 1à17
139326,Pos. 1&2
139327,Pos. 4
139328,Pos. 5
139335,POS.1
139336,POS. 2
139337,POS.3
139359,Pos.1
139363,POS 1
139393,1
139401,1
139402,2
139403,3
139404,4
139405,5
139406,6
139407,7
139408,8
139409,9
139410,10
139411,11
139412,12
139413,13
139414,14
139415,15
139416,16
139417,17
139418,18
139419,19
139420,20
139421,21
139422,22
139423,23
139424,24
139431,12
139432,1
139451,1
139453,1
139476,1
139477,2
139478,3
139480,1
139481,2
139482,3
139483,4
139484,5
139485,6
139486,7
139487,8
139488,9
139522,1
139523,1
139525,1
139526,2
139527,3
139528,4
139529,5
139530,6
139540,1
139541,2
139542,1
139543,2
139544,3
139545,4
139546,5
139547,6
139548,7
139549,8
139550,9
139551,10
139553,1
139554,1
139555,1
139556,2
139557,3
139558,4
139559,5
139560,6
139561,7
139562,8
139563,9
139564,10
139565,11
139566,12
139567,13
139568,14
139569,15
139570,16
139571,17
139572,18
139573,19
139574,1
139575,2
139576,3
139577,4
139578,5
139579,6
139580,7
139581,8
139582,9
139583,10
139584,1
139585,2
139589,1
139590,2
139591,3
139592,4
139593,5
139595,1
139596,2
139597,3
139598,4
139599,5
139600,6
139601,7
139604,1
139605,2
139606,3
139607,4
139608,5
139609,6
139610,7
139611,8
139612,9
139613,10
139614,11
139615,12
139616,13
139619,9
139620,1
139621,2
139622,3
139623,4
139624,5
139625,6
139626,7
139627,8
139628,9
139632,1
139633,3
139634,6
139635,7
139636,2
139637,2a
139638,4
139639,5
139643,1
139644,2
139645,3
139646,4
139647,5
139649,1
139650,2
139651,3
139652,4
139653,5
139660,1
139661,6
139662,7
139663,8
139664,9
139665,10
139668,1
139669,2
139670,3
139671,4
139672,5
139673,6
139674,7
139675,8
139676,10
139677,12
139678,9
139679,9a
139680,11
139681,11a
139684,1
139685,2
139686,3
139687,4
139688,5
139689,6
139690,7
139691,8
139692,9
139693,10
139694,11
139695,12
139696,13
139697,14
139698,15
139699,16
139704,1
139705,2
139706,3
139707,4
139708,5
139709,6
139710,7
139711,8
139712,9
139713,10
139714,11
139715,12
139716,13
139717,14
139718,15
139719,16
139720,17
139721,18
139722,19
139723,20
139724,21
139725,22
139726,23
139727,24
139728,25
139729,26
139730,27
139731,28
139732,29
139733,30
139734,31
139735,32
139736,33
139737,34
139738,35
139739,36
139740,37
139741,38
139742,39
139743,40
139744,41
139745,42
139746,43
139747,44
139748,45
139749,46
139750,47
139751,48
139752,49
139753,50
139756,1
139757,2
139758,3
139759,4
139760,5
139761,7
139762,6
139763,8
139767,1
139768,2
139769,3
139770,4
139771,5
139772,6
139773,7
139774,8
139775,9
139776,10
139779,1
139780,2
139781,3
139782,4
139783,5
139784,6
139785,7
139809,1
139811,1
139812,2
139813,3
139814,4
139815,5
139817,1
139818,2
139819,3
139820,4
139821,5
139822,6
139847,1
139848,2
139851,4
139852,5
139853,13
139854,14
139855,15
139856,17
139857,18
139858,20
139859,21
139869,1
139893,1
139894,2
139908,Pos. 1à17
139909,Pos. 1à17
139910,Pos. 1à17
139911,Pos. 3
139912,Pos. 6
139913,Pos. 7
139914,Pos. 8
139915,Pos. 10
139916,Pos. 11&12
139917,Pos. 13
139918,Pos. 14
139919,Pos. 17
139929,Pos. 1A
139930,POS 2 A
139931,POS 3
139932,POS.4
139944,1
139945,2
139946,3
139947,4
139948,5
139949,6
139950,7
139951,1
139953,1
139954,2
139955,3
139956,4
139966,1
139967,1
139968,2
139969,3
139970,4
139971,1
139984,1
139985,2
139986,3
139987,4
139988,5
139989,6
139994,1
139995,2
139996,3
139997,4
139998,5
139999,6
140000,7
140001,8
140002,F01
140003,F08
140004,F09
140005,F20
140006,1
140007,1
140008,2
140009,3
140011,1
140012,2
140013,3
140014,4
140017,1
140018,2
140019,3
140020,1
140021,2
140022,3
140023,4
140024,5
140025,6
140028,3
140029,6
140030,7
140031,8
140032,9
140033,14
140050,POS 1
140051,POS 2
140058,1
140059,2
140060,3
140061,4
140062,5
140063,6
140064,7
140066,1
140067,2
140068,3
140069,4
140070,5
140071,6
140072,7
140077,20
140078,21
140079,24
140080,29
140081,30
140082,31
140083,32
140087,POS. 1
140088,POS. 2
140089,POS. 3
140090,POS. 4
140091,POS. 5
140092,VAR 3 POS  6 / 7 / 8 / 10
140094,POS 1
140095,POS. 2
140096,POS. 3
140113,1
140114,2
140115,3
140171,1
140181,Pos 1
140182,Pos 2
140183,Pos 3
140189,1
140190,2
140191,3
140192,1
140193,2
140194,3
140195,4
140196,5
140197,6
140198,7
140199,8
140200,9
140201,10
140202,11
140203,1
140204,1
140205,1
140206,2
140207,3
140208,4
140212,5
140213,6
140214,7
140215,8
140219,1
140220,2
140221,3
140222,1
140223,2
140224,3
140227,1
140229,2
140230,1
140231,2
140232,3
140233,4
140234,5
140235,6
140236,7
140237,8
140238,9
140239,10
140241,1
140242,2
140243,3
140244,4
140245,5
140246,6
140247,7
140248,8
140249,9
140250,1
140251,16
140253,4
140255,9
140256,1
140257,2
140259,1
140260,1
140262,1
140263,2
140264,3
140265,4
140266,5
140267,6
140268,7
140269,8
140270,9
140271,10
140272,11
140273,12
140274,13
140275,14
140276,15
140280,1
140281,1
140282,2
140283,3
140284,4
140285,20
140322,1
140329,POS. 1
140330,POS 2
140331,POS. 3
140343,1
140344,2
140345,3
140347,1
140348,2
140349,3
140350,4
140351,5
140352,6
140353,7
140354,8
140355,9
140356,10
140357,11
140358,12
140360,1
140361,2
140362,3
140363,1
140364,2
140365,3
140366,1
140367,2
140368,3
140369,4
140370,5
140371,6
140372,7
140373,1
140374,2
140375,3
140376,4
140377,5
140378,6
140379,1
140380,1
140381,2
140386,1
140387,2
140388,3
140389,4
140390,5
140391,6
140392,7
140397,1
140398,2
140399,1
140400,2
140401,3
140402,4
140403,5
140404,6
140405,7
140406,8
140407,9
140408,10
140409,1
140410,1
140411,1
140412,2
140413,3
140414,4
140415,5
140416,6
140417,7
140418,8
140419,9
140420,10
140421,11
140422,12
140423,13
140424,14
140425,15
140426,16
140427,17
140428,18
140429,19
140430,20
140431,21
140432,22
140433,23
140434,24
140435,25
140436,26
140449,1
140452,1
140454,1
140455,1
140456,2
140458,1
140459,2
140460,3
140461,4
140462,5
140463,6
140464,7
140465,8
140466,9
140467,10
140468,1
140469,2
140470,3
140505,1
140506,2
140507,3
140508,4
140509,5
140510,6
140511,7
140512,8
140513,9
140514,10
140515,11
140516,12
140517,13
140524,1
140525,2
140530,1
140531,2
140532,1
140533,2
140534,3
140537,1
140538,2
140539,3
140540,4
140541,5
140542,1
140543,2
140544,1
140545,2
140546,1
140547,2
140548,3
140551,1
140553,1
140554,2
140555,3
140556,4
140557,5
140558,6
140559,7
140560,8
140561,9
140562,10
140563,11
140564,12
140567,16
140572,1
140573,2
140574,3
140575,4
140576,5
140577,6
140578,7
140579,8
140580,9
140581,10
140582,11
140583,12
140584,13
140585,14
140586,15
140587,16
140588,17
140589,18
140590,19
140591,20
140592,1
140593,2
140594,3
140595,4
140598,2
140599,3
140600,4
140601,5
140602,6
140603,7
140604,8
140605,9
140606,10
140607,11
140608,12
140643,3
140644,10
140645,11
140646,12
140647,14
140648,15
140649,17
140651,2
140652,1
140653,3
140655,1
140656,2
140657,3
140658,4
140659,5
140660,1
140661,2
140662,3
140663,4
140664,5
140665,6
140666,7
140667,8
140668,9
140669,10
140670,11
140671,12
140672,13
140673,14
140674,15
140675,16
140676,17
140677,18
140678,19
140679,20
140680,21
140681,22
140682,23
140683,24
140684,25
140685,26
140686,27
140687,28
140690,1
140693,1
140697,1
140698,2
140699,1
140700,2
140701,3
140702,4
140703,5
140704,6
140705,7
140706,8
140707,9
140708,10
140709,11
140710,12
140712,1
140713,2
140714,3
140715,4
140716,5
140717,6
140718,1
140719,2
140720,3
140723,1
140724,2
140725,3
140726,4
140727,5
140730,1
140731,2
140738,3
140739,5
140741,7
140742,12
140743,12-1
140745,1
140746,1
140749,1
140750,2
140768,1.a
140769,1.a (PV)
140770,2.b
140771,2.b (PV)
140772,3.b
140773,3.b (PV)
140774,4.b
140775,4.b (PV)
140776,5.a
140777,5.a (PV)
140778,6.
140779,6. (PV)
140780,7.
140781,7. (PV)
140782,8.
140783,8. (PV)
140784,9
140785,9.(PV)
140786,10.
140787,10.(PV)
140788,13.b
140789,14.a
140790,15.b
140791,16.b
140792,18.b
140793,19.
140794,20
140795,21
140796,22
140797,23
140798,24
140799,25
140800,26.1
140801,26.2
140802,26.3
140803,26.4
140805,(PV)
140818,1
140820,25
140827,1
140828,2
140829,3
140830,4
140831,5
140832,6
140833,7
140834,8
140835,9
140836,10
140837,11
140855,1
140856,2
140857,3
140858,4
140859,5
140860,6
140861,7
140862,8
140863,9
140864,10
140865,11
140866,12
140867,13
140870,1
140874,1
140875,2
140876,3
140877,4
140878,1
140879,2
140880,3
140881,4
140882,5
140883,6
140884,1
140885,2
140886,3
140887,4
140888,5
140889,6
140890,7
140891,8
140892,9
140893,10
140894,11
140898,1
140899,2
140900,1
140901,2
140902,3
140903,4
140904,1
140905,2
140906,3
140907,4
140908,5
140909,6
140910,7
140911,8
140912,9
140913,10
140914,11
140915,12
140916,13
140917,14
140918,15
140919,16
140925,1
140926,2
140927,3
140928,4
140929,5
140930,6
140931,7
140937,1
140959,1
140960,2
140961,3
140962,4
140963,5
140964,6
140965,1
140966,2
140967,3
140968,4
140969,5
140970,6
140971,7
140972,8
140973,9
140974,10
140975,11
140976,12
140977,13
140978,14
140979,15
140980,16
140981,17
140982,18
140983,19
140984,20
140985,21
140986,22
140987,23
140988,24
140989,25
140990,26
140991,27
140992,28
140993,29
140994,30
140995,31
140996,32
140997,33
140998,34
140999,35
141028,1.0
141037,9
141039,1
141040,11
141042,1
141045,6
141047,1
141048,2
141049,3
141050,1
141051,2
141052,3
141053,4
141054,5
141055,7
141056,8
141057,9
141058,10
141059,11
141060,12
141061,13
141062,14
141063,1
141065,1
141066,2
141067,3
141068,4
141069,5
141070,6
141071,7
141072,8
141073,9
141074,10
141075,11
141076,12
141077,13
141078,18
141080,1
141081,2
141083,1
141084,2
141085,3
141086,4
141087,5
141088,6
141089,7
141090,8
141093,60
141094,61
141095,62
141096,63
141097,64
141098,65
141099,66
141100,67
141101,1
141102,2
141103,3
141104,4
141105,5
141106,6
141107,7
141108,8
141109,1
141110,2
141111,3
141112,4
141113,5
141115,1
141125,1
141126,2
141127,3
141128,4
141129,6
141130,7
141131,8
141132,9
141133,10
141134,11
141135,5
141146,10
141148,1
141149,2
141151,1
141152,2
141153,1
141154,2
141155,3
141156,4
141157,5
141158,6
141159,7
141160,8
141161,9
141162,10
141163,11
141164,12
141165,13
141166,14
141167,15
141168,16
141169,17
141170,18
141171,19
141172,20
141177,1
141178,2
141179,3
141180,4
141181,5
141182,1
141206,POS 1a
141207,POS 1b
141208,POS 2
141211,POS 3
141212,POS. 4
141227,POS. 8
141228,POS.12
141264,1
141265,2
141266,5
141267,POS 1
141268,POS 2
141269,POS 3
141270,POS 4
141271,POS 5
141277,1
141278,2
141280,1
141281,1a
141282,1b
141283,1c
141287,1
141288,2
141289,3
141290,4
141291,5
141292,6
141293,7
141295,1
141297,1
141298,2
141299,3
141300,4
141301,1
141302,1a
141303,1b
141304,1
141305,2
141306,3
141307,4
141308,5
141309,6
141310,7
141311,8
141369,1
141370,2
141371,3
141372,4
141373,5
141374,6
141387,1
141388,2
141389,3
141390,4
141391,5
141392,6
141393,7
141394,8
141395,9
141396,1a
141397,2a
141398,3a
141399,4a
141400,5a
141401,6a
141402,7a
141403,8a
141404,9a
141405,1
141406,2
141427,21
141428,22
141429,23
141430,24
141431,25
141432,26
141433,27
141434,28
141435,29
141436,30
141437,31
141438,32
141439,33
141440,34
141445,1
141446,1
141447,2
141448,3
141449,4
141450,5
141451,6
141452,7
141453,8
141454,9
141455,10
141456,11
141457,12
141458,1
141459,2
141460,3
141461,4
141462,5
141463,1
141464,2
141465,3
141466,1
141467,2
141468,3
141469,4
141470,5
141471,6
141472,7
141473,8
141474,9
141475,10
141476,11
141523,1
141524,2
141525,1
141526,2
141530,1
141531,2
141532,3
141533,4
141534,5
141535,6
141536,7
141543,1
141544,2
141545,3
141546,4
141547,5
141548,6
141549,7
141553,3
141554,8
141556,1
141583,1
141584,2
141585,3
141586,4
141587,5
141588,6
141589,7
141590,8
141591,9
141592,10
141593,11
141594,12
141595,13
141596,14
141597,15
141598,16
141599,17
141600,18
141601,19
141603,1
141604,1
141605,2
141606,3
141607,4
141608,5
141609,6
141610,7
141611,8
141612,9
141613,10
141614,11
141615,12
141616,13
141617,14
141618,15
141619,16
141620,17
141621,18
141626,1
141627,1
141628,2
141629,3
141630,1
141631,2
141633,12
141634,13
141635,1
141636,2
141670,1
141671,1
141672,1
141673,2
141674,3
141675,4
141676,5
141677,6
141678,7
141679,8
141683,1
141684,2
141685,3
141686,4
141687,5
141691,1
141692,2
141693,3
141694,4
141695,5
141696,6
141697,7
141698,1
141699,4
141700,1
141701,2
141702,3
141703,4
141709,1
141710,2
141711,3
141712,4
141714,1
141715,2
141716,3
141717,4
141718,5
141719,6
141720,7
141721,8
141722,9
141723,10
141724,2
141725,1
141726,2
141727,3
141728,4
141729,5
141730,6
141731,7
141732,8
141748,1
141749,6
141762,1
141763,2
141764,3
141765,4
141773,5
141774,11
141784,1
141785,2
141786,1
141816,1
141817,2
141818,3
141819,4
141825,1
141829,POS 1
141830,POS 2
141831,POS 3
141832,POS 5
141833,POS 6
141839,POS. 1
141840,POS. 2
141841,POS. 3
141842,POS. 4
141846,1
141847,2
141848,3
141849,4
141850,5
141851,6
141855,1
141857,1
141858,2
141863,1
141864,2
141865,3
141866,4
141867,5
141868,6
141869,7
141870,8
141871,9
141872,10
141873,11
141874,12
141878,1
141879,2
141880,3
141881,4
141882,5
141883,6
141884,7
141885,10
141886,11
141887,12
141888,13
141889,14
141890,15
141891,8
141892,9
141894,1
141895,2
141896,3
141897,1
141898,2
141899,3
141900,4
141901,5
141902,1
141903,1
141904,2
141905,3
141906,4
141907,1
141908,2
141909,1
141910,2
141911,3
141912,4
141913,5
141915,1
141916,1
141917,1
141918,2
141919,3
141920,1
141921,2
141922,3
141923,4
141924,5
141925,1
141926,2
141927,3
141928,4
141929,5
141930,6
141931,7
141932,8
141933,9
141934,10
141935,11
141936,12
141937,13
141938,14
141939,15
141940,1
141941,2
141942,3
141943,4
141950,1
141951,2
141952,3
141953,4
141954,5
141955,1
141956,2
141957,3
141958,4
141959,5
141960,6
141961,7
141962,8
141968,7
141970,1
141971,2
141972,3
141973,4
141974,5
141975,6
141976,7
141977,8
141978,9
141979,10
141980,11
141989,1
141990,2
141991,3
141992,4
141993,5
141994,6
141995,7
141996,8
141997,9
141998,10
142004,1
142005,2
142006,3
142007,4
142008,5
142009,6
142010,7
142011,8
142012,9
142013,10
142014,11
142015,12
142016,13
142017,14
142018,15
142019,16
142020,17
142021,18
142022,19
142029,2
142030,1
142031,2
142032,3
142033,4
142034,5
142035,9
142036,10
142037,11
142071,1
142073,1
142074,2
142075,3
142076,4
142077,5
142078,6
142080,1
142151,1
142152,2
142156,1
142157,2
142158,3
142162,1
142163,2
142164,3
142165,4
142166,5
142167,6
142168,7
142173,1
142174,2
142175,3
142176,1
142177,2
142178,3
142179,4
142216,Pos. 3.0
142217,Pos. 4.0
142218,Pos. 1.0 + 1.5
142224,6
142225,7
142226,8
142238,1
142239,1
142240,2
142241,3
142242,4
142243,5
142244,6
142245,1
142246,2
142247,3
142250,1
142251,2
142252,3
142215,1.1
142253,4
142254,5
142255,2
142256,1
142257,2
142259,1
142260,2
142261,3
142262,4
142263,5
142269,1
142270,2
142271,3
142272,4
142273,1
142274,2
142287,1
142293,4
142294,5
142295,6
142296,7
142298,1
142299,2
142300,3
142301,4
142302,5
142303,6
142304,7
142305,1
142307,1
142308,2
142309,3
142310,4
142311,5
142312,6
142313,7
142314,8
142315,9
142316,10
142317,11
142323,1
142324,2
142325,3
142326,4
142327,5
142328,6
142329,7
142330,8
142331,9
142332,10
142333,11
142334,12
142335,13
142336,14
142338,1
142339,2
142342,1
142343,2
142344,3
142345,4
142346,5
142347,6
142348,7
142349,8
142350,9
142351,10
142352,11
142353,12
142354,13
142355,14
142363,1
142364,2
142365,3
142366,4
142374,1
142375,2
142376,3
142377,4
142378,5
142379,6
142380,7
142384,Pos. 1_A
142385,Pos. 2_A
142402,1
142403,2
142404,3
142405,4
142406,5
142407,6
142408,7
142409,8
142410,9
142411,10
142415,1
142416,2
142417,3
142418,4
142419,1
142420,2
142421,3
142422,4
142423,5
142425,1
142426,2
142427,3
142428,4
142429,5
142452,1
142453,2
142454,3
142455,4
142456,5
142457,6
142458,7
142459,8
142460,9
142461,10
142462,11
142463,12
142464,13
142465,14
142466,15
142467,16
142468,17
142469,18
142470,19
142471,20
142472,21
142473,22
142476,1
142477,2
142478,3
142479,4
142480,5
142481,6
142482,7
142483,8
142484,9
142485,10
142486,11
142487,12
142488,13
142489,14
142490,15
142491,16
142492,17
142493,18
142494,19
142495,20
142496,21
142497,22
142517,1
142518,2
142519,3
142520,4
142521,5
142522,6
142523,7
142524,8
142525,9
142526,10
142527,11
142550,1
142551,2
142552,3
142553,4
142564,POS.1
142565,POS. 10.2
142566,POS. 10.1/44/64/78/104/124/144/162/178
142567,POS. 21 à 24
142568,POS. 11 à 20
142569,POS. 10.4/44.2/64.2/78.2/104.2/124.2/144.2/162.2/178.2
142570,TOT. 1
142571,POS. 26/46
142572,POS.32 à 43 / 52 à 63
142573,POS.27 à 30 /  47 à 50
142574,POS.31/ 51
142575,POS.66 à 71/74 à 81/84.2
142576,POS. 72/73/82/83
142577,POS.80 à 99.2
142578,POS.100 à 103
142579,POS 124 bis / 144bis
142580,POS.107 à 121.2/127 à143.2
142581,POS.122 à 123/141/142
142582,POS.147à161.2/165à175.2
142583,POS.159/160/176/177
142588,1
142589,2
142590,1
142601,1
142602,2
142603,3
142604,4
142605,5
142606,6
142607,7
142608,8
142609,9
142610,10
142611,11
142612,12
142613,13
142619,Pos B1
142645,1
142646,2
142647,3
142661,1
142662,1
142663,2
142664,3
142665,4
142667,1
142668,2
142669,3
142670,4
142671,5
142672,6
142673,7
142674,8
142675,9
142692,1
142693,1
142694,2
142695,3
142696,4
142698,1
142699,2
142700,3
142701,4
142702,5
142703,6
142704,7
142705,8
142706,9
142707,10
142710,POS. 1
142711,1
142712,1.1
142713,2
142714,4
142715,5
142716,4.1
142717,6
142735,Pos. 1 - VAR-A
142738,1
142744,28
142745,29
142746,30
142747,31
142748,32
142749,33
142750,34
142751,35
142752,36
142755,1
142756,1
142757,2
142758,3
142759,1
142760,2
142761,3
142762,4
142763,1
142764,1
142765,2
142766,3
142767,4
142768,5
142769,6
142770,7
142771,8
142772,9
142773,10
142774,11
142775,12
142776,13
142777,14
142778,15
142779,16
142780,17
142781,18
142782,19
142783,20
142784,21
142785,22
142786,23
142787,24
142788,25
142789,26
142790,27
142791,1
142812,1
142813,2
142815,1
142816,2
142817,3
142818,4
142819,5
142820,6
142821,7
142822,8
142823,1
142824,2
142825,3
142826,4
142827,5
142829,1
142830,2
142838,1
142839,2
142840,3
142841,4
142842,5
142887,6
142888,7
142889,1
142890,1
142891,2
142892,3
142893,4
142894,5
142895,8
142896,9
142897,10
142898,11
142900,1
142901,2
142902,3
142903,1
142904,2
142905,3
142906,4
142907,5
142908,1
142909,2
142910,3
142911,4
142912,5
142913,1
142957,1
142985,POS. 1
142986,POS. 2
142987,"POS. 3 à 5 & 7 à 22, 25 à 27"
142988,POS. 01 à 3 à 32 H01 à H20
142989,POS. 5.1
142990,POS. 6 & 02 & 24
142991,POS. 28 à 32
142992,POS. 25
142993,POS. 2
142994,1
142996,1
142997,2
142998,3
142999,4
143000,5
143010,1
143011,15
143012,1
143015,1
143016,1
143017,2
143018,3
143019,4
143020,5
143021,6
143022,7
143023,8
143024,9
143025,10
143026,11
143027,12
143028,13
143029,14
143030,15
143031,16
143032,17
143033,1
143034,2
143035,3
143036,4
143039,1
143041,16
143042,1
143043,2
143045,1
143046,2
143052,1
143053,2
143056,1
143057,2
143058,3
143059,4
143060,5
143061,6
143062,7
143063,1
143064,2
143065,3
143066,4
143067,5
143068,6
143069,7
143070,8
143071,9
143072,10
143073,11
143074,12
143075,13
143076,14
143077,15
143078,16
143082,1
143083,2
143084,3
143085,4
143087,1
143088,1
143089,2
143090,3
143091,4
143092,5
143093,6
143094,7
143095,8
143096,9
143097,1
143098,1
143099,2
143100,1
143101,2
143106,1
143107,2
143108,3
143109,4
143110,5
143111,1
143112,2
143113,3
143114,4
143115,5
143116,6
143117,7
143118,8
143119,9
143120,10
143121,11
143122,12
143126,1
143127,2
143128,3
143129,4
143130,5
143131,6
143132,7
143133,8
143134,9
143138,1
143139,2
143140,1
143141,2
143142,3
143143,4
143144,5
143145,6
143147,1
143148,2
143149,3
143150,4
143151,5
143152,6
143153,1
143154,2
143155,1
143156,2
143157,3
143158,4
143159,5
143160,6
143161,7
143162,8
143163,9
143164,10
143165,1
143166,2
143167,3
143168,4
143169,1
143170,2
143171,3
143172,4
143173,5
143174,6
143176,1
143177,2
143178,3
143179,4
143181,1
143182,1
143183,5
143186,1
143187,2
143188,3
143189,3.1
143190,4
143191,4.1
143192,5
143193,6
143194,7
143199,1
143200,2
143209,1.2
143214,3.0
143216,10.0
143226,1
143227,2
143228,3
143229,4
143230,5
143231,6
143232,7
143233,8
143234,11
143235,12
143236,13
143237,15
143238,16
143239,17
143246,6
143247,7
143249,1
143250,1
143252,1
143253,2
143254,3
143255,4
143256,5
143257,1
143258,1
143259,2
143260,3
143261,4
143262,5
143267,1
143268,2
143269,3
143270,4
143271,5
143272,1
143273,1
143274,2
143275,3
143276,4
143279,1
143282,1
143283,1
143284,2
143285,3
143286,4
143287,5
143288,6
143289,7
143290,8
143291,9
143292,10
143293,11
143294,12
143295,13
143296,14
143297,15
143340,3A
143408,1
143409,2
143429,Pos. 1
143468,1
143469,2
143470,3
143472,1
143473,2
143474,3
143475,4
143476,5
143477,6
143478,7
143479,8
143480,9
143481,10
143482,11
143483,1
143484,2
143486,1
143487,2
143488,3
143489,4
143490,5
143491,1
143492,2
143493,3
143494,1
143495,1
143496,2
143497,1
143498,1
143499,2
143500,1
143507,1
143508,2
143509,3
143510,1
143511,1
143512,2
143513,3
143514,4
143515,5
143516,6
143517,7
143518,8
143519,9
143520,10
143521,11
143523,4
143525,1
143526,2
143527,3
143528,4
143532,POS. 1
143533,POS. 2
143534,Pos. 1A
143579,1
143580,2
143581,3
143582,1
143630,1
143631,1
143632,1
143633,2
143634,3
143635,4
143636,5
143637,6
143639,1
143640,2
143641,3
143644,1
143645,2
143647,1
143648,2
143649,3
143650,4
143651,5
143652,6
143654,1
143655,2
143656,3
143657,4
143658,1
143659,2
143660,3
143661,1
143662,2
143663,3
143664,4
143665,5
143666,6
143667,7
143668,8
143669,9
143670,10
143671,11
143672,12
143673,13
143683,1
143684,2
143685,3
143686,4
143687,5
143688,6
143732,1
143733,2
143734,3
143735,4
143736,5
143737,3
143738,1
143739,2
143740,1
143741,2
143742,3
143743,4
143744,1
143745,1
143746,1
143747,2
143748,3
143749,4
143750,5
143751,6
143752,7
143753,8
143754,9
143755,10
143756,11
143757,12
143758,13
143761,1
143762,2
143763,4
143764,5
143765,6
143766,7
143779,1
143780,2
143781,3
143782,1
143783,1
143785,1
143786,1
143787,2
143788,3
143789,4
143790,5
143791,6
143792,7
143794,10
143795,1
143796,2
143797,F8
143798,F9
143799,F10
143800,1
143802,1
143803,2
143804,3
143805,4
143806,1
143807,2
143808,3
143809,4
143810,5
143811,6
143812,7
143813,8
143814,9
143815,10
143816,11
143817,12
143818,13
143819,14
143820,15
143821,16
143828,1
143829,2
143831,1
143832,2
143833,3
143834,4
143835,5
143858,1
143860,1
143861,1a
143865,1
143866,1a
143867,1b
143868,1c
143869,1d
143870,1e
143871,1f
143878,1
143879,2
143880,3
143881,4
143892,1
143893,1
143894,2
143895,1
143896,1
143897,2
143898,3
143899,4
143900,5
143901,6
143902,7
143903,1
143904,2
143905,3
143906,4
143907,5
143908,6
143909,7
143910,8
143911,9
143912,10
143913,11
143914,12
143916,1
143917,3
143918,4
143919,13
143920,14
143921,23
143922,24
143923,33
143924,1
143925,2
143926,25
143927,26
143928,1
143929,2
143930,3
143931,4
143932,5
143933,6
143934,7
143935,8
143936,9
143937,10
143938,11
143939,12
143940,13
143941,14
143942,15
143943,16
143944,17
143945,18
143946,19
143947,20
143948,21
143949,22
143950,23
143957,1
143958,Pos. 1
143992,1
143993,2
143995,1
143997,1
143998,2
143999,5
144000,6
144001,9
144002,3
144003,4
144004,7
144005,8
144006,10
144007,1
144008,2
144009,1
144010,2
144011,3
144018,CF
144019,CNE1
144020,CNE2
144021,CNE3
144022,CPE1
144023,CPE2
144024,CPR
144025,CNR
144026,1
144027,1
144028,2
144029,1
144030,1
144031,1
144032,2
144033,3
144034,4
144038,1
144039,4
144041,1
144044,1
144045,2
144046,3
144049,1
144050,2
144051,3
144052,4
144053,1
144054,1
144055,1
144056,2
144057,1
144059,11
144060,12
144061,13
144062,14
144063,15
144064,16
144065,17
144066,18
144067,19
144074,12
144075,13
144076,14
144077,15
144078,16
144079,17
144080,18
144081,19
144091,1
144092,2
144093,3
144094,4
144095,5
144096,6
144097,7
144098,8
144099,9
144100,10
144101,11
144102,12
144103,13
144104,14
144105,15
144106,16
144107,17
144108,18
144109,19
144110,20
144111,21
144112,22
144113,23
144114,24
144115,25
144116,26-27
144156,Pos. 1&2
144157,Pos. 3
144158,Pos. 4
144166,1
144167,2
144168,3
144169,4
144170,5
144171,6
144172,7
144173,8
144174,9
144175,10
144176,11
144177,12
144178,13
144179,14
144180,15
144181,16
144182,17
144183,18
144184,19
144185,20
144186,21
144187,22
144188,23
144189,24
144190,25
144191,26
144192,27
144193,28
144194,29
144195,30
144196,31
144197,32
144198,33
144199,34
144200,35
144201,36
144202,37
144203,38
144204,39
144205,40
144206,42
144207,43
144214,44
144215,45
144216,46
144217,47
144218,48
144219,49
144220,50
144221,51
144222,52
144223,53
144224,54
144225,55
144226,56
144227,57
144228,58
144229,59
144230,60
144231,61
144232,62
144233,63
144234,64
144235,65
144236,66
144237,67
144238,68
144239,69
144240,70
144241,71
144242,72
144243,73
144244,74
144245,75
144246,76
144247,77
144248,78
144249,79
144250,80
144264,2
144265,1
144266,1
144267,2
144268,1
144269,2
144270,3
144271,4
144311,1
144312,2
144313,3
144314,4
144318,1
144319,2
144320,1
144321,2
144322,3
144323,4
144324,5
144325,1
144326,2
144327,3
144328,4
144329,5
144330,6
144331,7
144332,8
144333,9
144334,1
144335,1
144336,2
144337,3
144338,4
144339,5
144340,6
144341,7
144342,8
144343,9
144344,10
144345,11
144346,1
144347,2
144389,1
144400,1
144401,2
144402,3
144403,4
144404,5
144405,6
144406,7
144407,8
144408,5
144409,6
144410,1
144411,1
144412,2
144417,1
144418,2
144420,1
144421,2
144422,3
144423,1
144424,2
144425,3
144426,4
144427,5
144428,6
144429,7
144430,8
144431,9
144432,10
144435,1
144436,1
144441,1
144442,2
144443,3
144444,4
144445,5
144446,6
144447,7
144448,8
144449,9
144450,10
144451,11
144452,12
144454,1
144455,1
144456,2
144457,3
144458,4
144468,VAR. B
144477,1
144478,2
144479,3
144480,4
144481,5
144483,1
144484,2
144485,3
144486,4
144487,5
144488,6
144489,7
144490,8
144491,9
144492,10
144493,11
144494,12
144495,13
144496,14
144497,15
144498,16
144499,17
144504,1
144505,2
144506,3
144507,4
144508,5
144509,6
144510,7
144511,8
144512,9
144513,10
144514,11
144515,12
144516,13
144517,14
144518,15
144519,16
144520,17
144521,18
144522,19
144523,20
144524,21
144525,22
144526,23
144527,24
144528,25
144529,26
144530,27
144542,1
144543,2
144544,3
144545,4
144546,5
144547,6
144548,7
144549,8
144550,9
144551,10
144552,11
144553,12
144554,13
144561,1
144562,2
144563,3
144564,4
144565,5
144566,6
144567,7
144568,8
144569,11
144570,12
144571,13
144572,14
144573,15
144574,16
144575,17
144576,18
144577,19
144578,20
144579,21
144580,22
144581,23
144582,24
144583,25
144584,26
144585,27
144586,28
144587,29
144588,30
144589,31
144590,32
144591,33
144592,34
144593,35
144594,36
144595,37
144596,38
144597,39
144598,40
144599,41
144600,42
144601,43
144602,44
144608,1
144609,9
144610,1
144611,2
144613,1
144614,2
144615,3
144616,4
144617,1
144618,2
144619,3
144620,4
144621,5
144622,6
144623,7
144624,8
144625,9
144626,10
144627,11
144628,12
144631,1
144632,2
144633,8
144634,9
144635,1
144636,2
144637,3
144638,4
144639,5
144640,6
144641,7
144642,8
144643,9
144646,4
144647,5
144650,81
144651,82
144652,83
144653,84
144654,85
144655,86
144656,87
144657,88
144658,89
144659,90
144660,91
144661,92
144662,93
144663,94
144664,95
144665,96
144666,97
144667,98
144668,99
144669,100
144670,101
144671,102
144672,103
144673,104
144674,105
144675,106
144676,107
144677,108
144678,109
144679,110
144680,111
144681,112
144682,113
144683,114
144684,115
144685,116
144686,117
144687,118
144688,120
144689,121
144690,122
144691,123
144692,124
144693,125
144694,126
144695,127
144696,128
144697,129
144698,130
144699,131
144700,132
144701,133
144702,134
144703,135
144704,136
144705,137
144706,138
144707,139
144708,140
144709,141
144710,142
144711,143
144712,144
144713,145
144714,146
144715,147
144716,148
144717,149
144722,2
144723,1
144724,4
144725,6
144726,8
144727,2
144728,3
144729,5
144730,7
144731,9
144733,1
144734,2
144804,1
144806,1
144807,1
144808,1
144810,1
144812,1
144813,2
144814,1
144815,1
144816,1
144817,2
144818,3
144819,4
144820,5
144821,6
144822,7
144823,8
144830,1
144831,1
144832,2
144833,3
144834,4
144835,5
144836,6
144837,7
144838,8
144839,9
144840,10
144841,11
144842,12
144843,13
144844,14
144845,15
144846,16
144847,17
144849,1
144850,2
144851,3
144852,4
144853,5
144854,6
144855,7
144856,8
144857,9
144858,10
144859,11
144860,1
144861,2
144862,3
144863,4
144864,5
144865,6
144866,7
144867,8
144868,9
144869,10
144870,11
144871,12
144872,13
144884,POS 1
144885,POS 2
144886,POS 3
144887,POS 4
144888,POS 5
144889,POS 7
144890,POS 9
144891,POS 11
144892,POS 12
144893,POS 14
144908,1
144909,2
144910,3
144911,4
144912,5
144913,6
144914,7
144915,8
144916,9
144917,10
144918,11
144919,12
144920,13
144921,14
144922,15
144923,16
144924,1
144925,2
144926,3
144927,4
144928,5
144929,6
144930,7
144931,8
144932,9
144942,POS. 1
144943,POS. 3
144944,POS. 4
144945,POS. 5
144946,POS. 6
144947,POS. 7
144959,1
144960,2
144961,3
144962,4
144963,5
144964,6
144965,7
144966,8
144967,9
144968,10
144969,11
144970,12
144971,1
144972,2
144973,3
144974,4
144975,5
144976,6
144977,7
144978,8
144979,9
144981,1
144982,2
144983,3
144984,4
144985,1
144986,2
144987,3
144988,4
144989,5
144990,6
144991,7
144992,8
144993,9
144994,10
144995,11
144996,12
144999,7
145001,2
145002,3
145003,4
145004,5
145005,6
145006,7
145007,8
145008,9
145009,10
145010,11
145025,Pos. 5
145028,Pos. 6
145054,1
145055,2
145056,3
145061,1
145062,2
145063,1
145064,2
145066,1
145067,2
145068,3
145069,4
145070,5
145071,6
145072,7
145073,8
145074,9
145075,1
145076,2
145077,3
145078,4
145079,1
145080,2
145081,3
145082,4
145086,1
145087,2
145088,3
145089,4
145090,5
145091,6
145092,7
145093,8
145094,9
145095,10
145096,11
145097,12
145098,13
145099,14
145100,15
145101,16
145102,17
145105,1
145106,2
145107,3
145108,4
145111,4
145126,1
148207,1.3
145137,Pos. 1
145138,Pos. 2
145139,Pos. 4
145140,Pos. 5
145144,Pos. 1
145153,1
145154,2
145155,3
145156,4
145157,5
145158,6
145159,7
145160,8
145164,Pos. 1
145177,1
145178,2
145179,3
145192,14
145193,1
145194,1
145195,2
145196,3
145197,1
145198,1
145199,2
145200,1
145201,2
145202,3
145203,4
145204,5
145205,6
145207,3.2
145225,1.0
145226,2.0
150100,9.0
145237,1.2
145238,2.2
145239,7
145240,1
145241,2
145242,1
145243,2
145244,3
145245,4
145246,6
145247,7
145248,8
145249,1
145217,1.0
145218,30.0
145214,1.0
145215,20.0
145216,30.0
145227,2.0
145228,10.0
145234,20
145229,1.0
145230,10.0
145235,20.0
145212,1.0
145250,2
145251,3
145253,1
145254,2
145255,3
145256,4
145257,5
145258,6
145259,1
145260,2
145261,3
145262,4
145263,5
145264,6
145265,7
145266,8
145267,9
145268,10
145269,11
145270,12
145271,13
145272,14
145273,1
145274,2
145275,3
145276,4
145277,5
145278,6
145279,7
145280,8
145281,9
145282,10
145283,11
145284,12
145285,13
145286,14
145289,8
145290,9
145291,10
145292,11
145293,12
145294,13
145295,14
145296,15
145297,1
145298,2
145299,3
145300,4
145301,5
145307,1
145308,2
145309,3
145310,4
145311,5
145312,6
145313,7
145314,8
145315,9
145316,10
145317,11
145318,12
145319,13
145320,14
145321,15
145322,1
145323,2
145324,3
145325,4
145326,5
145327,6
145328,7
145329,8
145330,9
145331,10
145332,11
145333,12
145334,13
145335,14
145336,15
145337,16
145338,17
145339,18
145340,19
145341,20
145342,21
145343,22
145345,4
145346,5
145347,6
145348,7
145349,8
145350,9
145354,1
145355,2
145356,1
145357,2
145358,3
145359,4
145360,5
145363,1
145364,2
145365,19
145366,1
145367,2
145368,3
145369,1
145370,2
145371,3
145372,4
145373,5
145374,6
145375,7
145376,8
145377,9
145378,13
145379,1
145380,2
145381,3
145382,4
145383,5
145384,6
145385,7
145386,8
145387,9
145388,10
145389,11
145390,12
145391,13
145392,14
145393,15
145394,16
145395,17
145408,POS 1.
145410,1
145411,2
145468,1
145469,2
145470,3
145471,4
145472,5
145473,6
145474,7
145475,8
145476,22
145477,27
145485,Pos.1
145486,Pos. 2
145487,Pos. 3
145488,Pos. 5
145489,Pos. 6
145506,Salle 2
145507,"Salle 1,5 & 6"
145508,Salle 1
145509,Salle 4
145510,Salle 3
145511,Salle 6
145512,Salle 5
145513,Salle 1
145514,1
145515,2
145516,3
145518,1
145519,2
145521,1
145522,1
145523,2
145524,3
145525,4
145526,5
145527,6
145528,1
145536,POS. 3
145552,1
145553,2
145554,3
145555,4
145556,5
145563,1
145564,2
145565,3
145566,4
145567,5
145568,6
145569,7
145570,8
145571,9
145572,10
145574,1
145575,2
145576,3
145577,4
145578,5
145580,1
145581,2
145582,3
145583,4
145584,5
145585,6
145586,7
145587,8
145589,1
145590,2
145591,3
145592,4
145593,5
145594,6
145595,7
145596,1
145597,1
145598,2
145599,1
145600,1
145601,2
145610,1
145611,17
145612,18
145613,19
145614,1
145615,1
145616,2
145617,3
145618,1
145619,2
145620,1
145621,2
145622,3
145623,4
145624,5
145625,6
145626,7
145627,8
145628,9
145629,10
145681,Pos. 2
145682,Pos. 3
145683,Pos. 4
145684,Pos. 5
145688,1
145690,1
145691,2
145694,1
145695,1
145696,1
145697,6
145698,7
145699,8
145700,9
145701,10
145702,11
145703,12
145704,13
145705,14
145706,15
145707,16
145708,17
145709,18
145711,1
145712,2
145713,3
145714,4
145715,5
145716,6
145717,7
145718,8
145719,9
145720,10
145721,11
145723,1
145724,2
145725,3
145726,4
145727,5
145728,6
145729,7
145730,8
145731,9
145732,10
145733,11
145734,12
145735,13
145736,14
145737,15
145738,16
145739,17
145740,18
145741,19
145742,20
145743,21
145744,22
145745,23
145746,24
145747,25
145748,26
145753,1
145754,2
145757,1
145758,2
145759,3
145760,4
145761,5
145762,6
145763,7
145764,1
145765,2
145766,3
145767,4
145768,5
145771,1
145772,2
145773,3
145774,4
145775,5
145776,6
145777,7
145778,8
145779,9
145780,10
145781,11
145782,1
145783,2
145784,3
145785,4
145786,5
145787,6
145788,7
145789,8
145790,9
145791,10
145793,1
145794,2
145795,3
145796,4
145797,5
145798,6
145801,1
145802,2
145803,3
145804,4
145805,5
145806,1
145809,1
145810,2
145811,3
145812,3
145813,4
145814,5
145815,6
145816,7
145817,8
145818,9
145819,10
145820,11
145821,12
145822,13
145823,14
145824,15
145825,16
145826,17
145827,18
145828,19
145829,20
145830,21
145831,22
145832,23
145833,1
145834,2
145835,24
145836,25
145837,26
145838,27
145843,1
145844,2
145845,4
145846,7
145847,8
145861,9
145862,1
145864,1
145865,2
145866,3
145867,4
145868,5
145869,6
145870,7
145871,8
145872,9
145873,10
145874,11
145875,12
145876,13
145877,14
145878,15
145880,1
145881,1
145882,2
145883,3
145884,1
145885,1
145886,1
145887,2
145888,3
145889,1
145890,2
145891,3
145892,1
145893,1
145894,2
145895,3
145896,4
145897,5
145898,6
145899,7
145900,8
145901,9
145902,10
145903,11
145904,12
145905,13
145906,14
145907,15
145908,16
145909,17
145910,18
145911,19
145912,20
145913,1
145914,1
145916,1
145918,1
145920,1
145921,2
145922,3
145923,4
145924,5
145925,6
145926,7
145929,1
145930,1
145931,2
145932,3
145933,4
145934,1
145935,5
145936,6
145937,4
145938,7
145944,1
145945,2
145946,3
145947,4
145948,5
145949,6
145950,7
145951,8
145952,9
145953,10
145954,11
145955,12
145956,1
145957,2
145958,3
145959,4
145960,5
145961,6
145962,1
145963,2
145964,1
145965,1
145966,2
145967,4
145968,1
145969,2
145970,3
145971,4
145972,5
145973,6
145974,7
145975,8
145976,9
145977,10
145978,11
145979,12
145980,13
145981,14
145982,15
145983,16
145984,17
145985,18
145986,19
145987,20
145988,21
145989,22
145990,23
145991,1
145992,2
145993,24
145994,25
145995,26
145996,27
145997,28
146022,POS. 1A
146023,POS. 2
146024,POS. 3
146025,POS. 4.1 & 4.2
146038,1
146039,2
146040,3
146041,4
146042,5
146043,6
146044,9
146045,10
146046,11
146047,12
146048,15
146049,16
146050,17
146051,18
146054,1
146055,2
146057,1
146058,1
146061,1
146062,2
146065,1
146066,2
146067,3
146068,4
146069,5
146093,41
146094,119
146095,150
146096,151
146097,152
146098,154
146099,155
146100,156
146101,157
146102,158
146103,159
146104,160
146105,161
146106,162
146107,163
146108,164
146109,165
146110,166
146111,167
146112,168
146113,169
146114,170
146115,171
146116,172
146117,173
146118,174
146119,175
146120,176
146121,177
146122,178
146123,179
146124,180
146125,181
146126,182
146127,183
146128,184
146129,185
146130,186
146131,187
146132,188
146133,189
146134,190
146135,191
146136,192
146137,193
146138,194
146139,195
146140,196
146141,197
146142,198
146143,199
146185,1
146186,2
146187,3
146188,4
146189,5
146190,1
146191,2
146192,3
146193,4
146194,5
146195,6
146196,7
146197,1
146198,2
146199,3
146200,4
146201,5
146202,7
146203,8
147219,2.0
152131,3.0
146206,11.0
151632,9.0
146218,1.2
146219,2.2
146220,20.0
146221,20.4
146225,30.0
146229,4.2
146230,4.2
146216,1
146241,9
146254,1
146239,20.9
146260,1
146222,30.0
146223,30.4
146213,4.0
146214,17.0
146211,20
146235,20.0
146224,20.0
146228,1.2
146240,3.0
146267,12
146268,13
146269,14
146270,15
146271,1
146272,1
146273,1
146274,2
146275,3
146290,15
146291,16
146292,17
146293,18
146294,19
146295,20
146296,21
146297,22
146298,23
146300,200
146301,201
146302,202
146303,203
146304,204
146305,205
146306,206
146307,207
146308,208
146309,209
146310,210
146311,211
146312,212
146313,213
146314,214
146315,215
146316,216
146317,217
146318,218
146319,219
146320,220
146321,221
146322,222
146323,223
146324,228
146325,229
146326,230
146327,231
146328,232
146329,233
146330,234
146331,235
146332,236
146333,237
146334,238
146335,239
146336,240
146337,241
146338,242
146339,243
146340,244
146341,245
146342,246
146343,247
146344,248
146345,249
146346,250
146347,251
146348,252
146349,253
146350,254
146375,13
146377,18
146378,19
146379,1
146380,2
146381,3
146382,4
146383,5
146384,6
146385,7
146386,8
146387,9
146388,10
146390,1
146391,5
146392,7
146393,8
146394,9
146395,10
146396,1
146397,9
146398,1
146399,2
146400,3
146401,4
146402,5
146403,6
146405,1
146406,2
146407,3
146408,4
146409,5
146410,6
146411,7
146412,8
146416,1
146417,2
146418,3
146419,4
146420,5
146421,6
146422,7
146423,8
146424,9
146425,10
146430,1
146431,1
146432,2
146433,3
146434,4
146435,5
146436,6
146437,7
146438,8
146439,9
146440,10
146441,11
146442,12
146443,13
146444,14
146445,15
146446,16
146478,1
146491,POS 1
146492,POS 3
146493,POS 4
146494,POS 5
146499,POS. 1 / 2
146500,POS. 5
146501,POS. 6
146502,POS. 7
146508,1
146509,2
146510,3
146511,4
146516,Pos A1
146517,Pos A2
146518,Pos B1
146519,Pos B2
146520,Pos B3
146521,Pos B4
146522,Pos C1
146523,Pos D2
146524,Pos adhéfif
146525,Pos peinture
146526,Pos.P.1
146527,Pos.P.2
146532,Pos. 1.0
146533,Pos. 2.0 & 3.0
151664,4.1
146570,1
146571,2
146572,3
146574,1
146575,2
146576,1
146577,1
146578,6
146579,7
146610,1
146611,2
146612,3
146613,4
146614,5
146615,6
146616,7
146617,8
146618,9
146619,10
146620,11
146621,1
146622,2
146623,3
146624,4
146625,5
146626,6
146627,7
146628,8
146629,9
146630,10
146631,1
146632,2
146633,3
146634,4
146635,5
146636,6
146637,7
146638,8
146639,9
146640,10
146641,11
146642,12
146643,13
146644,1
146645,2
146646,3
146647,4
146648,5
146649,6
146650,1
146651,1
146652,2
146657,1
146658,2
146659,3
146660,4
146661,5
146662,6
146663,7
146664,8
146665,9
146666,10
146667,11
146681,1
146686,1
146687,2
146688,1
146689,2
146690,4
146691,5
146693,1
146694,1
146695,2
146696,3
146697,4
146698,5
146699,1
146700,2
146701,3
146702,4
146703,5
146705,27
146706,28
146707,29
146708,30
146709,31
146710,32
146711,33
146715,POS. 3
146717,1
146746,1
146747,2
146748,3
146749,4
146750,5
146751,6
146752,7
146753,8
146754,9
146755,10
146756,1
146757,2
146758,3
146760,1
146761,2
146762,3
146763,1
146764,2
146767,1
146770,1
146771,2
146772,3
146773,4
146774,5
146775,6
146778,1
146779,2
146780,3
146781,4
146782,5
146783,6
146784,7
146785,8
146788,11
146789,12
146790,13
146791,14
146792,15
146793,16
146794,17
146796,1
146801,13
146802,1
146803,26
146804,27
146805,28
146812,1
146813,2
146814,3
146815,4
146817,Pos. 1
146818,Pos. 2
146819,Pos. 3
146842,Entrée Rez 6
146843,Salle 1
146844,Salle 2
146845,Salle 4
146846,Salle 3
146879,Variante tôle découpé
146887,1
146888,2
146889,3
146890,4
146891,5
146892,1
146893,1
146894,2
146895,3
146896,4
146897,1
146898,2
146899,3
146900,4
146901,5
146902,6
146903,7
146904,8
146905,9
146906,11
146907,12
146908,13
146909,1
146910,2
146911,3
146912,4
146913,5
146914,6
146915,1
146916,2
146917,3
146918,4
146919,5
146920,6
146924,1
146925,2
146926,3
146927,4
146928,5
146929,6
146930,7
146931,8
146932,9
146933,10
146934,11
146935,1
146937,26
146938,1
146939,2
146940,3
146949,1
146950,2
146951,3
146952,4
146953,5
146954,6
146955,1
146956,2
146957,3
146958,4
146959,5
146961,1
146962,2
146963,3
146964,3a
146965,4
146966,4a
146967,4b
146968,5
146969,5a
146970,5b
146971,6
146972,6a
146973,6b
146974,6c
146975,6d
146976,7
146977,7a
146978,8
146979,8a
146980,8b
147007,1
147008,2
147009,3
147010,4
147011,5
147012,6
147013,7
147014,8
147015,9
147071,1
147072,1
147073,1
147076,1
147077,2
147081,1
147082,2
147083,3
147084,4
147085,5
147086,6
147087,7
147088,8
147089,9
147090,10
147091,11
147092,12
147093,13
147094,14
147095,1
147096,2
147097,3
147098,4
147099,5
147100,6
147101,7
147102,8
147103,9
147104,10
147105,11
147106,1
147107,2
147108,3
147109,4
147110,5
147111,1
147112,2
147113,3
147114,4
147115,5
147116,6
147117,7
147118,8
147119,9
147120,10
147121,11
147124,1
147125,2
147126,3
147127,4
147128,5
147129,6
147130,1
147131,2
147132,3
147133,4
147134,5
147135,6
147136,7
147137,8
147138,9
147139,10
147140,11
147141,12
147142,13
147143,14
147144,15
147145,16
147146,1
147147,2
147148,3
147149,4
147150,5
147151,6
147152,7
147153,8
147154,9
147156,1
147157,2
147158,3
147159,4
147160,5
147161,6
147162,7
147165,1
147166,2
147167,2
147168,3
147169,1
147170,2
147171,3
147172,4
147173,5
147174,6
147175,7
147176,8
147177,9
147178,10
147179,11
147181,1
147182,44
147183,70
147186,1
147187,2
147188,3
147189,4
147190,5
147191,6
147192,7
147193,8
147207,3.1
147204,1
147242,1
147243,1
147244,2
147245,3
147246,4
147248,1
147249,2
147250,3
147251,4
147252,5
147253,6
147254,7
147255,8
147256,9
147267,26
147268,27
147269,28
147270,29
147271,30
147272,1
147273,2
147274,3
147275,4
147276,5
147277,1
147278,2
147279,3
147280,4
147281,5
147282,6
147283,7
147284,8
147285,9
147286,10
147287,11
147288,12
147289,13
147290,14
147291,15
147292,16
147293,17
147294,18
147295,19
147298,1
147299,10
147326,1
147327,2
147328,3
147346,1
147347,2
147349,1
147350,2
147356,13
147357,1
147358,2
147359,3
147360,4
147361,5
147362,6
147363,7
147364,8
147365,9
147366,10
147367,11
147368,1
147369,2
147370,3
147371,4
147372,5
147373,6
147375,1
147377,1
147378,2
147379,3
147380,4
147381,5
147382,6
147383,7
147384,8
152124,1.0
147415,1
147416,2
147417,3
147418,4
147419,5
147420,5a
147421,6
147422,6a
147423,6b
147424,6c
147425,25-26
147428,2
147429,3
147430,1
147432,1
147433,2
147434,3
147435,4
147436,5
147444,POS. 1
147445,POS. 2.1 A
147446,POS. 2.2
147447,POS. 3 /4
147448,POS. 5
147466,Pos. 1.0
147467,Pos. 1.1
147468,Pos. 2.0
147469,Pos. 2.1
147470,Pos. 3.0
147471,Pos. 3.1
147472,Pos. 4.0
147473,Pos. 4.1
147474,Pos. 5.0
147475,Pos. 6.0
147476,Pos. 7.0
147477,Pos. 8.0
147478,Pose
147481,1
147482,1
147483,1
147484,2
147485,3
147486,4
147487,5
147488,6
147489,7
147490,8
147491,9
147492,10
147493,11
147494,12
147495,13
147496,14
147504,12
147505,13
147506,14
147507,15
147508,16
147509,17
147510,18
147511,19
147512,20
147513,21
147514,22
147515,23
147516,24
147517,25
147518,26
147519,27
147526,1
147527,2
147528,3
147529,4
147530,5
147532,1
147533,2
147534,3
147535,1
147536,1a
147539,1
147540,2
147541,3
147542,4
147558,POS. 1
147559,POS. 2
147755,Pos. 1A
147756,Pos. 1B
147761,POS 2
147762,POS. 3A / 3B
147763,POS. 4A / 4B
147764,POS. 4A / 4B
150640,15
150641,1
150113,2.0
147786,POS. 2
147787,POS. 3
147220,5.0
151858,11.0
147798,1
147799,2
147800,3
147801,4
147802,5
147803,6
147804,7
147805,8
147806,9
147807,10
147808,11
147809,12
147810,13
147811,14
147813,1
147814,2
147815,3
147816,4
147817,5
147818,7
147819,8
147820,9
147821,10
147822,11
147823,12
147824,13
150094,1.0
147825,14
147826,15
147827,20
147828,21
147829,22
147830,23
147831,24
147832,1
147833,2
147834,3
147835,1
147836,2
147837,3
147838,4
147839,1
147840,2
147841,3
147842,4
147843,5
147844,6
147848,11
147849,12
147850,1
147851,2
147852,3
147855,1
147857,1
147860,1
147861,2
147862,3
147863,4
147864,5
147865,6
147866,7
147867,8
147868,9
147869,10
147870,11
147871,12
147872,13
147873,14
147889,5
147932,1
147933,2
147934,3
147935,4
147936,5
147937,6
147938,1
147940,13
147941,14
147942,11
147943,12
147945,1
147946,10
147947,11
147972,1
147978,1
147979,2
147980,3
147981,4
147982,5
147983,6
147984,7
147985,8
147986,1
147987,2
147988,3
147989,4
147990,5
147991,6
147992,7
147993,8
147994,9
147995,10
147996,11
147997,12
147998,13
147999,14
148000,15
148001,16
148002,17
148007,1
148008,2
148009,3
148010,4
148011,5
148012,6
148013,7
148014,8
148015,9
148016,10
152130,1.0
148054,1
148055,2
148056,3
148057,4
148058,5
148059,6
148060,7
148061,8
148062,9
148063,14
148064,15
148065,16
148066,17
148067,18
148068,19
148083,Pos. 1
148084,Pos. 2
148085,Pos. 3
148086,Pos. 4
148087,Pos. 5
148098,Pos. A
148099,Pos. A
148100,Pos. A-B
148101,Pos. A-B
148102,Pos. A-B
148103,Pos. A-B
151920,1.0
150643,1
148127,1
148128,2
148129,3
148130,8
148131,9
148132,10
148133,1
148134,2
148135,3
148136,4
148137,5
148139,1
148140,2
148141,3
148142,4
148145,1
148149,1
148150,2
148151,3
148152,4
148153,5
148154,6
148155,1
148156,2
148182,15
148183,16
148184,17
148185,18
148186,19
148187,1-9
148188,10
148189,11
148190,1-3
148191,4-6
148192,7
150644,2
150645,3
148232,1.0
150650,1
148253,50.2
148281,1
148282,2
148283,15
148284,16
148285,17
148286,18
148287,19
148288,20
148289,21
148290,22
148291,23
148292,24
148293,25
148238,20.0
148239,30.0
148229,1.0
148230,1.0
148231,1.0
148343,1
148344,1
148346,1
148347,2
148348,3
148349,4
148350,5
148352,14
148353,15
148354,16
148355,17
148356,4
148357,1
148358,20
148359,21
148360,11
148361,9
148362,1
148363,2
148364,3
148365,4
148366,5
148367,6
148368,7
148369,8
148370,9
148371,10
148372,11
148374,1
148375,2
148376,3
148377,4
148378,5
148379,6
148380,7
148381,8
148382,9
148383,1
148384,2
148385,3
148386,4
148387,1
148407,1
148408,2
148409,3
148410,4
148411,5
148412,6
148413,7
148414,8
148415,9
148416,10
148417,11
148418,12
148419,13
148420,14
148421,15
148422,16
148423,1
148424,2
148425,3
148426,4
148427,1
148428,2
148429,17
151379,1
148544,7
148545,8
148546,9
148547,9a
148548,10
148549,10a
148550,11
148551,12
148552,13
148553,13a
148554,14
148555,14a
148556,15
148557,16
148559,1
148560,2
148561,3
148562,4
148563,5
148564,6
148565,7
148566,8
148567,1
148568,2
148569,3
148570,4
148571,5
148572,6
148573,7
148574,8
148575,9
148576,10
148577,1
148578,2
148579,3
148580,4
148581,1
148582,2
148583,3
148584,4
148585,5
148586,6
148587,7
148588,8
148590,1
148591,2
148592,3
148593,4
148594,5
148595,5
148602,6
148603,7
148605,1
148606,2
148607,3
148608,4
148609,1
148610,2
148611,3
148612,4
148613,5
148614,6
148615,7
148616,8
148617,9
148618,10
148619,11
148620,12
148621,13
148622,14
148623,15
151378,1
151380,2
151381,3
151382,4
151383,5
148651,1
148652,2
148653,3
148654,4
148655,5
148656,6
148657,7
148658,8
148659,9
148660,10
148678,1
148679,2
148681,1
148682,2
148752,5
148753,1
148758,1
148759,2
148760,3
148761,4
148762,1
148763,2
148764,3
148765,4
148766,5
148767,6
148770,1
148771,2
148772,3
148773,4
148774,5
148775,6
148776,7
148777,8
148778,9
148779,1
148780,2
148781,3
148782,4
148783,5
148784,6
148785,7
148786,8
148787,9
148788,10
148789,11
148790,12
148791,13
148792,14
148793,15
148794,16
148795,17
148796,18
148797,1
148798,2
148799,3
148800,4
148801,5
148802,6
148803,7
148805,1
148806,2
148807,1
148809,1
148810,2
148811,3
148812,4
148813,5
148814,6
148815,7
148820,1
148821,2
148822,3
148823,4
148825,1
148826,2
148827,3
148828,4
148846,10
148847,11
148848,12
148849,13
148850,14
148851,1
148852,2
148853,3
148854,4
148855,5
148856,6
148857,7
148858,8
148859,9
148860,10
148861,11
148862,12
148863,1
148865,2
148866,8
148867,9
148868,10
148869,11
148870,12
148871,13
148890,1
148891,2
148892,3
148893,4
148941,1
148943,1
148944,2
148945,3
148948,1
148949,1
148950,2
148951,3
148952,3
148953,4
148954,5
148956,6
148957,1
148958,2
148960,1
148961,2
148962,3
148964,1
148965,1
148966,1
148967,2
148968,1
148969,2
148970,3
148971,4
148972,5
148973,1
148974,2
148975,1
148976,2
148977,3
148978,4
148979,5
148980,6
148981,7
148984,8
148985,1
148986,2
148987,1
148988,2
148989,3
148990,4
148991,5
148992,6
148993,7
148994,8
148995,9
148996,10
148997,1
148998,1
148999,2
149000,3
149001,4
149002,5
149003,6
149004,7
149005,8
149006,9
149007,10
149008,11
149009,12
149010,13
149011,14
149013,1
149071,Pos. 1A
149072,Pos. 2C
149073,Pos. 3B
149074,Pos. 4D
149075,Pos. 5
149076,Pos. 6
149077,Pos. 7
149078,Pos. 8
149099,1
149100,2
149101,3
149102,4
149103,5
149104,6
149105,7
149109,1
149110,2
149111,3
149112,4
149116,7
149117,8
149118,9
149119,1
149121,1
149122,2
149123,3
149124,4
149125,5
149126,6
149127,7
149128,8
149129,9
149130,10
149131,11
149132,12
149133,13
149134,14
149135,15
149136,16
149137,17
149138,18
149139,2
149142,11
149143,1
149144,2
149145,3
149146,4
149147,5
149148,6
149149,7
149150,8
149151,9
149152,10
149153,11
149154,12
149155,13
149156,14
149157,15
149158,16
149159,17
149160,18
149161,19
149164,1.0
150656,1
150657,2
150658,1
150109,1.0
149193,10
149181,1.0
150112,1.0
149185,20.0
149238,1
149239,2
149240,3
149241,4
150661,172
153083,16
153084,1
149359,10
149360,20
149367,1
149368,1
149369,2
149370,3
149371,4
149372,5
149373,6
149374,7
149375,8
150119,1.0
151996,1
151997,2
149682,7.0 / 8.0
135215,7.0 / 8.0
150666,1
150667,2
151998,3
109238,002
150129,1.0
149702,4.0 + 5.0
149739,4.0 + 5.0
149726,2.0
146236,30.0
146237,30.1
153085,1
153086,2
150674,1
150675,2
150676,3
150677,4
153097,1
149774,POS 2
149775,POS 3
149776,POS 4
149777,POS 5
149778,POS 6
149779,POS 7
149780,POS 7 / 8
150678,5
150679,6
150680,7
150681,8
150682,9
150683,10
150684,11
150685,12
150686,13
150687,14
150688,15
150689,16
150690,17
151999,4
149802,Pos. 8.0
150173,1.0
150172,2.0
150715,1
150716,2
150717,3
150718,4
150719,5
150720,6
150721,7
150722,1
150723,2
150724,3
150725,4
146207,1.0
146208,2.0
146209,"3.0, 4.0, 5.0 6.0"
146210,5.5
153091,1
150205,1.0
150206,7.0
150207,4.0
150208,6.0
150209,7.0
150210,9.0
150211,10.0
150213,1.0
150217,3.0
149893,1.3
153095,6
151437,1.0
150262,2.0/3.0
150263,5.0
150265,1.0
150266,4.0
150267,6.0
150268,7.0
150269,9.0
150270,10.0
147903,1
151104,1
152001,1
151130,1
151131,2
151132,3
151133,4
150748,20
150749,21
150750,22
150751,23
150752,24
150753,25
150754,26
150755,27
150756,28
150757,29
150758,30
150759,31
150760,32
150761,33
150762,34
150763,35
150764,36
150765,37
150766,38
150767,39
150768,40
150769,41
150770,42
150771,43
150772,44
145221,1.0
145222,20.0
145219,1.0
145220,2.0
150773,45
150774,46
150775,47
150776,1
150777,2
151944,1
150344,Pos. 1.0
150345,2.0
150346,3.0
150347,2.0
150348,3.0
150361,1.2
151945,2
151946,3
151947,4
151466,1.0
151467,1.0
151639,3.0
151949,1
151950,2
151642,2.0
151465,1.0
151134,5
151135,6
149930,2.0
151138,1
153103,1
153104,2
153105,3
153106,4
151951,3
151952,4
151953,5
151954,6
151955,7
150457,1
150458,2
152147,80
151956,1
150469,1
150471,1
150472,2
150473,3
150479,1
150480,2
150481,3
150482,4
150483,5
150484,6
150485,7
150486,8
151957,2
152004,5
151711,1
151712,2
151713,3
151714,4
151715,5
151716,6
153107,1
150509,1
150510,2
150511,3
150512,4
150513,5
150514,6
150515,7
150516,8
150517,9
150518,10
150519,11
150520,12
150521,13
150522,14
150523,15
150524,16
150525,17
150526,18
150527,19
150528,20
150529,21
150530,22
150531,23
150899,1.0
150900,2.0
151719,1
151961,1
150868,1.0
151720,19
151962,2
150544,20
149987,30.2
151963,3
151964,4
150894,1
151965,5
152005,6
150596,2.0
152006,7
152014,7
152015,8
150895,2
150896,3
152148,140
150897,4
151725,1
151726,2
151727,3
151728,4
151729,5
151730,6
151731,7
151732,8
151733,9
151734,10
151735,11
150898,1
150090,1.0
150096,2.0
150097,3.0
150098,4.0
150099,5.0
150914,1
150915,2
150604,4.01
150599,1.0
151750,1.0
150916,3
150917,4
150918,5
150919,6
150920,7
150921,8
150922,9
150933,6.0
151517,1.0
151520,8
151521,1
151522,2
151518,12.0
151523,3
150009,1.0
150010,2.0
151208,Liste n°1
153108,1
153109,2
151227,30
151206,1.0
151215,1.0
150013,10.0
150015,20.0
151246,Pos. 6.0
150093,1.0 I 1.01
151524,1
151525,2
151526,3
151527,4
151528,5
151529,6
151530,7
151531,8
151532,9
151533,10
151211,1.0
151534,11
151535,12
151536,13
151537,14
151538,15
151539,16
151540,17
151541,18
151542,19
151543,20
151544,21
151545,22
151546,23
153110,3
151547,24
151548,25
151549,26
151550,27
151551,28
151552,29
146212,20
146215,5.0
146217,6.0
151764,6.0
153111,4
150023,1.0
151245,Pos. 5.0
151006,3.1
150990,4
153112,5
153113,6
151769,1
151770,2
151553,1
151554,2
151555,3
151556,4
151557,5
151558,6
151771,3
151772,4
151568,1
151569,2
153114,7
150065,10.0
151575,1
151576,2
151577,3
151578,4
151773,1
151774,2
151775,3
151776,4
151777,5
151778,6
151779,7
151780,8
151781,9
151782,10
151783,11
151784,12
151785,13
151786,14
151787,15
145213,2.0
153115,8
153116,9
151296,2.0
151299,5.0
151593,1.1 + 2.1
151594,3.0+4.0
152164,1
152165,5
152166,6
152167,2
152168,4
151797,2.0
147216,1.0
152183,15
151326,1
151327,2
151328,3
151332,1
151333,1
151334,2
151341,Pos. 1
151987,1
151988,2
151989,3
151990,4
151991,5
151992,6
151993,7
151994,10
151995,11
152000,7
152002,1
152003,2
152008,1
152009,2
152010,3
152011,4
152012,5
152013,6
152170,44
152172,2.0
152181,31
152204,1
152205,2
152206,3
152207,4
152208,5
151896,1
151897,2
152217,4.0
152218,9.0
152219,20
152020,1
152021,2
152022,3
152023,4
152024,5
152027,1.0
152029,1.0
152034,2.0
152212,1.0
148832,2.0
152075,1.0 / 5.0 / 7.0 / 8.0 / 11.0
152083,2.0 / 3.0 / 4.0
152084,2.0 / 6.0
152082,1.0
152085,4.0
152058,1.0
152093,3
152240,1.0
152239,14.0
151405,2.0
151406,3.0
151407,4.0
151408,5.0
151409,6.0
151410,7.0
151411,8.0
151414,9.0
151415,10.0
151417,11.0
151419,12.0
151420,13.0
152265,6.0
150870,1.0
152300,POS 1 & 2
152301,POS. 3
152302,POS. 4
152303,POS. 4
153146,3
153147,4
153148,5
152326,1
152327,2
152328,3
152329,4
152330,5
152394,1
152395,2
152396,3
152397,4
152398,5
152399,6
153149,6
152346,1
152347,2
152348,3
152349,4
152350,5
152351,6
152352,7
152353,8
152354,9
152355,10
152356,11
152357,12
152358,13
152359,14
152360,15
152331,1
152379,1.0
152382,1.0
152383,2.0 / 3.0
152386,1.0
152387,3.0
152361,16
152362,17
151217,6.0
151212,3.0
152388,16
152422,2.0
152156,360
152431,3.0
152435,2.0
152457,1.0
152510,2.1
152511,2.1.1
152505,1.0
152506,"2.0, 3.0 & 4.0"
152507,2.5 + 4.5
152574,5
152631,5.0
152575,POS. 1
152576,POS. 2
152577,POS. 3
152578,POS. 4
152579,POS. 5
152580,POS. 6
152581,POS. 7
152587,1.0
145208,1.2
145209,2.2
152701,1
152595,1.0
152596,20
152597,1
152598,2
152599,3
152715,1.0
152600,10
152601,2
152613,2.0
152636,POS. 2
152637,POS. 1
152720,1
152721,2
152722,3
152723,4
152724,5
152725,6
152640,1
152798,2.0
152801,1.0
152802,2.1
152796,1.0
152907,66.0
152912,65.0
152897,1
152898,2
152899,3
152900,4
152901,5
152902,6
152903,7
152910,67.0
152982,1
152983,2
152984,3
152985,6
152986,7
152987,8
152988,9
152989,4
152990,4a
152991,5
152992,5a
152993,10
152994,10a
150174,Pos. 6.0
152931,2.2
149910,"2.0, 3.0 & 4.0"
153281,1
153282,2
153183,1
153184,2
153295,1
153296,2
153297,3
153298,4
153299,5
153300,1
153301,2
153302,3
153303,4
153304,5
152641,Pos. 8.0
153288,1
153346,1.0
153185,1
153186,2
153187,3
153188,4
153189,5
153190,6
153191,7
153192,8
153193,9
153194,10
153195,11
153196,12
153197,13
153198,14
153199,15
153200,16
153201,17
153202,18
153203,19
153204,20
153207,1
153208,2
153209,3
153210,4
153211,5
153212,6
153213,7
153205,1
153206,2
153305,1.0
153309,1
153310,2
153311,3
153312,4
153313,5
153314,6
153315,7
153316,8
153307,1.0
153214,8
153215,9
153360,1.0
153355,1.0
153353,1.0
153263,1.0
153264,2.0
153428,4.0
153006,1.0
153273,2.0 + 3.0
153274,2.0
153275,2.1
